RFR Code	FDD Code
1ALAFAIL	A160106
1ALANOFL	A160105
1ALARMS	A090201
1ARCING	A0703
1AUDFAL	A090103
1CIRFAL	A1408
1CMPMIS	A020602
1COMPLS	A051207
1DEFECT	A0203
1DELDET	A150102
1DEVAPP	A0406
1DEVBRN	A1008
1DEVCUT	A050702
1DEVDAMC	A0406
1DEVFIR	A1007
1DEVNDT	A12
1DEVNOCO	A090402
1DEVNOCU	A050702
1DEVSHK	A071302
1DEVSMK	A1009
1DEVSUG	A24
1DEVUSE	A24
1EC11	A090201
1EC116	A090201
1EC12	A090201
1EC120	A090201
1EC121	A090201
1EC124	A090201
1EC125	A090201
1EC14	A090201
1EC148	A090201
1EC15	A090201
1EC150	A090201
1EC154	A090201
1EC156	A090201
1EC158	A090201
1EC159	A090201
1EC160	A090201
1EC162	A090201
1EC163	A090201
1EC164	A090201
1EC166	A090201
1EC167	A090201
1EC168	A090201
1EC169	A090201
1EC170	A090201
1EC18	A090201
1EC180	A090201
1EC181	A090201
1EC183	A090201
1EC185	A090201
1EC187	A090201
1EC19	A090201
1EC191	A090201
1EC192	A090201
1EC193	A090201
1EC194	A090201
1EC195	A090201
1EC198	A090201
1EC199	A090201
1EC2	A090201
1EC20	A090201
1EC200	A090201
1EC202	A090201
1EC213	A090201
1EC216	A090201
1EC217	A090201
1EC219	A090201
1EC224	A090201
1EC225	A090201
1EC226	A090201
1EC227	A090201
1EC228	A090201
1EC23	A090201
1EC230	A090201
1EC232	A090201
1EC233	A090201
1EC235	A090201
1EC238	A090201
1EC239	A090201
1EC24	A090201
1EC240	A090201
1EC245	A090201
1EC248	A090201
1EC251	A090201
1EC257	A090201
1EC258	A090201
1EC260	A090201
1EC263	A090201
1EC266	A090201
1EC267	A090201
1EC27	A090201
1EC274	A090201
1EC275	A090201
1EC276	A090201
1EC277	A090201
1EC28	A090201
1EC280	A090201
1EC281	A090201
1EC283	A090201
1EC284	A090201
1EC287	A090201
1EC288	A090201
1EC289	A090201
1EC3	A090201
1EC300	A090201
1EC301	A090201
1EC302	A090201
1EC303	A090201
1EC304	A090201
1EC305	A090201
1EC306	A090201
1EC307	A090201
1EC309	A090201
1EC310	A090201
1EC312	A090201
1EC313	A090201
1EC314	A090201
1EC315	A090201
1EC317	A090201
1EC318	A090201
1EC324	A090201
1EC33	A090201
1EC331	A090201
1EC336	A090201
1EC340	A090201
1EC342	A090201
1EC350	A090201
1EC354	A090201
1EC374	A090201
1EC451	A090201
1EC50	A090201
1EC500	A090201
1EC512	A090201
1EC60	A090201
1EC65	A090201
1EC66	A090201
1EC7	A090201
1EC8	A090201
1EC81	A090201
1EC88	A090201
1EC9	A090201
1EC90	A090201
1EC93	A090201
1ELEINT	A0720
1ERRCON	A090201
1FALNEG	A090803
1FALPOS	A090804
1HEATEX	A1005
1INADAC	A070804
1LABINC	A0205
1LABMIS	A020502
1LEAKSS	A0504
1LOTNONE	A2101
1LTCHON	A071801
1ORFIRE	A1007
1ORFRBR	A1007
1OUTHIG	A0904
1OUTINT	A0904
1OUTLOW	A0904
1SCRDAM	A0401
1SFTWRIS	A11
1SLFACT	A150104
1SLFCHG	A0904
1SMELL	A0301
1TEMPUN	A10
1UNITFAL	A13
1UNITIND	A090206
1UNITNONRPTP	A070803
1UNITSLFT	A0801
2ALARMS	A090201
2CMPMIS	A020602
2COMPLS	A051207
2CONTAM	A1801
2CORDFD	A04
2DAMSTR	A18
2DEFECT	A0203
2DEVACT	A050501
2DEVAPP	A0406
2DEVBKDA	A0401
2DEVBKP	A0204
2DEVBRN	A1008
2DEVCTS	A020503
2DEVCUT	A050702
2DEVDACT	A150102
2DEVDAM	A0207
2DEVDASY	A2201
2DEVDCL	A051104
2DEVDOP	A051104
2DEVDREM	A150207
2DEVLKTS	A150208
2DEVNDT	A12
2DEVNOCO	A090402
2DEVNOCU	A050702
2DEVNOI	A0508
2DEVRTB	A090407
2DEVRTS	A090407
2DEVSMK	A1009
2DEVSTIS	A150208
2DEVSUG	A24
2DEVUSE	A24
2HAIR	A180104
2HEATEX	A1005
2IFPTU	A0204
2INADAC	A070804
2INSULD	A040506
2JAWSMAL	A050701
2KNFBDR	A0510
2KNFBRK	A0401
2KNFDNA	A05
2KNFEXP	A16
2LABINC	A0205
2LABMIS	A020502
2LEAKSS	A0504
2LOTNONE	A2101
2LTCHON	A071801
2ORFIRE	A1007
2ORFRBR	A1007
2OUTNONE	A090402
2PATMAT	A180104
2PKGDAM	A0205
2PKGDEF	A0205
2PKGDIF	A020501
2PKGEMP	A020602
2PKGFROJ	A180104
2PKGINC	A0205
2PKGINQT	A02
2PKGOPEN	A030205
2SCRDAM	A0401
2SCRDIS	A090204
2SCRNOPW	A090206
2SLFACT	A150104
2STRQUE	A020701
2TEMPUN	A10
2VLMODE	A07
2WBPNSP	A0411
2WBPSHP	A0411
2WIRBKN	A0401
2WIREEXP	A191002
2WIRELOP	A0411
3ALARMS	A090201
3ARCING	A0703
3CMPMIS	A020602
3COMPLS	A051207
3CONTAM	A1801
3CORDFD	A04
3DAMSTR	A18
3DEFECT	A0203
3DEVACT	A050501
3DEVAPP	A0406
3DEVBKP	A0204
3DEVBRN	A1008
3DEVCTS	A020503
3DEVCUT	A050702
3DEVDACT	A150102
3DEVDAM	A0207
3DEVDASY	A2201
3DEVFIR	A1007
3DEVMEL	A040610
3DEVMIS	A0206
3DEVNDT	A12
3DEVNOCO	A090402
3DEVNOCU	A050702
3DEVNOI	A0508
3DEVSHK	A071302
3DEVSUG	A24
3DEVUSE	A24
3HEATEX	A1005
3IFPTU	A0204
3INADAC	A070804
3INSULD	A040506
3JAWSMAL	A050701
3LABINC	A0205
3LABMIS	A020502
3LEAKSS	A0504
3LOTNONE	A2101
3LTCHON	A071801
3ORFIRE	A1007
3ORFRBR	A1007
3OUTNONE	A090402
3PATMAT	A180104
3PKGDAM	A0205
3PKGDEF	A0205
3PKGDIF	A051201
3PKGEMP	A020602
3PKGFROJ	A180104
3PKGINC	A0205
3PKGINQT	A02
3PKGOPEN	A020503
3SLFACT	A150104
3SMELL	A0301
3STRQUE	A020701
3SUCNONE	A1413
3UNITSLFT	A0801
3VLMODE	A07
3WIREEXP	A040506
4ALARMS	A090201
4CMPMIS	A020602
4CONTAM	A1801
4CORDFD	A04
4DEFECT	A0203
4DEVACT	A050501
4DEVAPP	A0406
4DEVBRN	A1008
4DEVCTS	A020503
4DEVDACT	A150102
4DEVDAM	A0207
4DEVFIR	A1007
4DEVMIS	A0206
4DEVNDT	A12
4DEVSHK	A071302
4DEVSMK	A1009
4DEVSUG	A24
4DEVUSE	A24
4DISCOL	A0407
4HAIR	A180104
4HEATEX	A1005
4IFPTU	A0204
4LABINC	A0205
4LABMIS	A020502
4LOTNONE	A2101
4LTCHON	A071801
4ORFIRE	A1007
4ORFRBR	A1007
4PADADAG	A150207
4PADGLDS	A0407
4PADGLSP	A150207
4PADGLST	A150207
4PADGLVD	A0407
4PATMAT	A180104
4PKGDAM	A0205
4PKGDEF	A0205
4PKGDIF	A020501
4PKGEMP	A020602
4PKGFROJ	A180104
4PKGINC	A0205
4PKGINQT	A02
4PKGOPEN	A020503
4SLFACT	A150104
4SMELL	A0301
4STRQUE	A020701
4WIREEXP	A040506
5ALARMS	A090201
5AUDFAL	A090103
5BATCHG	A070603
5BATDAM	A040502
5CHGBAT	A0706
5CHGDAM	A04
5CHGERR	A070603
5CMPMIS	A020602
5COMPLS	A051207
5CONTAM	A1801
5DAMSTR	A18
5DEFECT	A0203
5DEVACT	A050501
5DEVAPP	A0406
5DEVBKDA	A0401
5DEVBKP	A0204
5DEVBRN	A1008
5DEVCTS	A020503
5DEVCUT	A050702
5DEVDACT	A150102
5DEVDAM	A0207
5DEVDASY	A2201
5DEVDCL	A051104
5DEVDREM	A150207
5DEVDSSY	A2201
5DEVNOI	A0508
5DEVSMK	A1009
5DEVSUG	A24
5DEVUSE	A24
5HAIR	A180104
5HEATEX	A1005
5IFPTU	A0204
5INSULD	A040506
5JAWDMGE	A0401
5JAWSMAL	A050701
5LABINC	A0205
5LABMIS	A020502
5LOTNONE	A2101
5LTCHON	A071801
5ORFIRE	A1007
5ORFRBR	A1007
5PATMAT	A180104
5PKGDAM	A0205
5PKGDEF	A0205
5PKGDIF	A020501
5PKGEMP	A020602
5PKGFROJ	A180104
5PKGINC	A0205
5PKGINQT	A02
5PKGOPEN	A020503
5STRQUE	A020701
5UNITIND	A090206
5UNITNONRPTP	A070803
6ALARMS	A090201
6CIRFAL	A1408
6CMPMIS	A020602
6COMPLS	A051207
6CONNISS	A12
6CONTAM	A1801
6CORDFD	A04
6DEFECT	A0203
6DEVACT	A050501
6DEVAPP	A0406
6DEVBKDA	A0401
6DEVBKP	A0204
6DEVBRN	A1008
6DEVCTS	A020503
6DEVDAM	A0207
6DEVDASY	A2201
6DEVMIS	A0206
6DEVNDT	A12
6DEVSUG	A24
6DEVUSE	A24
6HAIR	A180104
6HEATEX	A1005
6INSULD	A040506
6LABINC	A0205
6LABMIS	A020502
6LEAKSS	A0504
6LOTNONE	A2101
6NDLDAM	A0401
6ORFIRE	A1007
6ORFRBR	A1007
6OUTNONE	A090402
6PATMAT	A180104
6PKGDAM	A0205
6PKGDEF	A0205
6PKGDIF	A020501
6PKGEMP	A020602
6PKGFROJ	A180104
6PKGINC	A0205
6PKGINQT	A02
6PKGOPEN	A020503
6STRQUE	A020701
6SUCNONE	A1407
6TEMPUN	A10
8ALARMS	A090201
8CMPMIS	A020602
8COMPLS	A051207
8CONTAM	A1801
8DEFECT	A0203
8DELDET	A150102
8DEVACT	A050501
8DEVAPP	A0406
8DEVBKP	A0204
8DEVBRN	A1008
8DEVCTS	A020503
8DEVDAM	A0207
8DEVNDT	A12
8DEVSUG	A24
8DEVUSE	A24
8DISCOL	A0407
8FALNEG	A090803
8FALPOS	A090804
8FRAYED	A040605
8HAIR	A180104
8HEATEX	A1005
8IFPTU	A0204
8LABINC	A0205
8LABMIS	A020502
8LINTNG	A030205
8LOTNONE	A2101
8ORFIRE	A1007
8ORFRBR	A1007
8PATMAT	A180104
8PKGDAM	A0205
8PKGDEF	A0205
8PKGDIF	A020501
8PKGEMP	A020602
8PKGFROJ	A180104
8PKGINC	A0205
8PKGINQT	A02
8PKGOPEN	A020503
8STRQUE	A020701
8TEXTISS	A0201
AASEUNRTRN	A26
AASNOREPT	A26
AASNOTCOM	A26
ABSLOW	A0101
ABSORP	A0101
ACADISSUE	A0902
ACCBRK	A1502
ACENT	A16
ACOH	A1002
ACRORT	A051202
ADHIMP	A040102
ADPDNC	A08
ADPTNR	A090201
ADPTSR	A08
ADPYSL	A090201
ANCINS	A05
ANCTBB	A0401
ANTLPR	A050701
ANVBKN	A0401
ANVBNT	A040609
ANVDNT	A150207
ANVDSG	A0501
ANVDTA	A040102
ANVDTG	A22
ANVDTU	A22
ANVTDS	A0501
ARJBKN	A0401
ARMIDE	A090201
ARTACT	A15
ARTDSG	A0501
ARTINS	A0509
ARTLLS	A0507
ARTNSM	A0507
ARTSTRDF	A051206
ATWANV	A230501
AUDIOFAIL	A090103
AUTCLV	A18
AV21	A090202
BACHDNW	A070603
BAGDET	A0501
BAGSEP	A0413
BAGTRN	A0414
BALLDIS	A0501
BALLEK	A050402
BALSEP	A0501
BALWND	A1401
BALWNI	A1406
BATBKN	A0401
BATDNW	A0705
BATLEAK	A040502
BATNCH	A0706
BATNOCHG	A070603
BATTDR	A0401
BATTHR	A0705
BBRSIN	A180301
BC08	A0504
BC1CORDFD	A04
BC1DEVACT	A050501
BC1DEVNOI	A0508
BC1EC16	A090201
BC1EC161	A090201
BC1EC165	A090201
BC1EC17	A090201
BC1EC196	A090201
BC1EC197	A090201
BC1EC212	A090201
BC1EC214	A090201
BC1EC215	A090201
BC1EC261	A090201
BC1EC339	A090201
BC1ERRCOD	A090201
BC1OUTNONE	A090402
BC1OUTSPC	A09
BC1PRTISS	A12
BC1RBTCND	A160503
BC1SCRDIS	A090204
BC1SCRNOPW	A090206
BC24	A0401
BC31	A020701
BC3DEVSMK	A1009
BC3HAIR	A180104
BC8DEVDACT	A150102
BCKUPP	A191001
BCWC60	A0202
BFSTPL	A0505
BGRDSG	A0501
BKNFIN	A0401
BKNSHW	A0401
BLLNBK	A0401
BLLNDT	A0406
BLLNWH	A0414
BLNDEF	A1401
BLNDIP	A0204
BLSDAM	A020504
BLVAIN	A150202
BTDREM	A150207
BURNP	A1002
BURNU	A1002
BUTBKN	A0414
BUTTON	A090302
CABLE	A070801
CALDNS	A08
CALIER	A0801
CALSLW	A08
CANBKN	A0401
CAPACT	A050401
CAPBKN	A0401
CAPCPL	A072101
CAPDSG	A0501
CAPEOH	A1002
CARTNR	A1301
CATBLK	A140902
CATDAM	A0401
CATLEK	A0504
CAUTNL	A0507
CDCNRT	A0501
CDCRTV	A0501
CEED	A051205
CEXEMF	A1701
CFIRE	A051205
CFTBKN	A0401
CHBAER	A090201
CHGRED	A070603
CLBWND	A051104
CLCINC	A020602
CLIPD	A150102
CLNCAP	A180301
CLPBKN	A0401
CLPCOV	A0501
CLPDNF	A050501
CLPDNL	A0507
CLPFLF	A051203
CLPFLP	A051203
CLPFRM	A05
CLPNLP	A0507
CLPRLS	A050501
CLPSCZ	A0406
CLPSEP	A0501
CLPSLP	A051204
CLPSPT	A05
CLVDAM	A0401
CMDROF	A051203
CMDROP	A051203
CMDROR	A051203
CMPBIO	A010101
CMPDIC	A0501
CMPDIS	A0501
CNDTHB	A0501
CNDTIN	A150301
COLEEI	A1801
COLLFS	A051205
CORDAM	A0406
CORRST	A040502
CP03	A0504
CP07	A2305
CP13	A020701
CP17	A1203
CP18	A1203
CP21	A1801
CP22	A0504
CPMALAUD	A1601
CPMASSMB	A2201
CPMBTELBT	A0705
CPMBTELFCH	A0706
CPMCNCMT	A13
CPMCNLIC	A1205
CPMCOA	A16
CPMCOSDM	A0415
CPMCUSFB	A27
CPMCYBSEC	A1105
CPMDALK	A050402
CPMDDAM	A051203
CPMDELPR	A1411
CPMDESW	A1102
CPMDEVDC	A1203
CPMDEVHOT	A10
CPMDFDAT	A2302
CPMDFDSI	A0719
CPMDFFM	A18
CPMDFPO	A0718
CPMDIOTER	A090206
CPMDPKG	A02
CPMDPSWF	A07
CPMDVCON	A1206
CPMDWINF	A1406
CPMELSHK	A071302
CPMMEDAT	A1107
CPMNALRM	A160102
CPMNOI	A1901
CPMPOWL	A191002
CPMPZELPS	A070803
CPMSWDRS	A1108
CPMSWRST	A1605
CPMTCHIVS	A0201
CPMTPBRN	A1009
CPMTUBBL	A1409
CPMWDEF	A1401
CS39	A0504
CS41	A0404
CS46	A020701
CSERSC	A090201
CT14	A0504
CT24	A0401
CT25	A2305
CT27	A020701
CT28	A0504
CT29	A1203
CT32	A1203
CT35	A1203
CT37	A1203
CTGBKN	A0401
CTGDSG	A0501
CTHBKN	A0401
CTRDIS	A0501
CTRDRP	A090204
CTRIDX	A0902
CTRYCR	A090201
CUSFED	A25
CUTRIP	A2305
CUTSGI	A051102
CYBERA	A1105
DAMAGE	A01
DATALT	A12
DBLIDX	A0902
DCERROR	A02
DEADRA	A070801
DEFECT	A0203
DEFECTIVE	A020102
DEPLOY	A15
DEVBRN	A1008
DEVNTO	A070803
DEVPWF	A0708
DEVUSE	A23
DFAADP	A1701
DFINPH	A150206
DFINPT	A150206
DFOPKG	A020501
DFRADP	A150207
DGRDNW	A0902
DIFAPX	A051204
DIFART	A1502
DIFASY	A2201
DIFCBV	A22
DIFCLS	A1502
DIFCSL	A051104
DIFDAS	A2201
DIFDEP	A2203
DIFDES	A22
DIFFERELPRO	A0503
DIFFIR	A0505
DIFGRP	A150206
DIFHPA	A050701
DIFIBY	A150206
DIFIIN	A150206
DIFINJ	A14
DIFINS	A22
DIFISCO	A150206
DIFLCK	A22
DIFLOD	A1701
DIFOPN	A051104
DIFPEN	A150203
DIFPKG	A020501
DIFPOS	A1502
DIFPPN	A22
DIFRCV	A150207
DIFREM	A150207
DIFRFP	A150207
DIFRKB	A0510
DIFRTC	A150207
DIFSAF	A22
DIFSTG	A22
DIFTGL	A22
DIFUNL	A22
DIREST	A150207
DISCRK	A0603
DISPFL	A090206
DISSHO	A090206
DMPHHS	A0401
DNCALB	A0801
DNINMS	A050502
DRAPE	A1701
DRAPEW	A1701
DRPCINTRAOP	A23
DRPCLP	A0401
DRPCPREOP	A23
DRPJM	A1701
DRPSLP	A1701
DRPTRN	A0414
DSPIRG	A0902
DSPLAY	A090202
DSUINI	A21
DTAIDA	A1701
DTERRMES	A090201
DTLOOP	A051104
DTRNS	A21
E2991EP	A07
E2991MZMPR	A0411
E2991MZPL	A040506
E2992MZPL	A040506
E2993MZPL	A040506
E2994MZPL	A040506
E2995MZPL	A040506
E2996MZPL	A040506
E2997MZPL	A040506
E2998MZPL	A040506
E2999MZPL	A040506
E3000MZPL	A040506
E3505INSDAM	A040506
EA03	A0504
EA22	A090208
EA34	A020701
EA49	A090204
EA51	A090803
EA52	A050401
EA55	A090804
EABLHA1IFNF	A1408
EABLHA1MZPL	A040506
EABLHA1TP	A10
EABLHGNTP	A10
EABLHMZBK	A0401
EABLHNEMZMTW	A040609
EABLHTP	A10
EBIMC	A05
EBIMZMTW	A040609
ECBFCB	A0801
ECDMZ	A04
ECECN	A12
ECGOH	A1002
ECHDEO	A0301
ECNLIC	A1205
ECTHRP	A0714
ECTHRU	A0714
ED3CN	A12
ED3DSCTM	A1802
ED3HDDSP	A2201
ED3IUNAI	A210103
ED3MCDTC	A0501
ED3MSDMS	A0206
ED3MZBK	A0401
ED3MZMDF	A0406
ED3MZMTW	A040609
ED3NN	A24
ED3OTIEO	A090403
ED3OTOEINR	A090402
EDCMCDTC	A0501
EDCMSCS	A020602
EDCMSDPU	A0207
EDCMZDAM	A0401
EDCMZDMG	A0401
EDCNA	A25
EDDRESP	A150102
EDIFOPN	A051104
EDPDFR	A150207
EDPSACT	A150104
EDRAP	A27
EDSCTM	A1802
EDSDCI	A1803
EELDRA	A071801
EELECTDAM	A0501
EELEISS	A07
EELEMC	A0720
EELEVISDIS	A0902
EELEVISLIT	A06
EEPAC	A0703
EEPFP	A070803
EEPISHK	A071302
EEPUE	A070804
EESACCHCDI	A030202
EESACDPDFR	A150207
EESACDPPSEP	A150303
EESACEP	A07
EESACGLDPDFR	A150207
EESACGLMZMD	A0407
EESACMZMD	A0407
EESACMZMDF	A0406
EESACMZPL	A040506
EESACPDDPDFR	A150207
EESHWBRNSM	A1009
EESHWCBFCB	A0801
EESHWCM	A13
EESHWCN	A12
EESHWCNMOP	A12
EESHWCNREM	A12
EESHWDPSACT	A150104
EESHWECEPP	A1910
EESHWELES	A072102
EESHWEPFCH	A070603
EESHWEPFP	A070803
EESHWFSOTOEI	A0904
EESHWGNOTOEI	A0904
EESHWMCFLK	A050401
EESHWMCFLN	A050701
EESHWMSDFC	A0207
EESHWOT	A0904
EESHWOTE279	A090201
EESHWOTEC1	A090201
EESHWOTEC10	A090201
EESHWOTEC100	A090201
EESHWOTEC102	A090201
EESHWOTEC103	A090201
EESHWOTEC104	A090201
EESHWOTEC105	A090201
EESHWOTEC106	A090201
EESHWOTEC11	A090201
EESHWOTEC111	A090201
EESHWOTEC112	A090201
EESHWOTEC114	A090201
EESHWOTEC115	A090201
EESHWOTEC116	A090201
EESHWOTEC117	A090201
EESHWOTEC12	A090201
EESHWOTEC120	A090201
EESHWOTEC121	A090201
EESHWOTEC122	A090201
EESHWOTEC124	A090201
EESHWOTEC125	A090201
EESHWOTEC126	A090201
EESHWOTEC129	A090201
EESHWOTEC13	A090201
EESHWOTEC132	A090201
EESHWOTEC135	A090201
EESHWOTEC136	A090201
EESHWOTEC14	A090201
EESHWOTEC140	A090201
EESHWOTEC148	A090201
EESHWOTEC15	A090201
EESHWOTEC150	A090201
EESHWOTEC151	A090201
EESHWOTEC153	A090201
EESHWOTEC154	A090201
EESHWOTEC155	A090201
EESHWOTEC156	A090201
EESHWOTEC157	A090201
EESHWOTEC158	A090201
EESHWOTEC159	A090201
EESHWOTEC16	A090201
EESHWOTEC160	A090201
EESHWOTEC161	A090201
EESHWOTEC162	A090201
EESHWOTEC163	A090201
EESHWOTEC164	A090201
EESHWOTEC165	A090201
EESHWOTEC166	A090201
EESHWOTEC167	A090201
EESHWOTEC168	A090201
EESHWOTEC169	A090201
EESHWOTEC17	A090201
EESHWOTEC170	A090201
EESHWOTEC171	A090201
EESHWOTEC175	A090201
EESHWOTEC179	A090201
EESHWOTEC18	A090201
EESHWOTEC180	A090201
EESHWOTEC181	A090201
EESHWOTEC182	A090201
EESHWOTEC183	A090201
EESHWOTEC184	A090201
EESHWOTEC185	A090201
EESHWOTEC187	A090201
EESHWOTEC188	A090201
EESHWOTEC189	A090201
EESHWOTEC19	A090201
EESHWOTEC190	A090201
EESHWOTEC191	A090201
EESHWOTEC192	A090201
EESHWOTEC193	A090201
EESHWOTEC194	A090201
EESHWOTEC195	A090201
EESHWOTEC196	A090201
EESHWOTEC197	A090201
EESHWOTEC198	A090201
EESHWOTEC199	A090201
EESHWOTEC2	A090201
EESHWOTEC20	A090201
EESHWOTEC200	A090201
EESHWOTEC201	A090201
EESHWOTEC202	A090201
EESHWOTEC203	A090201
EESHWOTEC204	A090201
EESHWOTEC205	A090201
EESHWOTEC206	A090201
EESHWOTEC21	A090201
EESHWOTEC211	A090201
EESHWOTEC212	A090201
EESHWOTEC213	A090201
EESHWOTEC214	A090201
EESHWOTEC215	A090201
EESHWOTEC216	A090201
EESHWOTEC217	A090201
EESHWOTEC218	A090201
EESHWOTEC219	A090201
EESHWOTEC22	A090201
EESHWOTEC222	A090201
EESHWOTEC223	A090201
EESHWOTEC224	A090201
EESHWOTEC225	A090201
EESHWOTEC226	A090201
EESHWOTEC227	A090201
EESHWOTEC228	A090201
EESHWOTEC229	A090201
EESHWOTEC23	A090201
EESHWOTEC230	A090201
EESHWOTEC231	A090201
EESHWOTEC232	A090201
EESHWOTEC233	A090201
EESHWOTEC234	A090201
EESHWOTEC235	A090201
EESHWOTEC236	A090201
EESHWOTEC238	A090201
EESHWOTEC239	A090201
EESHWOTEC24	A090201
EESHWOTEC240	A090201
EESHWOTEC241	A090201
EESHWOTEC242	A090201
EESHWOTEC245	A090201
EESHWOTEC247	A090201
EESHWOTEC248	A090201
EESHWOTEC25	A090201
EESHWOTEC251	A090201
EESHWOTEC252	A090201
EESHWOTEC254	A090201
EESHWOTEC255	A090201
EESHWOTEC257	A090201
EESHWOTEC258	A090201
EESHWOTEC259	A090201
EESHWOTEC26	A090201
EESHWOTEC260	A090201
EESHWOTEC261	A090201
EESHWOTEC262	A090201
EESHWOTEC263	A090201
EESHWOTEC265	A090201
EESHWOTEC266	A090201
EESHWOTEC267	A090201
EESHWOTEC268	A090201
EESHWOTEC27	A090201
EESHWOTEC270	A090201
EESHWOTEC272	A090201
EESHWOTEC273	A090201
EESHWOTEC274	A090201
EESHWOTEC275	A090201
EESHWOTEC276	A090201
EESHWOTEC277	A090201
EESHWOTEC278	A090201
EESHWOTEC28	A090201
EESHWOTEC280	A090201
EESHWOTEC281	A090201
EESHWOTEC283	A090201
EESHWOTEC284	A090201
EESHWOTEC285	A090201
EESHWOTEC287	A090201
EESHWOTEC288	A090201
EESHWOTEC289	A090201
EESHWOTEC291	A090201
EESHWOTEC292	A090201
EESHWOTEC293	A090201
EESHWOTEC294	A090201
EESHWOTEC297	A090201
EESHWOTEC298	A090201
EESHWOTEC299	A090201
EESHWOTEC3	A090201
EESHWOTEC30	A090201
EESHWOTEC300	A090201
EESHWOTEC301	A090201
EESHWOTEC302	A090201
EESHWOTEC303	A090201
EESHWOTEC304	A090201
EESHWOTEC305	A090201
EESHWOTEC306	A090201
EESHWOTEC308	A090201
EESHWOTEC309	A090201
EESHWOTEC31	A090201
EESHWOTEC310	A090201
EESHWOTEC311	A090201
EESHWOTEC312	A090201
EESHWOTEC313	A090201
EESHWOTEC314	A090201
EESHWOTEC315	A090201
EESHWOTEC316	A090201
EESHWOTEC317	A090201
EESHWOTEC318	A090201
EESHWOTEC319	A090201
EESHWOTEC32	A090201
EESHWOTEC320	A090201
EESHWOTEC322	A090201
EESHWOTEC323	A090201
EESHWOTEC324	A090201
EESHWOTEC325	A090201
EESHWOTEC326	A090201
EESHWOTEC328	A090201
EESHWOTEC33	A090201
EESHWOTEC330	A090201
EESHWOTEC331	A090201
EESHWOTEC332	A090201
EESHWOTEC333	A090201
EESHWOTEC334	A090201
EESHWOTEC336	A090201
EESHWOTEC339	A090201
EESHWOTEC340	A090201
EESHWOTEC341	A090201
EESHWOTEC342	A090201
EESHWOTEC343	A090201
EESHWOTEC344	A090201
EESHWOTEC345	A090201
EESHWOTEC346	A090201
EESHWOTEC347	A090201
EESHWOTEC350	A090201
EESHWOTEC351	A090201
EESHWOTEC353	A090201
EESHWOTEC354	A090201
EESHWOTEC356	A090201
EESHWOTEC357	A090201
EESHWOTEC36	A090201
EESHWOTEC360	A090201
EESHWOTEC365	A090201
EESHWOTEC366	A090201
EESHWOTEC37	A090201
EESHWOTEC374	A090201
EESHWOTEC382	A090201
EESHWOTEC397	A090201
EESHWOTEC399	A090201
EESHWOTEC4	A090201
EESHWOTEC40	A090201
EESHWOTEC400	A090201
EESHWOTEC402	A090201
EESHWOTEC403	A090201
EESHWOTEC404	A090201
EESHWOTEC405	A090201
EESHWOTEC407	A090201
EESHWOTEC408	A090201
EESHWOTEC411	A090201
EESHWOTEC412	A090201
EESHWOTEC413	A090201
EESHWOTEC414	A090201
EESHWOTEC415	A090201
EESHWOTEC416	A090201
EESHWOTEC419	A090201
EESHWOTEC420	A090201
EESHWOTEC421	A090201
EESHWOTEC425	A090201
EESHWOTEC431	A090201
EESHWOTEC435	A090201
EESHWOTEC436	A090201
EESHWOTEC45	A090201
EESHWOTEC451	A090201
EESHWOTEC48	A090201
EESHWOTEC493	A090201
EESHWOTEC5	A090201
EESHWOTEC50	A090201
EESHWOTEC500	A090201
EESHWOTEC504	A090201
EESHWOTEC512	A090201
EESHWOTEC518	A090201
EESHWOTEC529	A090201
EESHWOTEC534	A090201
EESHWOTEC54	A090201
EESHWOTEC6	A090201
EESHWOTEC60	A090201
EESHWOTEC61	A090201
EESHWOTEC613	A090201
EESHWOTEC617	A090201
EESHWOTEC64	A090201
EESHWOTEC65	A090201
EESHWOTEC66	A090201
EESHWOTEC67	A090201
EESHWOTEC7	A090201
EESHWOTEC70	A090201
EESHWOTEC71	A090201
EESHWOTEC775	A090201
EESHWOTEC8	A090201
EESHWOTEC80	A090201
EESHWOTEC81	A090201
EESHWOTEC83	A090201
EESHWOTEC86	A090201
EESHWOTEC860	A090201
EESHWOTEC88	A090201
EESHWOTEC888	A090201
EESHWOTEC9	A090201
EESHWOTEC90	A090201
EESHWOTEC91	A090201
EESHWOTEC92	A090201
EESHWOTEC93	A090201
EESHWOTEC94	A090201
EESHWOTEC948	A090201
EESHWOTEC95	A090201
EESHWOTEC96	A090201
EESHWOTEC97	A090201
EESHWOTECUNK	A090201
EESHWOTESI	A090401
EESHWOTFDE	A090402
EESHWOTHR	A090807
EESHWOTIEO	A090403
EESHWOTOEI	A0904
EESHWOTUNK	A090201
EESHWPOCN	A12
EESHWPOOTOEI	A0904
EESHWUDMMR	A230502
EESHWUNOTOEI	A0904
EF29	A0504
EF42	A0401
EF59	A2305
EF60	A160102
EF82	A2305
EF90	A0301
EGYNCLOG	A141303
EGYNCOT	A150208
EGYNFLU	A090805
EGYNID3CBFCB	A0801
EGYNID3CHDEO	A0301
EGYNID3DP	A1502
EGYNID3DPDFR	A150207
EGYNID3DPDI	A150206
EGYNID3DPDP	A150203
EGYNID3IFFIG	A140803
EGYNID3IUEDE	A210101
EGYNID3MCDOC	A051104
EGYNID3MCMJ	A0506
EGYNID3MCMKA	A0507
EGYNID3MCVB	A051208
EGYNID3MZFL	A040505
EGYNID3MZMPR	A0411
EGYNID3MZMTF	A040103
EGYNID3OTNDF	A0902
EGYNIDCPMFS	A1602
EGYNIDPDACT	A150102
EGYNIESDPDI	A150206
EGYNIFLOR	A0605
EGYNIH1MZBK	A0401
EGYNILGDP	A1502
EGYNILNMZBK	A0401
EGYNIMZMDF	A0406
EGYNIMZOPAQ	A0409
EGYNISFHDDSP	A2201
EGYNISFMZBK	A0401
EGYNISHD	A0406
EGYNISKMZBK	A0401
EGYNITUI2MDI	A2001
EGYNITUMZBK	A0401
EGYNLEV	A0509
EGYNOSFAIL	A0506
EGYNPRM	A141401
EGYNSCT	A1413
EGYNSKP	A051206
EGYNVAC	A141303
EHDDSP	A2201
EIFDFA	A140504
EIFSU	A1413
EIUEDE	A210101
EKNMZBK	A0401
EKNPM	A16
EL03	A050403
EL18	A0904
EL21	A1006
EL23	A0712
EL25	A0407
EL28	A070101
EL30	A050403
EL31	A050403
ELAIUDMGL	A210102
ELAMSCS	A020602
ELGVSDP	A15
ELGVSDPSTK	A1503
ELGVSJWOTOEI	A0904
ELGVSMC	A05
ELGVSMCDOC	A051104
ELGVSMCUIC	A051205
ELGVSMZBK	A0401
ELGVSOTOEI	A0904
ELSOH	A1002
EMCDOC	A051104
EMCDTC	A0501
EMCFF	A050501
EMCFLN	A050701
EMCLK	A0504
EMCNA	A0508
EMCRTC	A0510
EMCSUCO	A071801
EMCSUIN	A1413
EMISPRT	A020602
EMRACE	A1502
EMRDRP	A1701
EMRGEN	A1502
EMRIDU	A1502
EMSCM	A020601
EMSDMS	A0206
EMSDOR	A020501
EMSDUS	A020701
EMSDVI	A0207
EMSINCP	A0205
EMSTPK	A020504
EMSUDP	A020503
EMXUSR	A160602
EMZBK	A0401
EMZMDF	A0406
EMZML	A040610
EMZMS	A0413
EMZMTF	A040103
EMZMTW	A040609
EMZPL	A040506
ENDONM	A1501
ENN	A25
ENNBRN	A24
EOFCBL	A041001
EOTIE	A090204
EOTNVP	A090103
EOTOEI	A0904
EP1MSCS	A020602
EP1MSDUS	A020701
EP1MSINCP	A0205
EPCDSG	A0501
EPDHDPDI	A0101
EPMDAS	A1601
EPMFDS	A1603
EPMUEXR	A160503
EPOCN	A12
EPRAE	A24
ERFSACNLIC	A1205
ERFSAMSPDQ	A0201
ERFSAMZMFR	A040605
ERFSAMZMTF	A040103
ERFSAMZSM	A0415
ERFSAOT	A090201
ERFSAOTECUNK	A090201
ERFSAOTFNR	A090803
ERFSAOTFPR	A090804
ERFSAOTMEA	A090201
ERFSAOTSCER	A090201
ERFSAOTSRVC	A090201
ERFSASSD	A0501
ERGOAA	A150102
ERGOSI	A090302
EROSION	A040503
ERRMES	A0902
ERROR CODE 0	A090201
ERRORCODE127	A090201
ERRORCODE139	A090201
ERRORCODE146	A090201
ERRORCODE210	A090201
ERRORCODE243	A090201
ERRORCODE256	A090201
ERRORCODE271	A090201
ERRORCODE29	A090201
ERRORCODE335	A090201
ERRORCODE337	A090201
ERRORCODE35	A090201
ERRORCODE361	A090201
ERRORCODE481	A090201
ERRORCODE98	A090201
ES4SW	A11
ESENSBTN	A150103
ESHORT	A072102
ESIBODSNR	A1801
ESIBOHDRP	A150208
ESIBOMCNR	A050702
ESIBOMZNR	A150102
ESIICO	A150102
ESIICU	A050702
ESIISE	A150102
ESIIW	A150102
ESINCO	A150102
ESINCU	A050702
ESINSE	A150102
ESINW	A150102
ESONCBCEPFCH	A070603
ESONCBTEPFCH	A070603
ESONCCPB	A0401
ESONCDS	A18
ESONCEPFCH	A070603
ESONCJAWDE	A0501
ESONCJAWGR	A040507
ESONCJWC	A150208
ESONCMZBK	A0401
ESONCMZCR	A040502
ESONCMZMDF	A0406
ESONCMZMTW	A040609
ESONCMZPL	A040506
ESONCNACTPRI	A090403
ESONCNACTUSE	A050501
ESONCOTNDI	A090206
ESONCPMPEL	A160602
ESONCTPSMK	A1009
ETIMCDTC	A0501
ETPFR	A1007
ETPOH	A1005
EUNDPDACT	A150102
EUNIUMSI	A210105
EUNNN	A24
EUNRTRN	A26
EVEOH	A1002
EVSMLT	A1006
EVSSMK	A1009
EXCENG	A1501
EXCETO	A1803
EXHEAT	A1005
EXLODD	A090201
EXMVSP	A051206
EXMVSU	A2102
EXPPRD	A210101
EXTISC	A0101
EYESTR	A0101
FALDEV	A12
FBRKST	A05
FIRESI	A150102
FIRPAR	A050502
FIRSLW	A150205
FLDACL	A180301
FLINPO	A050401
FLSERR	A160105
FOROBJ	A180104
FRMATT	A180104
FRSINC	A0902
FSTPLS	A090201
FTPEDI	A150102
G1025A2DFS	A020503
G1025A2DPU	A0204
G1025A2DUS	A020701
G1025CAFDS	A08
G1025CDDSI	A1303
G1025CWCSS	A1105
G1025CWSW	A1102
G1025D6MSI	A210105
G1025DIAL	A0504
G1025DIECC06	A090201
G1025DIECC50	A090201
G1025DIECC51	A090201
G1025DIECC52	A090201
G1025DIECC53	A090201
G1025DIECC54	A090201
G1025DIECC55	A090201
G1025DIECC56	A090201
G1025DIECE35	A090201
G1025DIECE71	A090201
G1025DIECE73	A090201
G1025DIECE82	A090201
G1025DIECE85	A090201
G1025DIECE86	A090201
G1025DIECE91	A090201
G1025DIECE92	A090201
G1025DIECE93	A090201
G1025DIECE95	A090201
G1025DIECE96	A090201
G1025DIECE97	A090201
G1025DIECE98	A090201
G1025DIECH17	A090201
G1025DIECH22	A090201
G1025DIECP02	A090201
G1025DIECP04	A090201
G1025DIECP07	A090201
G1025DIECP10	A090201
G1025DIECP15	A090201
G1025DIECP16	A090201
G1025DIECP17	A090201
G1025DIEM	A26
G1025DINDF	A090206
G1025GCNRC	A1301
G1025GNBRN	A1006
G1025GNCS	A020602
G1025GNDF	A26
G1025GNDMG	A26
G1025GNDPU	A0204
G1025GNDSI	A0708
G1025GNFCB	A0801
G1025GNFDE	A0708
G1025GNFR	A1007
G1025GNHR	A090807
G1025GNIN	A090403
G1025GNLR	A090808
G1025GNMDF	A040610
G1025GNMF	A26
G1025GNML	A040610
G1025GNNA	A0508
G1025GNNAUD	A090103
G1025GNOAS	A090404
G1025GNOBS	A090405
G1025GNOH	A1005
G1025GNSMK	A1009
G1025KBBK	A0401
G1025LADMGL	A2101
G1025LAEDE	A210101
G1025LALINC	A2101
G1025LALMIS	A210105
G1025LGLIC	A1205
G1025P1DMGP	A0204
G1025P1DRP	A020501
G1025P1EMP	A0205
G1025P1FMP	A18
G1025P1IDC	A0205
G1025P1INCQ	A0205
G1025P1PTMT	A1908
G1025P1PZ	A26
G1025P1UDP	A020503
G1025PCBN	A040609
G1025PZDNML	A160602
G1025PZFP	A070803
G1025S4SW	A11
G1026A2DFS	A020503
G1026A2DPU	A0204
G1026A2DUS	A020701
G1026CCCS	A020602
G1026CDBK	A0401
G1026CDDMG	A26
G1026CDDPU	A0204
G1026CDMF	A26
G1026CDNA	A0508
G1026CECN	A12
G1026CEDF	A26
G1026CTDACT	A150102
G1026D2NDT	A13
G1026D6MSI	A210105
G1026DCCS	A020602
G1026LAEDE	A210101
G1026LALINC	A2101
G1026P1DMGP	A0204
G1026P1DRP	A020501
G1026P1EMP	A0205
G1026P1FMP	A18
G1026P1IDC	A0205
G1026P1INCQ	A0205
G1026P1PTMT	A1908
G1026P1PZ	A26
G1026P1UDP	A020503
G1026P2BN	A040609
G1026PZDACT	A150103
G1026PZDSI	A1303
G1026WRPL	A040506
G1035C1DMG	A26
G1035C1DX	A23
G1035C1FCB	A0801
G1035C1FP	A070803
G1035C1FSN	A070908
G1035C1HD	A22
G1035C1MTF	A040103
G1035C1NTP	A150208
G1042C1DTC	A150303
G1042C1FDH	A150302
G1042C1FOB	A1501
G1042H1BK	A0401
G1043CTCM	A13
G1043CTFCB	A0801
G1043S3II	A0722
G1043VCPI	A0908
G1045A1BK	A0401
G1045A1DMG	A26
G1045BRBD	A0401
G1045BRNR	A1301
G1045CHFCH	A070603
G1045CHPB	A070504
G1045CVBK	A0401
G1045DIDEM	A26
G1045DIDF	A23
G1045DIECC1	A090201
G1045DIECIDM	A26
G1045KBFSKB	A26
G1045PZFP	A070803
G1045PZFPO	A0708
G1045R1DDLD	A1107
G1045R1DEM	A26
G1045R1DF	A26
G1045R1DMG	A26
G1045R1DSI	A26
G1045R1FSN	A070908
G1045R1IL	A0902
G1045R1LD	A110701
G1045R1LP	A191002
G1045R1NA	A0508
G1046CTBK	A0401
G1049A2DFS	A020503
G1049A2DPU	A0204
G1049A2DUS	A020701
G1049BFNEB	A020101
G1049CTHM	A041001
G1049D6MSI	A210105
G1049D8DMG	A26
G1049HPBK	A1503
G1049HPDP	A150203
G1049HPSPB	A1503
G1049LADMGL	A2101
G1049LAEDE	A210101
G1049LALINC	A2101
G1049LALMIS	A210105
G1049LFTG	A1208
G1049LGBK	A1208
G1049NEBK	A0401
G1049NEBN	A040609
G1049NECI	A170101
G1049NEDACT	A150205
G1049NEDF	A26
G1049NEDFR	A150207
G1049NEDI	A150206
G1049NEDMG	A26
G1049NEDPDV	A0506
G1049NEDPFDY	A150201
G1049NEDPU	A0204
G1049NEFACT	A1501
G1049NEFOS	A090802
G1049NELIC	A1205
G1049NELL	A170101
G1049NELS	A170101
G1049NENTP	A150208
G1049NESX	A23
G1049P1DMGP	A0204
G1049P1DRP	A020501
G1049P1EMP	A0205
G1049P1FMP	A18
G1049P1IDC	A0205
G1049P1INCQ	A0205
G1049P1PTMT	A1908
G1049P1PZ	A26
G1049P1UDP	A020503
G1049S6BK	A0401
G1049S6DFR	A150207
G1049S6DI	A150206
G1049S6DMG	A26
G1049SFDSGC	A0501
G1049SFDSGR	A0501
G1049SFRTC	A0510
G1049SPCS	A020602
G1049SPFDY	A0505
G1049SPMSA	A2305
G1049SPPMD	A040102
G1049SYCK	A0404
G1049SYMF	A26
G1050A2DFS	A020503
G1050A2DPU	A0204
G1050A2DUS	A020701
G1050CTHM	A041001
G1050D6MSI	A210105
G1050D8DMG	A26
G1050HPBK	A1503
G1050HPDP	A150203
G1050HPSPB	A1503
G1050LADMGL	A2101
G1050LAEDE	A210101
G1050LALINC	A2101
G1050LALMIS	A210105
G1050LFTG	A1208
G1050LGBK	A1208
G1050NEBK	A0401
G1050NEBN	A040609
G1050NECI	A170101
G1050NEDACT	A150205
G1050NEDF	A26
G1050NEDFR	A150207
G1050NEDI	A150206
G1050NEDMG	A26
G1050NEDPDV	A0506
G1050NEDPFDY	A150201
G1050NEDPU	A0204
G1050NEFACT	A1501
G1050NEFOS	A090802
G1050NELIC	A1205
G1050NELL	A170101
G1050NELS	A170101
G1050NENTP	A150208
G1050NESX	A23
G1050P1DMGP	A0204
G1050P1DRP	A020501
G1050P1EMP	A0205
G1050P1FMP	A18
G1050P1IDC	A0205
G1050P1INCQ	A0205
G1050P1PTMT	A1908
G1050P1PZ	A26
G1050P1UDP	A020503
G1050S6BK	A0401
G1050S6DFR	A150207
G1050S6DI	A150206
G1050S6DMG	A26
G1050SFDSGC	A0501
G1050SFDSGR	A0501
G1050SFRTC	A0510
G1050SYCK	A0404
G1050SYMF	A26
G1051A2DFS	A020503
G1051A2DPU	A0204
G1051A2DUS	A020701
G1051BAMF	A26
G1051CECN	A12
G1051CTBK	A0401
G1051CTBN	A040609
G1051CTCDI	A030202
G1051CTCS	A020602
G1051CTDF	A26
G1051CTDFR	A150207
G1051CTDI	A150206
G1051CTDMG	A26
G1051CTDPU	A0204
G1051CTDSGC	A0501
G1051CTDSGR	A0501
G1051CTDSI	A1303
G1051CTFACT	A1501
G1051CTFCB	A0801
G1051CTFLA	A090402
G1051D2FRI	A1301
G1051D6MSI	A210105
G1051ECDP	A150201
G1051ETBK	A0401
G1051ETDLM	A040506
G1051ETDMG	A26
G1051ETFUU	A0510
G1051GNBK	A0401
G1051GNBN	A040609
G1051LADMGL	A2101
G1051LAEDE	A210101
G1051LALINC	A2101
G1051LALMIS	A210105
G1051P1DMGP	A0204
G1051P1DRP	A020501
G1051P1EMP	A0205
G1051P1FMP	A18
G1051P1IDC	A0205
G1051P1INCQ	A0205
G1051P1PTMT	A1908
G1051P1PZ	A26
G1051P1UDP	A020503
G1052A2DFS	A020503
G1052A2DPU	A0204
G1052A2DUS	A020701
G1052BADFI	A1401
G1052BAFINF	A1406
G1052CECN	A12
G1052CTBK	A0401
G1052CTBN	A040609
G1052CTCDI	A030202
G1052CTCS	A020602
G1052CTDACT	A150102
G1052CTDF	A26
G1052CTDFR	A150207
G1052CTDI	A150206
G1052CTDMG	A26
G1052CTDPU	A0204
G1052CTDSGC	A0501
G1052CTDSGR	A0501
G1052CTDSI	A1303
G1052CTFACT	A1501
G1052CTFCB	A0801
G1052CTFLA	A090402
G1052CTHM	A041001
G1052CTKK	A040609
G1052CTMF	A26
G1052D2FRI	A1301
G1052D6MSI	A210105
G1052ECDP	A150201
G1052ETBK	A0401
G1052ETDLM	A150303
G1052ETDMG	A26
G1052ETFUU	A040604
G1052ETUR	A040508
G1052LADMGL	A2101
G1052LAEDE	A210101
G1052LALINC	A2101
G1052LALMIS	A210105
G1052P1DMGP	A0204
G1052P1DRP	A020501
G1052P1EMP	A0205
G1052P1FMP	A18
G1052P1IDC	A0205
G1052P1INCQ	A0205
G1052P1PTMT	A1908
G1052P1PZ	A26
G1052P1UDP	A020503
G1053A2DFS	A020503
G1053A2DPU	A0204
G1053A2DUS	A020701
G1053C1DACT	A150102
G1053C1DG	A0405
G1053C1PMDY	A150103
G1053C1SIFP	A010103
G1053CTDFR	A150207
G1053D3DPU	A0207
G1053D3SX	A23
G1053D4FLK	A050401
G1053D6MSI	A210105
G1053LAEDE	A210101
G1053LALINC	A2101
G1053P1DMGP	A0204
G1053P1DRP	A020501
G1053P1EMP	A0205
G1053P1FMP	A18
G1053P1IDC	A0205
G1053P1INCQ	A0205
G1053P1PTMT	A1908
G1053P1PZ	A26
G1053P1UDP	A020503
G1053S5FEX	A150101
G1053S5FOS	A090802
G1053S5MR	A04
G1053S5MTF	A040103
G1053SUBK	A0401
G1053SUDTC	A0501
G1055A2DFS	A020503
G1055A2DPU	A0204
G1055A2DUS	A020701
G1055CECN	A12
G1055CTBK	A0401
G1055CTBN	A040609
G1055CTCDI	A030202
G1055CTCS	A020602
G1055CTDACT	A150102
G1055CTDF	A26
G1055CTDFR	A150207
G1055CTDI	A150206
G1055CTDMG	A26
G1055CTDPU	A0204
G1055CTDSGC	A0501
G1055CTDSGR	A0501
G1055CTDSI	A1303
G1055CTFACT	A1501
G1055CTFCB	A0801
G1055CTFLA	A090402
G1055CTMF	A26
G1055D2FRI	A1301
G1055D6MSI	A210105
G1055ECDP	A150201
G1055ETBK	A0401
G1055ETDLM	A040506
G1055ETDMG	A26
G1055ETFUU	A040604
G1055LADMGL	A2101
G1055LAEDE	A210101
G1055LALINC	A2101
G1055LALMIS	A210105
G1055P1DMGP	A0204
G1055P1DRP	A020501
G1055P1EMP	A0205
G1055P1FMP	A18
G1055P1IDC	A0205
G1055P1INCQ	A0205
G1055P1PTMT	A1908
G1055P1PZ	A26
G1055P1UDP	A020503
G1056A2DFS	A020503
G1056A2DPU	A0204
G1056A2DUS	A020701
G1056D6MSI	A210105
G1056GWDMG	A26
G1056GWDPU	A0207
G1056GWMF	A26
G1056LAEDE	A210101
G1056LALINC	A2101
G1056P1DMGP	A0204
G1056P1DRP	A020501
G1056P1EMP	A0205
G1056P1FMP	A18
G1056P1IDC	A0205
G1056P1INCQ	A0205
G1056P1PTMT	A1908
G1056P1PZ	A26
G1056P1UDP	A020503
G1581MCND	A1301
G2033A2DFS	A020503
G2033A2DPU	A0204
G2033A2DUS	A020701
G2033CTHM	A041001
G2033D6MSI	A210105
G2033D8DMG	A26
G2033HPDP	A150203
G2033HPSPB	A1503
G2033LADMGL	A2101
G2033LAEDE	A210101
G2033LALINC	A2101
G2033LALMIS	A210105
G2033LGBK	A1208
G2033LGFTG	A1208
G2033NEBK	A0401
G2033NEBN	A040609
G2033NECI	A170101
G2033NEDACT	A150205
G2033NEDF	A26
G2033NEDFR	A150207
G2033NEDI	A150206
G2033NEDMG	A26
G2033NEDPDV	A0506
G2033NEDPFDY	A150201
G2033NEDPU	A0207
G2033NEFACT	A1501
G2033NEFDY	A0503
G2033NEFOS	A090802
G2033NELIC	A1205
G2033NELL	A170101
G2033NELS	A170101
G2033NENTP	A150208
G2033NESX	A23
G2033P1DMGP	A0204
G2033P1DRP	A020501
G2033P1EMP	A0205
G2033P1FMP	A18
G2033P1IDC	A0205
G2033P1INCQ	A0205
G2033P1PTMT	A1908
G2033P1PZ	A26
G2033P1UDP	A020503
G2033S6DFR	A150207
G2033S6DI	A150206
G2033S6DMG	A26
G2033SFDSGC	A0501
G2033SFDSGR	A0501
G2033SFRTC	A0510
G2033SYCK	A0404
G2033SYMF	A26
G2140A2DFS	A1803
G2140A2DPU	A0204
G2140A2DUS	A0201
G2140CTHM	A041001
G2140D6MSI	A020602
G2140HPBK	A0401
G2140LADMGL	A2101
G2140LAEDE	A210105
G2140LALINC	A2101
G2140LALMIS	A2101
G2140LGBK	A0401
G2140NEBK	A0401
G2140NEBN	A040609
G2140NECI	A170101
G2140NEDACT	A150205
G2140NEDFR	A0503
G2140NEDI	A150206
G2140NEDPU	A0204
G2140NEFACT	A1501
G2140NEFOS	A090802
G2140P1DMGP	A0205
G2140P1DRP	A020501
G2140P1EMP	A0205
G2140P1FMP	A180104
G2140P1IDC	A0205
G2140P1INCQ	A0205
G2140P1PTMT	A1908
G2140P1UDP	A020503
G2140S6BK	A0401
G2140S6DFR	A0503
G2140S6DI	A150206
G2140SFDSGC	A0501
G2140SFDSGR	A0501
G2140SYCK	A0404
G2273BHAL	A07
G2273BTPS	A0708
G2273COFA	A13
G2273DRDOP	A0201
G2273ENSI	A11
G2273ESTO	A0719
G2273IFDE	A140101
G2273LUAD	A0401
G2273MGECUNK	A0201
G2273MONDF	A0201
G2273MONDI	A090206
G2273NELI	A1101
G2273PENTA	A10
G2273PSTF	A150101
G2273PUPMP	A1412
G2273RSM	A090201
G2273S7APF	A110201
G2273S7AR	A1102
G2273S7BK	A0401
G2273S7CS	A020602
G2273S7DPU	A0207
G2273S7DTC	A0501
G2273S7ECUNK	A26
G2273S7FP	A070803
G2273S7FSKB	A0201
G2273S7FTR	A1302
G2273S7IF	A1406
G2273S7IN	A072103
G2273S7LIC	A1205
G2273S7MCN	A0201
G2273S7NN	A24
G2273SFTS	A11
G2273STUC	A110201
G2273SYDOP	A0201
G2273SYLI	A150101
G2273URSEM	A26
G2273UTIE	A1107
G2273VRFA	A07
G2273Z6DVI	A0207
G2274X5PS	A0708
G2275CATB	A0207
G2275CBLK	A0504
G2275CHPR	A141102
G2275CLPR	A141101
G2275CRUL	A02
G2275CTBK	A0401
G2275CTBQ	A2202
G2275CTCE	A08
G2275CTDEM	A0902
G2275CTDPU	A0207
G2275CTDSP	A2201
G2275CTIIR	A0908
G2275CTLK	A0504
G2275CTMDF	A0406
G2275CTNDI	A090206
G2275CTNN	A24
G2275CTOOS	A0201
G2275CTPKG	A0205
G2275CTPR	A1411
G2275CTSH	A0207
G2275CTSIFP	A010103
G2275CTUOR	A090811
G2275CWLK	A0504
G2275ETBK	A0401
G2275INDR	A140503
G2275INDRA	A140503
G2275S4FRI	A1301
G2275SYND	A1301
G2275SYPF	A150201
G2275TSF	A10
G2808A2BRN	A1006
G2808A2DFS	A020503
G2808A2DMGL	A2101
G2808A2DPU	A0204
G2808A2DUS	A020701
G2808A2MF	A26
G2808A2ML	A040610
G2808A2OH	A1005
G2808D6MSI	A210105
G2808LAEDE	A210105
G2808LALINC	A2101
G2808LALMIS	A210105
G2808MANOD	A0401
G2808P1DMGP	A0204
G2808P1DRP	A020501
G2808P1EMP	A0205
G2808P1FMP	A18
G2808P1FR	A1007
G2808P1IDC	A0205
G2808P1INCQ	A0205
G2808P1PTMT	A1908
G2808P1PZ	A26
G2808P1SMK	A1009
G2808P1UDP	A020503
G28091CMDF	A04
G2809A2BRN	A1006
G2809A2DFS	A020503
G2809A2DMGL	A2101
G2809A2DPU	A0204
G2809A2DUS	A020701
G2809A2MF	A26
G2809A2ML	A040610
G2809A2OH	A1005
G2809CTCE	A0801
G2809CTDFI	A1401
G2809CTDFR	A150207
G2809CTDMG	A26
G2809CTDSN	A0709
G2809CTDX	A23
G2809CTFCB	A0801
G2809CTIF	A1406
G2809CTMDSTP	A0406
G2809CTPSI	A110207
G2809D1CDAT	A1107
G2809D1FLC	A1107
G2809D1FSN	A070908
G2809D1HMP	A072201
G2809D1II	A0722
G2809D1IRP	A090208
G2809D1LD	A110701
G2809D1LMP	A072202
G2809D1PQI	A090208
G2809D6MSI	A210105
G2809LAEDE	A210105
G2809LALINC	A2101
G2809LALMIS	A210105
G2809MCFSP	A141103
G2809MCSDI	A150206
G2809MCVH	A1406
G2809MMCD	A0401
G2809MMFC	A0801
G2809MPRF	A090811
G2809MSEM	A26
G2809MSNS	A1107
G2809P1DMGP	A0204
G2809P1DRP	A020501
G2809P1EMP	A0205
G2809P1FMP	A18
G2809P1FR	A1007
G2809P1IDC	A0205
G2809P1INCQ	A0205
G2809P1PTMT	A1908
G2809P1PZ	A26
G2809P1SMK	A1009
G2809P1UDP	A020503
G2809S4PSI	A110207
G2809S4SW	A11
G2809S7CM	A13
G2809S7DAT	A1107
G2809S7DF	A26
G2809S7DFR	A0503
G2809S7DMG	A26
G2809S7LIC	A1205
G2809S7NDT	A1301
G2809S7PS	A0708
G2809WHDMG	A0401
G2811A1BK	A0401
G2811A1DMG	A26
G2811A2BRN	A1006
G2811A2DFS	A020503
G2811A2DMGL	A2101
G2811A2DPU	A0204
G2811A2DUS	A020701
G2811A2MF	A26
G2811A2ML	A040610
G2811A2OH	A1005
G2811B1CN	A12
G2811B1DMG	A26
G2811B1NDT	A13
G2811BTIL	A0902
G2811C1DF	A26
G2811C1NA	A0508
G2811C1NDT	A13
G2811C3DEM	A26
G2811CHACHG	A070602
G2811CHCG	A0706
G2811CHFCH	A070603
G2811CHLB	A070504
G2811CVBK	A0401
G2811CVCS	A020602
G2811D1CDAT	A1107
G2811D1DAT	A1107
G2811D1DO	A1107
G2811D1FIZ	A1501
G2811D1FLC	A1107
G2811D1FTR	A1302
G2811D1IE	A090204
G2811D1IRP	A090208
G2811D1LD	A110701
G2811D1ODT	A0604
G2811D1PQI	A090208
G2811D1SART	A090801
G2811D1UASD	A110208
G2811D6MSI	A210105
G2811DIDEM	A26
G2811DIEC51	A090201
G2811DIECSDM	A26
G2811DINDF	A090206
G2811KBFSKB	A070803
G2811LAEDE	A210105
G2811LALINC	A2101
G2811LALMIS	A210105
G2811LAMS	A2101
G2811P1DMGP	A0204
G2811P1DRP	A020501
G2811P1EMP	A0205
G2811P1FMP	A18
G2811P1FR	A1007
G2811P1IDC	A0205
G2811P1INCQ	A0205
G2811P1PTMT	A1908
G2811P1PZ	A26
G2811P1SMK	A1009
G2811P1UDP	A020503
G2811PCF	A110702
G2811PECSU	A11
G2811PRBI	A0705
G2811PRCAD	A26
G2811PRWNRS	A1301
G2811PXDF	A26
G2811PXOT	A09
G2811PZFP	A070803
G2811R1APF	A11
G2811R1CM	A13
G2811R1DDLD	A1107
G2811R1DEM	A26
G2811R1DF	A26
G2811R1DMG	A26
G2811R1DSI	A26
G2811R1FCH	A070603
G2811R1FDS	A08
G2811R1FIZ	A1501
G2811R1IL	A0902
G2811R1LP	A191002
G2811R1NA	A0508
G2811R1PB	A070504
G2811S1BK	A0401
G2811S1DF	A26
G2811S1DMG	A26
G2811S4APF	A11
G2811S4DEM	A26
G2811S4PSI	A110207
G2811S7DFR	A0503
G2811S7FCH	A070603
G2811S7FP	A070803
G2811S7IL	A0902
G2811S7NDT	A1301
G2811SNBK	A0401
G2811SNDF	A26
G2811SNDMG	A26
G2811SNMFR	A040605
G2811SRDMG	A26
G2811XRNIP	A1107
G2812A2BRN	A1006
G2812A2DFS	A020503
G2812A2DMGL	A2101
G2812A2DPU	A0204
G2812A2DUS	A020701
G2812A2MF	A26
G2812A2ML	A040610
G2812A2OH	A1005
G2812C1CM	A13
G2812C1CMT	A1302
G2812C1DC	A1203
G2812C1DMG	A26
G2812C1DX	A23
G2812C1FCB	A0801
G2812C1FOB	A020102
G2812C1FP	A070803
G2812C1HD	A22
G2812C1MGD	A0104
G2812C1MTF	A040103
G2812C1NTP	A150208
G2812C1NTP14	A150208
G2812D6MSI	A210105
G2812LAEDE	A210105
G2812LALINC	A2101
G2812LALMIS	A210105
G2812LAMS	A2101
G2812P1DMGP	A0204
G2812P1DRP	A020501
G2812P1EMP	A0205
G2812P1FMP	A18
G2812P1FR	A1007
G2812P1IDC	A0205
G2812P1INCQ	A0205
G2812P1PTMT	A1908
G2812P1PZ	A26
G2812P1SMK	A1009
G2812P1UDP	A020503
G2813A1BK	A0401
G2813A1DEM	A26
G2813A1DMG	A26
G2813A2BRN	A1006
G2813A2DFS	A020503
G2813A2DMGL	A2101
G2813A2DPU	A0204
G2813A2DUS	A020701
G2813A2MF	A26
G2813A2ML	A040610
G2813A2OH	A1005
G2813BTIL	A0902
G2813C3DF	A26
G2813C3NDT	A13
G2813CHACHG	A070601
G2813CHCG	A0706
G2813CHFCH	A070603
G2813CHLB	A070504
G2813CLBK	A0401
G2813CVBK	A0401
G2813CVCS	A020602
G2813D1CDAT	A1107
G2813D1DAT	A1107
G2813D1DDLD	A1107
G2813D1DO	A1107
G2813D1FLC	A1107
G2813D1FTR	A1302
G2813D1IRP	A090208
G2813D1LD	A110701
G2813D1PQI	A090208
G2813D1SART	A090801
G2813D1UASD	A110208
G2813D6MSI	A210105
G2813DIDEM	A26
G2813DIECSDM	A26
G2813KBFSKB	A070803
G2813LAEDE	A210105
G2813LALINC	A2101
G2813LALMIS	A210105
G2813LAMS	A2101
G2813P1DMGP	A0204
G2813P1DRP	A020501
G2813P1EMP	A0205
G2813P1FMP	A18
G2813P1FR	A1007
G2813P1IDC	A0205
G2813P1INCQ	A0205
G2813P1PTMT	A1908
G2813P1PZ	A26
G2813P1SMK	A1009
G2813P1UDP	A020503
G2813R1DMG	A26
G2813R1DSI	A26
G2813R1FP	A070803
G2813R1LP	A191002
G2813R1PB	A070504
G2813S4APF	A11
G2813S4DEM	A26
G2813S4PSI	A110207
G2813S7DFR	A0503
G2813S7FCH	A070603
G2813S7FP	A070803
G2813S7IL	A0902
G2813S7NDT	A1301
G2813SNDF	A26
G2814A2BRN	A1006
G2814A2DFS	A020503
G2814A2DMGL	A2101
G2814A2DPU	A0204
G2814A2DUS	A020701
G2814A2MF	A26
G2814A2ML	A040610
G2814A2OH	A1005
G2814C1CMT	A13
G2814C1DX	A23
G2814C1FCB	A0801
G2814C1FP	A070803
G2814C1FTR	A1302
G2814C1HD	A22
G2814C1MGD	A0104
G2814C1MTF	A040103
G2814C1NTP	A150208
G2814D6MSI	A210105
G2814LAEDE	A210105
G2814LALINC	A2101
G2814LALMIS	A210105
G2814LAMS	A2101
G2814P1DMGP	A0204
G2814P1DRP	A020501
G2814P1EMP	A0205
G2814P1FMP	A18
G2814P1FR	A1007
G2814P1IDC	A0205
G2814P1INCQ	A0205
G2814P1PTMT	A1908
G2814P1PZ	A26
G2814P1SMK	A1009
G2814P1UDP	A020503
G2815A2BRN	A1006
G2815A2DFS	A020503
G2815A2DMGL	A2101
G2815A2DPU	A0204
G2815A2DUS	A020701
G2815A2MF	A26
G2815A2ML	A040610
G2815A2OH	A1005
G2815ABM5	A0205
G2815C1CMT	A1302
G2815C1DATT	A150201
G2815C1DC	A1203
G2815C1DMG	A26
G2815C1DTC	A0501
G2815C1DX	A23
G2815C1FCB	A0801
G2815C1FDH	A150301
G2815C1FTR	A1302
G2815C1MGD	A0104
G2815C1MTF	A040103
G2815C1NTP	A150208
G2815D6MSI	A210105
G2815LAEDE	A210105
G2815LALINC	A2101
G2815LALMIS	A210105
G2815LAMS	A2101
G2815P1DMGP	A0204
G2815P1DRP	A020501
G2815P1EMP	A0205
G2815P1FMP	A18
G2815P1FR	A1007
G2815P1IDC	A0205
G2815P1INCQ	A0205
G2815P1PTMT	A1908
G2815P1PZ	A26
G2815P1SMK	A1009
G2815P1UDP	A020503
G2816A2BRN	A1006
G2816A2DFS	A020503
G2816A2DMGL	A2101
G2816A2DPU	A0204
G2816A2DUS	A020701
G2816A2MF	A26
G2816A2ML	A040610
G2816A2OH	A1005
G2816BSCBS	A1107
G2816BTFCH	A070603
G2816BTIL	A0902
G2816C1HPH	A030206
G2816C1LPH	A030207
G2816CDCM	A13
G2816CDDMG	A26
G2816CHACHG	A070602
G2816CHCG	A0706
G2816CHFCH	A070603
G2816CHLB	A070504
G2816CHPB	A070504
G2816CLBK	A0401
G2816CLLIC	A1205
G2816CVBK	A0401
G2816CVCS	A020602
G2816D1CDAT	A1107
G2816D1DDLD	A1107
G2816D1FTR	A1302
G2816D1IIR	A0908
G2816D1IRP	A090208
G2816D1LD	A110701
G2816D1NDI	A090206
G2816D1PQI	A090208
G2816D1SART	A090801
G2816D1UASD	A110208
G2816D6MSI	A210105
G2816DDRSST	A110208
G2816DIDEM	A26
G2816DIEC10	A090201
G2816DIEC8	A090201
G2816DISS	A110208
G2816DRF	A090206
G2816DRFR	A1107
G2816DRFRC	A1301
G2816DRNRS	A1301
G2816DRSI	A23
G2816DRTO	A0708
G2816DSL	A1107
G2816DSMI	A0722
G2816IIOD	A210103
G2816KBFSKB	A070803
G2816LAEDE	A210105
G2816LALINC	A2101
G2816LALMIS	A210105
G2816LAMS	A2101
G2816P1DMGP	A0204
G2816P1DRP	A020501
G2816P1EMP	A0205
G2816P1FMP	A18
G2816P1FR	A1007
G2816P1IDC	A0205
G2816P1INCQ	A0205
G2816P1PTMT	A1908
G2816P1PZ	A26
G2816P1SMK	A1009
G2816P1UDP	A020503
G2816PUDF	A26
G2816PUDMG	A26
G2816PUDNHP	A1411
G2816PZFP	A070803
G2816R1DMG	A26
G2816R1FCB	A0801
G2816S4APF	A11
G2816S4DEM	A26
G2816S4PSI	A110207
G2816S7DFR	A0503
G2816S7FP	A070803
G2816S7NDT	A1301
G2816SHA	A090801
G2817LRI	A1502
G2817NEMTW	A040609
G2817SFCPCI	A170102
G2817SPCS	A020602
G2817SPFDY	A0505
G2817SPMSA	A2305
G2817SPPMD	A040102
G3302DATMIS	A1107
G3302DATMISS	A1107
G3302LDSTUD	A110701
G3302OPNFHCA	A110401
G3302OPNFHCL	A110401
G3302OPNFHCP	A110401
G3302OPNFPSA	A110401
G3302OPNFPSS	A110401
G3302OPNFSTD	A110401
G3302OPNFSTU	A110401
G3302PDINC	A110702
G3320OHCPINA	A110401
G3320OPNFADM	A110401
G5089EQRSF	A090206
G5089GSACO	A26
G5089GSAFTE	A110207
G5089GSAVCF	A1107
G5089GSWDFC	A1301
G5089IADPC	A1102
G5089PCLNR	A13
G5089PGDF	A1107
G5089PGDOA	A1501
G5089PGDSB	A1105
G5089PGGSF	A11
G5089PGGSW	A11
G5089PGILIL	A090814
G5089PGIS	A170102
G5089PGLAD	A26
G5089PGLCCI	A13
G5089PGLCES	A0714
G5089PGLCOD	A26
G5089PGLD	A26
G5089PGLDDP	A26
G5089PGLND	A1107
G5089PGLRDP	A26
G5089PGLSR	A0101
G5089QRIM	A1107
G5089RTVAF	A1102
G5089RTVALD	A13
G5089RTVCETE	A1301
G5089UCLIN	A1101
GA2NA	A25
GA2NN	A24
GASBEM	A14
GASLEK	A050402
GD3BK	A0401
GD3BRN	A1006
GD3DPU	A0207
GD3FMP	A18
GD3HUMDEV	A22
GD3MF	A26
GD3ML	A040610
GD3OH	A1005
GD3SMK	A1009
GD3SX	A23
GD3TPFR	A1007
GDCCS	A020602
GDCDSGC	A0501
GDCDSGR	A0501
GDCNA	A25
GDEVVIB	A1901
GDFR	A150207
GDMN	A0508
GDUSO	A0301
GEARSK	A051204
GENDISTISSUE	A0207
GENENDOISSUE	A17
GFACT	A1501
GFOOB	A02
GGIGDCCN	A12
GGIGDCDFDCA	A1303
GGIGDCOT	A090203
GGIGDIOTNDF	A090206
GGIGDPSACT	A050501
GGIGELFSN	A070908
GGIGFAMC	A0508
GGIGKPDF	A23
GGIGMCNAUD	A090103
GGIGMZDMG	A0207
GGIGOTIVS	A090207
GGIGPZEC	A191002
GGIGPZELFP	A070803
GGIGS4DFDEM1	A26
GGIGS4DFDEM2	A26
GGIGS4DFDEM3	A26
GGIGS4OT	A090206
GGIGS4SW	A110201
GGIGS7DPDACT	A150102
GGIGS7ELFP	A070803
GI03	A0504
GI09	A090208
GI11	A020701
GINCP	A2101
GISCONCOMP	A25
GISEUNRTRN	A26
GISMAL	A050402
GISMNF	A1208
GISMSCBO	A1107
GISNOREPT	A26
GISNOTCOM	A26
GLADMGL	A210102
GLAEDE	A210101
GLINC	A210103
GLMIS	A210105
GMSCGO	A090208
GMTW	A040609
GP1DRP	A020501
GP1DUS	A020701
GP1EMP	A0205
GP1INCQ	A0206
GP1PTMT	A1908
GP1PZ	A26
GP1TPK	A020504
GP1UDP	A020503
GPDI	A0101
GPLLCAPVUAGE	A110206
GPLLCC1BP	A010101
GPLLCC1LK	A0504
GPLLCC1OH	A1005
GPLLCC1PDI	A0101
GPLLCCSSGEN	A1105
GPLLCDATFAI	A1107
GPLLCDATREP	A1107
GPLLCDATRES	A1107
GPLLCDATWRO	A1107
GPLLCFAHCPW	A20
GPLLCFLPGWS	A20
GPLLCFLPSC	A20
GPLLCGHCF	A11
GPLLCGMASIF	A11
GPLLCGPDOA	A07
GPLLCGPFTA	A15
GPLLCGPIDF	A11
GPLLCGPOH	A07
GPLLCIMF	A11
GPLLCINGDA	A20
GPLLCINGMA	A20
GPLLCLDDAT	A110701
GPLLCNDI	A090206
GPLLCOPNFERR	A110401
GPLLCPFSWS	A20
GPLLCS4CSS	A1104
GPLLCS4DAT	A1107
GPLLCS4ID	A0902
GPLLCS4MDAT	A110701
GPLLCS4NLP	A1102
GPLLCUACUNA	A110502
GPLLCUACUSE	A110502
GPLLCVDNDI	A090206
GPRDGCDAR	A0501
GPRDGCDAWNR	A150303
GPRDGDDPPRD	A15
GPRDGDP	A15
GPRDGLTDP	A15
GPRDGMDF	A0406
GPRDGP2DFR	A150207
GPRDGPDF	A26
GPRDGTDII	A15
GPRDGTDRI	A15
GPRDGUATAPA	A090802
GPRDGUNETI	A1005
GPRDGWRDP	A15
GPRDGWRET	A23
GPRDGWRFDY	A150201
GPRDGWRIT	A23
GRASPE	A150102
GRNINV	A2301
GRNVOP	A2301
GS4CSS	A1105
GSMTPC1DMG	A26
GSMTPD1IIR	A0908
GSMTPDIECIDM	A090201
GTRLKG	A050401
GUIGEN	A090206
GUINW	A090202
GUISCD	A090206
GUITWR	A090206
HAIRIN	A180104
HEADMV	A160201
HEAVY	A2102
HFSRE	A090201
HNDBIN	A0509
HNDBKN	A0401
HRINBL	A180104
HRINPD	A180104
HYBRID	A1207
IBNDSG	A0501
IDADFH	A0501
IDRVPO	A070801
IDUCA	A1701
IDUENT	A16
IDUMVE	A1502
IDUOH	A1002
IGDDNF	A150206
IM05	A030202
IM09	A030202
IM14	A0301
IM25	A2305
INACIM	A1702
INADMV	A051206
INADRO	A0512
INASEL	A05
INCIFU	A21
INCNDQ	A02
INCOLR	A090201
INCORP	A01
INCQTY	A02
INCSDP	A0718
ININST	A150206
INISDF	A150206
INLENG	A090201
INMADD	A210102
INMVSP	A051206
INMVUP	A2102
INOACH	A1701
INOREQ	A1702
INPUDF	A1501
INPULK	A1502
INPUTA	A1502
INPUTC	A051205
INPUTL	A1502
INSACT	A1501
INSBKN	A0401
INSBNT	A040609
INSCRE	A090201
INSDAM	A0204
INSDNF	A050501
INSDNG	A05
INSDNW	A0507
INSEDG	A0411
INSFTW	A1004
INSLCK	A150102
INSLPK	A0205
INSMEL	A040610
INSNOI	A0508
INSODR	A0301
INSTAL	A0908
INSTDR	A1503
INSTI	A16
INSTID	A1303
INSTNC	A180301
INSTNF	A1704
INSTNS	A2102
INSTPP	A2103
INSTRB	A0401
INSTRD	A02
INSTRE	A26
INSVIB	A051208
INTDND	A1602
INTFLR	A1602
INTLBN	A1501
INTPRE	A1602
INTROBK	A0401
INTRUC	A1701
IOPAIR	A0504
IOPCNT	A050401
JAMMED	A0506
JAWDAM	A0401
JAWDSG	A0501
JAWER	A150102
JAWMER	A150102
JAWMIS	A050701
JAWNCC	A051104
JAWNCL	A051104
JAWNCS	A051104
JAWNOC	A051104
JAWNOS	A051104
JAWNRC	A150207
JAWWNO	A051104
KCSC11	A1801
KCSC15	A1406
KCSC16	A0504
KCSC26	A07
KCSC31	A0710
KCTE22	A0407
KCTE25	A1801
KCWC59	A0407
KCWC62	A040605
KCWC64	A020701
KCWC70	A040605
KDNADV	A05
KNFBDR	A0510
KNFBKN	A0401
KNFBNT	A040609
KNFDAM	A0401
KNFDNAS	A05
KNFDSG	A0501
KNFDUL	A020101
KNFEXP	A16
KNOBBKN	A0401
KNTDTT	A22
KNTSLP	A051204
L1057CTBK	A0401
L1057CTCAI	A1701
L1057CTDF	A0203
L1057CTDOP	A0203
L1057CTFMP	A180305
L1057CTFV	A150204
L1057CTKK	A040609
L1057CTMTF	A040103
L1057CTPOS	A150204
L1057CTRTC	A0510
L1057CURV	A0511
L1057SUCT	A090802
L1059CTDSN	A0902
L1059CTMCPOS	A150204
L1060CTAR	A1102
L1060CTDEM	A090201
L1060CTDF	A0203
L1060CTDMGP	A0205
L1060CTDTC	A15
L1060CTDUS	A020701
L1060CTER	A090203
L1060CTFMP	A180305
L1060CTFV	A150204
L1060CTINCP	A0205
L1060CTKK	A040609
L1060CTNAI	A1101
L1060CTOMV	A090201
L1060CTPOS	A150204
L1060CTRTC	A0510
L1060CTUOSPA	A110702
L1060CTUSED	A090201
L1062B2FV	A150204
L1062CTCAI	A1701
L1062CTDCOUP	A150204
L1062CTDF	A0203
L1062CTDOP	A0203
L1062CTFMP	A180305
L1062CTKK	A040609
L1062CTMCPOS	A150204
L1062CTMTF	A040103
L1062CTPOS	A150204
L1062CTRTC	A0510
L1062CURVE	A0511
L1062DTIP	A15
L1063ADCAI	A1701
L1063ADUM	A051207
L1064ADUM	A051207
L1065TELDISC	A0401
L1066PATCH	A020602
L1067B2FMP	A180305
L1067B2FV	A150204
L1067B2KK	A040609
L1067B2POS	A150204
L1067B2RTC	A0510
L1067BROKE	A0401
L1067DTIP	A15
L1067PEN	A150204
L1068B2DOC	A051104
L1068B2FMP	A180305
L1068B2FV	A150204
L1068B2KK	A040609
L1068B2POS	A150204
L1068B2RTC	A0510
L1069B2FDY	A150201
L1069B2FMP	A180305
L1069B2FV	A150204
L1069B2KK	A040609
L1069B2POS	A150204
L1069B2RTC	A0510
L1069BRUSHDE	A15
L1070B2FDY	A150201
L1070B2FMP	A180305
L1070B2FV	A150204
L1070B2KK	A040609
L1070B2MS	A0413
L1070B2NTIP	A040609
L1070B2POS	A150204
L1070B2RTC	A0510
L1070STYLET	A1701
L1071B2FMP	A180305
L1071B2GEN	A040609
L1071B2KK	A040609
L1071B2POS	A150204
L1071B2RTC	A0510
L1071DTIP	A15
L1074L4CS	A020602
L1074L4UM	A051207
L1076CCDOP	A07
L1076CCIITR	A0908
L1078MECDAT	A110702
L1078MEDAT	A1107
L1078MEDEM	A090201
L1078MEDF	A0203
L1083DEPLOY	A150208
L1083F1CAI	A1701
L1083F1CORR	A040609
L1083F1MGD	A0104
L1083F1PMDY	A150103
L1086B2FV	A150204
L1086B2RTC	A0510
L1086BROKE	A0401
L1086CTPOS	A150204
L1086DEPLOY	A150208
L1086DTIP	A15
L1086F1CORR	A040609
L1086F1PMDY	A150103
L1086FM	A180305
L1086GWIRE	A0401
L1086KINK	A040609
L1087L3CDAT	A110702
L1087L3CSS	A1105
L1087L3DMGP	A0205
L1087L3DOP	A1103
L1087L3DSI	A110208
L1087L3FP	A070803
L1087L3IE	A090208
L1087L3IITR	A0908
L1087L3PGM	A1103
L1087L3SLO	A11
L1087L3SW	A11
L1087L3WC	A13
L1088M3DF	A15
L1088S7AUD	A1601
L1088S7CAI	A1701
L1088S7CM	A13
L1088S7CN	A12
L1088S7CORR	A040609
L1088S7CSS	A1105
L1088S7DAT	A1107
L1088S7DFDS	A110208
L1088S7DQL	A11
L1088S7DSI	A110208
L1088S7EI	A072002
L1088S7ID	A0902
L1088S7IE	A090208
L1088S7IIPM	A11
L1088S7IITR	A0908
L1088S7LB	A0705
L1088S7NDT	A12
L1088S7OPNF	A110401
L1088S7PQI	A090208
L1088S7SLO	A11
L1088S7SW	A11
L1088S7UASD	A090201
L1088S7UOSP2	A110702
L1088S7WC	A13
L1PSTSEN	A0709
L2825CTMTF	A040103
LABELM	A2101
LABINC	A0205
LABMIS	A21
LABMSG	A020502
LASERB	A170101
LASERE	A05
LATCHE	A1702
LCANPROC	A1102
LCKLBK	A0401
LCOSDAM	A0201
LCSHAD	A2201
LD3NN	A24
LD3UDSX	A2303
LDFDEM	A090201
LDUNNR	A1301
LEAKSS	A0504
LEDPKE	A160106
LENSDAM	A0401
LEWCLOCJMP	A0902
LEXHOSP	A24
LEXPORT	A1302
LFIRESMK	A1009
LGNTWK	A090207
LHKDNA	A150205
LHOOKX	A05
LINFOLABEL	A0205
LITEON	A07
LKLDNW	A0507
LLMBKN	A051205
LLMFNC	A0507
LLMNL	A1501
LMISSLABEL	A0205
LNSDSG	A0501
LOAUIN	A090102
LOFHZN	A090206
LOINDO	A090206
LOLEDI	A090206
LOOLED	A090206
LOOPBKN	A0401
LOSCAH	A1701
LPACKREMOV	A0205
LPCFAN	A0202
LROOPN	A2201
LSBNH	A150201
LSBURN	A1008
LSOVERHEAT	A1009
LTSQRA	A090201
LTSQRH	A090201
LTSQRR	A090201
LUBEXC	A030203
LUSEISSUE	A23
LUSESHOK	A071302
LVISABLEFL	A11
M3069CLCM	A04
M3069CLDF	A070908
M3069CLDMG	A04
M3069CLMZ	A04
M3069CLNI	A26
M3069DCINCM	A090805
M3069IFINCM	A090805
M3069IPEP	A0722
M3069MMCB	A0801
M3069SNDF	A0203
M3069SNMC	A150204
M3070AHEC	A18
M3070BTEL	A0705
M3070CECN	A12
M3070CEMZ	A04
M3070CLMZ	A04
M3070CWDF	A070908
M3070DCCM	A04
M3070DCDAT	A070908
M3070DCDEM	A070908
M3070DCDF	A0203
M3070DCMS	A04
M3070DCMZ	A04
M3070DCNI	A26
M3070DCOT	A090805
M3070DIOT	A0902
M3070FLEL	A070803
M3070IFDF	A090802
M3070IFOT	A0908
M3070IPEP	A0722
M3070IPMC	A150204
M3070LAMS	A2101
M3070MMCB	A0801
M3070SNDF	A0203
M3070SNMC	A150204
M3071CEMZ	A04
M3071CLMZ	A04
M3071DCCM	A04
M3071DCDF	A070908
M3071DCMZ	A04
M3071DCNI	A26
M3071DCOT	A090805
M3071FLEL	A070803
M3071IFDF	A090802
M3071IPEP	A0722
M3071IPMC	A150204
M3071MMCB	A0801
M3071SNDF	A0203
M3072AHINCM	A090805
M3072BCEL	A0708
M3072BTDF	A070908
M3072BTEL	A0708
M3072BTFP	A070803
M3072CEIREV	A0902
M3072CEOT	A0902
M3072CLCN	A12
M3072CMMZ	A04
M3072DCEL	A0708
M3072DCMC	A04
M3072DCNI	A26
M3072DCOT	A090805
M3072DIDM	A2102
M3072DIIREV	A0902
M3072DIOT	A0902
M3072DISW	A1104
M3072KPEL	A070803
M3072KPIREV	A0902
M3072KPOT	A0902
M3072MBMC	A150204
M3072MMCB	A0801
M3072MODF	A070908
M3072MOIREV	A0902
M3072MOMS	A0207
M3072MOOT	A0902
M3072MOSW	A1102
M3072PWEL	A070803
M3072PWEP	A0718
M3072S4CDAT	A110502
M3072S4DAT	A110502
M3072S4LD	A110502
M3072SNCM	A1301
M3072SNDF	A0203
M3072SNINCM	A090805
M3072SNMC	A150204
M3074AHDF	A051201
M3074AHICHR	A0303
M3074CEDF	A0203
M3074DCMC	A0501
M3074DCMZ	A04
M3074DCNI	A26
M3074DCOT	A090805
M3074LAMS	A2101
M3074MMCB	A0801
M3074SNCM	A04
M3074SNDEM	A070908
M3074SNDF	A0203
M3074SNDJ	A0204
M3074SNEP	A0722
M3074SNINCM	A090805
M3074SNLR	A090808
M3074SNMC	A150204
M3074SNSD	A02
M3076AAMC	A04
M3076AAMZ	A0504
M3076C2MC	A04
M3076CEMZ	A0406
M3076CFMZ	A0504
M3076CXMZ	A0406
M3076DCAL	A0504
M3076DCBUR	A0402
M3076DCMDF	A0406
M3076DCNI	A26
M3076DSMZ	A0406
M3076FGMZ	A0504
M3076FTBUR	A0402
M3076FTDDC	A04
M3076TUAL	A0504
M3076TUBUR	A0402
M3077AAAL	A0504
M3077AALK	A0504
M3077BAMZ	A0504
M3077BGMZ	A041001
M3077CFAL	A0504
M3077CFLK	A0504
M3077DCAL	A0504
M3077DCCU	A041001
M3077DCDS	A180102
M3077DCLK	A0504
M3077DCMC	A041001
M3077DSCU	A041001
M3077DSMC	A041001
M3077FGMZ	A0504
M3077FRDS	A180102
M3077FTCU	A041001
M3077FTMC	A041001
M3077SIMS	A020602
M3077TUAL	A0504
M3077TULK	A0504
M3078AAAL	A0504
M3078AALK	A0504
M3078ALPM	A1601
M3078BRAL	A0504
M3078BRBK	A0401
M3078BRBUR	A0402
M3078BRCH	A0301
M3078BRCU	A041001
M3078BRDC	A1203
M3078BRDDC	A04
M3078BRDJ	A0204
M3078BRDS	A180102
M3078BRLIC	A1205
M3078BRLK	A0504
M3078BRMCN	A12
M3078BRMD	A0407
M3078BRMDF	A0406
M3078BRMS	A0202
M3078BRNI	A26
M3078BROBWD	A1409
M3078BROCWD	A0203
M3078BRPM	A1602
M3078BRSD	A02
M3078BRSPLT	A0414
M3078BRTP	A1004
M3078CEBK	A0401
M3078CECU	A041001
M3078CEDC	A12
M3078CELIC	A1205
M3078CEMCN	A12
M3078CEMDF	A0406
M3078CFAL	A0504
M3078CFLK	A0504
M3078CTCK	A0404
M3078CXBK	A0401
M3078CXCU	A041001
M3078DCCN	A12
M3078DCDS	A180102
M3078DCNI	A26
M3078DCSPLT	A0414
M3078DCTP	A1004
M3078DSBK	A0401
M3078DSCN	A1205
M3078DSCU	A041001
M3078DSDC	A12
M3078DSMCN	A12
M3078DSMDF	A0406
M3078DSPZ	A0414
M3078DSSPLT	A0414
M3078FGAL	A0504
M3078FGLK	A0504
M3078FTSPLT	A0414
M3078LAMS	A2101
M3078TUAL	A0504
M3078TULK	A0504
M3078TUMDF	A0406
M3078V1MC	A051104
M3079AAAL	A0504
M3079AALK	A0504
M3079BRMD	A0407
M3079CEBK	A0401
M3079CEDC	A12
M3079CELIC	A1205
M3079CEMCN	A12
M3079CEMDF	A0406
M3079CFAL	A0504
M3079CFLK	A0504
M3079CTCK	A0404
M3079CXMZ	A0401
M3079DC	A12
M3079DCAL	A0504
M3079DCDC	A1205
M3079DCDS	A180102
M3079DCLIC	A12
M3079DCLK	A0504
M3079DCMDF	A0406
M3079DCPZ	A0414
M3079DCSPLT	A0414
M3079DCTR	A0401
M3079DS	A12
M3079DSDC	A1205
M3079DSLIC	A12
M3079DSMDF	A0406
M3079DSPZ	A0414
M3079DSSPLT	A0414
M3079DSTR	A0401
M3079FGAL	A0504
M3079FGLK	A0504
M3079FRDS	A180102
M3079FTSPLT	A0414
M3079TUAL	A0504
M3079TULK	A0504
M3079TUMDF	A0406
M3080AAAL	A0504
M3080AALK	A0504
M3080CBMZ	A040104
M3080CEBK	A0401
M3080CELIC	A1205
M3080CEMCN	A12
M3080CEMDF	A0406
M3080CFSPLT	A0414
M3080CLMZ	A04
M3080CUMZ	A040104
M3080CXBK	A0401
M3080CXCN	A12
M3080CXMDF	A0406
M3080DCAL	A0504
M3080DCBK	A0401
M3080DCCK	A0404
M3080DCFILI	A1404
M3080DCLIC	A1205
M3080DCLK	A0504
M3080DCMCN	A12
M3080DCMDF	A0406
M3080DCMS	A020602
M3080DCMZ	A04
M3080DCSPLT	A0414
M3080DSBK	A0401
M3080DSCK	A0404
M3080DSLIC	A1205
M3080DSMCN	A12
M3080DSSPLT	A0414
M3080FGAL	A0504
M3080FGLK	A0504
M3080FGSPLT	A0414
M3080FLDS	A180102
M3080FRDS	A180102
M3080FTBK	A0401
M3080FTFILI	A1404
M3080FTMDF	A0406
M3080FTMF	A1404
M3080FTSPLT	A0414
M3080LAMS	A2101
M3080SIMS	A020602
M3080TUAL	A0504
M3080TULK	A0504
M3081CVEL	A070803
M3081CWEL	A070803
M3081DCEL	A070803
M3081DCMF	A0202
M3081DCPZ	A0202
M3081DIEL	A070803
M3081DSMS	A0202
M3081DSMZ	A0202
M3081HOEL	A070803
M3081PWEL	A070803
M3081PZEL	A070803
M3082AAMC	A0504
M3082BTDF	A150102
M3082BTEP	A0718
M3082CEMZ	A0401
M3082CFMZ	A0504
M3082CVEP	A0718
M3082CWEP	A0718
M3082CXMZ	A0401
M3082DCAL	A0504
M3082DCBK	A0401
M3082DCDF	A0504
M3082DCEP	A0718
M3082DIDF	A150102
M3082DIEP	A0718
M3082DSMZ	A0401
M3082FGMZ	A0504
M3082FLMZ	A0401
M3082HOEP	A0718
M3082PCDF	A150102
M3082PMDF	A150102
M3082PWDF	A150102
M3082PWEP	A0718
M3082PZDF	A150102
M3082PZEP	A0718
M3082TUMZ	A0504
M3082V1MC	A051104
M3082VCMC	A051104
M3082VOMC	A051104
M3082VRMC	A051104
M3083BAIF	A1406
M3083CFAL	A0504
M3083CFBL	A140902
M3083CFIF	A1406
M3083CFMF	A0504
M3083CFMPR	A0411
M3083CFMU	A0412
M3083CTMS	A020602
M3083DCBUR	A0402
M3083DCCS	A020602
M3083DCDF	A160105
M3083DCDJ	A0204
M3083DCDS	A180102
M3083DCHD	A22
M3083DCMD	A0407
M3083DCMDF	A0406
M3083DCMS	A0413
M3083DCNI	A26
M3083DCOBWD	A1409
M3083DCSPLT	A0414
M3083LADK	A2101
M3083LASD	A02
M3083TUMZ	A0204
M3085BTBT	A0705
M3085BTFP	A070803
M3085CBEL	A070908
M3085CBIM	A090204
M3085CBUOR	A090811
M3085DCDM	A2102
M3085DCNI	A26
M3085OVEL	A070803
M3085PZEL	A070803
M3086BPDPU	A0204
M3086BPMZ	A04
M3086BTBT	A0705
M3086BTCB	A0801
M3086BTFP	A070803
M3086CBCB	A0801
M3086CBDF	A070908
M3086CBEL	A070908
M3086CBHD	A2201
M3086CBHR	A090807
M3086CBIM	A090204
M3086CBUOR	A090811
M3086DCDM	A2102
M3086DCMS	A0204
M3086DCNI	A26
M3086DCSW	A1102
M3086MBMS	A0204
M3086OVEL	A070803
M3086OVFRFD	A0908
M3086OVOT	A0902
M3086PZEL	A070803
M3086RCCN	A12
M3086S4CDAT	A110502
M3086S4DAT	A110502
M3086S4LD	A110502
M3086TUFILI	A1404
M3087BPMZ	A04
M3087BTBT	A0705
M3087BTCB	A0801
M3087BTFP	A070803
M3087CBCB	A0801
M3087CBDF	A070908
M3087CBEL	A070908
M3087CBIM	A090204
M3087CBUOR	A090811
M3087DCEL	A0705
M3087DCHD	A22
M3087DCNI	A26
M3087LAHD	A22
M3087LAMS	A2101
M3087MESW	A1104
M3087OVEL	A070803
M3087OVOT	A0902
M3087PZEL	A070803
M3089BPMZ	A04
M3089CBOT	A090811
M3089CBUOR	A090811
M3089DCHD	A22
M3089DCNI	A26
M3089LAMS	A2101
M3089OVOT	A090808
M3089RCCN	A12
M3090BPMS	A020602
M3090BPMZ	A04
M3090BTBT	A0705
M3090BTCE	A08
M3090BTCH	A0301
M3090BTFCB	A0801
M3090BTFCH	A070603
M3090BTFP	A070803
M3090BTMF	A0801
M3090CBCE	A08
M3090CBCH	A0301
M3090CBCN	A1206
M3090CBEL	A070908
M3090CBFCB	A0801
M3090CBFRFD	A0908
M3090CBHR	A090807
M3090CBIE	A090204
M3090CBIM	A090204
M3090CBMC	A0508
M3090CBMF	A0801
M3090CBSW	A1104
M3090CBUOR	A090811
M3090DCAPVU	A110206
M3090DCBQ	A2202
M3090DCDF	A160105
M3090DCDM	A2102
M3090DCINF	A1102
M3090DCIUI	A22
M3090DCLMDG	A2301
M3090DCMC	A0508
M3090DCMZ	A04
M3090DCNI	A26
M3090LAMS	A2101
M3090MESW	A1104
M3090MODOP	A0203
M3090MOLMDG	A2301
M3090OVEL	A070803
M3090OVOT	A0902
M3090PCCN	A1203
M3090PZEL	A070803
M3090RCCN	A12
M3090S4CDAT	A110502
M3090S4DAT	A110502
M3090S4LD	A110502
M3090SNDC	A1203
M3090SNLIC	A12
M3091BPMZ	A04
M3091BTCH	A0301
M3091CBCH	A0301
M3091CBOT	A090811
M3091CBUOR	A090811
M3091DCCH	A0301
M3091DCHD	A22
M3091DCMS	A02
M3091DCNI	A26
M3091DCOCWD	A0203
M3091TUFILI	A1404
M3093OSDF	A0203
M3093OSMZ	A0407
M3093OSRFLR	A140508
M3094AHEC	A18
M3094BAIF	A1406
M3094BAMZ	A0504
M3094CELIC	A1205
M3094CEMCN	A12
M3094CFAL	A0504
M3094CFBL	A140902
M3094CFIF	A1406
M3094CFMC	A041001
M3094CFMF	A0504
M3094CFMPR	A0411
M3094CFMU	A0412
M3094CNMZ	A0406
M3094DCBK	A0401
M3094DCBUR	A0402
M3094DCCH	A0301
M3094DCCK	A0404
M3094DCCS	A020602
M3094DCDDC	A04
M3094DCDJ	A0204
M3094DCDPU	A0204
M3094DCDS	A180102
M3094DCEXP	A010401
M3094DCHD	A22
M3094DCIUI	A22
M3094DCMD	A0407
M3094DCMF	A22
M3094DCMS	A0413
M3094DCNI	A26
M3094DCOBWD	A1409
M3094DCPDQ	A0201
M3094DCPZ	A0414
M3094DCSJ	A040104
M3094DCSPLT	A0414
M3094LADF	A051201
M3094LADK	A2101
M3094LAHD	A2101
M3094LASD	A02
M3094TUDS	A180102
M3094TUKK	A0204
M3094TULK	A0504
M3094TUMDF	A0406
M3094TUMS	A020602
M3094TUOBWD	A1409
M3094TUSIFP	A010103
M3094V1DF	A160105
M3095DCBK	A0401
M3095DCCS	A020602
M3095DCDF	A160105
M3095DCDJ	A0204
M3095DCDS	A180102
M3095DCHD	A22
M3095DCMD	A0407
M3095DCMF	A22
M3095DCNI	A26
M3095DCPZ	A22
M3095DCSIFP	A010103
M3095DCSPLT	A0414
M3095LAMS	A02
M3095TUMS	A020602
M3095TUMZ	A0204
M3096AHEC	A18
M3096BAIF	A1406
M3096BAMZ	A0504
M3096CEDC	A1205
M3096CELIC	A1205
M3096CEMCN	A1205
M3096CFAL	A0504
M3096CFBL	A140902
M3096CFIF	A1406
M3096CFMC	A041001
M3096CFMF	A0504
M3096CFMPR	A0411
M3096CFMU	A0412
M3096CFPZ	A0411
M3096CTIF	A1413
M3096DCBUR	A0402
M3096DCCK	A0404
M3096DCCS	A020602
M3096DCDDC	A04
M3096DCDF	A160105
M3096DCDJ	A0204
M3096DCDS	A180102
M3096DCHD	A22
M3096DCIDC	A02
M3096DCMD	A0407
M3096DCMDF	A0406
M3096DCMF	A22
M3096DCMS	A0413
M3096DCNI	A26
M3096DCOBWD	A1409
M3096DCPZ	A0414
M3096DCSPLT	A0414
M3096DCTP	A1007
M3096LAHD	A2101
M3096LAMS	A2101
M3096TUBUR	A0402
M3096TUDS	A180102
M3096TUKK	A0204
M3096TUMDF	A0406
M3096TUMS	A020602
M3096TUOBWD	A1409
M3096TUSIFP	A010103
M3097CEDC	A1205
M3097CELIC	A12
M3097CEMCN	A1205
M3097CEMZ	A12
M3097CFIF	A1406
M3097DCBUR	A0402
M3097DCCN	A1203
M3097DCCS	A020602
M3097DCDJ	A0204
M3097DCDS	A180102
M3097DCHD	A22
M3097DCIDC	A02
M3097DCMD	A0407
M3097DCOBWD	A1409
M3097DCOCWD	A0203
M3097DCPZ	A0414
M3097DCSPLT	A0414
M3097LAHD	A2101
M3097LAIU	A2101
M3097LAMS	A2101
M3097LAUD	A2101
M3097TUCN	A1205
M3097TUMS	A020602
M3097TUMZ	A0204
M3097TUOBWD	A1409
M3097TUSIFP	A010103
M3097TUSPLT	A0414
M3101ALCB	A160105
M3101ALMC	A0508
M3101ALPM	A160105
M3101BCEL	A070603
M3101CELIC	A1205
M3101CEMCN	A12
M3101DCDFC	A0202
M3101DCMC	A160105
M3101DCNI	A26
M3101NEFRFD	A0908
M3101NELR	A090808
M3101NEUOR	A090811
M3101TUMZ	A0504
M3102ALPM	A160105
M3102BPDPU	A0204
M3102CBMS	A0202
M3102CECN	A12
M3102CVDFC	A0202
M3102CVDPU	A0204
M3102DCCS	A160105
M3102DCDDC	A04
M3102DCDFC	A0202
M3102DCDM	A2102
M3102DCDMG	A04
M3102DCDOP	A160105
M3102DCDS	A180102
M3102DCDVI	A0203
M3102DCLK	A0504
M3102DCMS	A0202
M3102DCNI	A26
M3102DCSPLT	A0414
M3102DIOT	A0902
M3102MOEL	A070803
M3102MOOT	A090204
M3102NBDF	A0203
M3102NBMC	A050401
M3102NBMF	A1004
M3102NBTP	A1004
M3102OVMS	A0202
M3102PWMS	A0202
M3102SBMS	A0202
M3103BCEL	A0706
M3103BTEL	A0705
M3103DCCM	A13
M3103DCDF	A160105
M3103DCDMG	A04
M3103DCHD	A22
M3103DCMD	A0407
M3103DCMS	A020602
M3103DCNI	A26
M3103DCNWN	A040507
M3103DCOT	A090204
M3103DIDF	A150102
M3103DIDSI	A090206
M3103DIID	A0902
M3103DSDF	A160105
M3103DSHD	A22
M3103DSI2	A20
M3103DSLMDG	A2301
M3103DSMS	A02
M3103MOCM	A13
M3103MOCN	A1206
M3103MODF	A0203
M3103MOOPNF	A110401
M3103MOOT	A090204
M3103MOSW	A1102
M3103NBDF	A160105
M3103NBEL	A070803
M3103NBMF	A0203
M3103PXOT	A09
M3103S4SW	A1102
M3104CECN	A12
M3104DCCS	A020602
M3104DCDJ	A0204
M3104DCMZ	A04
M3104DCNI	A26
M3104DCSPLT	A0414
M3104TUIF	A1408
M3107TUDS	A180102
M3107TUMS	A020602
M3107TUMZ	A04
M3107TUOBWD	A1409
M3110ALMC	A0508
M3110CECN	A12
M3110DCDDC	A04
M3110DCMC	A0501
M3110DCML	A040610
M3110DCMS	A0204
M3110DCNI	A26
M3110DCSPLT	A0414
M3110DSCS	A020602
M3110DSDJ	A0204
M3110DSDK	A2101
M3110DSSD	A02
M3110NBDF	A0203
M3110TUAL	A0504
M3110TUCK	A0404
M3110TUDS	A180102
M3110TUFLK	A050401
M3110TULK	A0504
M3110TUMD	A0407
M3110TUMS	A0204
M3110TUOBWD	A1409
M3110TUOCWD	A0203
M3111ALPM	A26
M3111BWMC	A26
M3111DCDM	A26
M3111DCMC	A26
M3111DCNI	A26
M3111ICEP	A26
M3111PMEL	A26
M3111TUMZ	A26
M3112BTEL	A0705
M3112CVMS	A0204
M3112DCCM	A13
M3112DCMS	A02
M3112DCMZ	A04
M3112DCNI	A26
M3112DIOT	A0902
M3112MOCM	A13
M3112MOCN	A1206
M3116BPDPU	A0204
M3116BTEL	A0705
M3116CBCN	A1206
M3116CBEL	A070908
M3116CBMC	A0508
M3116CBSW	A1104
M3116CECN	A12
M3116CLMS	A0202
M3116CLMZ	A04
M3116DCDDC	A04
M3116DCDF	A160105
M3116DCDMG	A04
M3116DCEL	A0708
M3116DCNI	A26
M3116DCOT	A090808
M3116DCSW	A1102
M3116DCTP	A1007
M3116DIOT	A0902
M3116FLEL	A070803
M3116IFINCM	A090805
M3116KPMZ	A04
M3116LAMS	A2101
M3116MESW	A1104
M3116MOSW	A1102
M3116S4CDAT	A110502
M3116S4DAT	A110502
M3116S4LD	A110502
M3116SNOT	A090808
M3120CBEL	A070908
M3120DCMS	A0205
M3120DCMZ	A04
M3120DCNI	A26
M3120IFINCM	A090805
M3120LAMS	A2101
M3120MOSW	A1102
M3120S4CDAT	A110502
M3120S4DAT	A110502
M3120S4LD	A110502
M3120SNDOP	A0203
M3120SNDVI	A0203
M3120SNFRFD	A0908
M3123BTEC	A0302
M3123BTEL	A0705
M3123CEHD	A2201
M3123CEIC	A170102
M3123DIDDC	A04
M3123DIDF	A0203
M3123DIDMG	A04
M3123DIDSI	A090206
M3123DIEL	A070803
M3123DIER	A090203
M3123DIIE	A090204
M3123DIIRP	A090208
M3123DILK	A0504
M3123DINDF	A090206
M3123DINI	A26
M3123DIPQI	A090208
M3123DISPLT	A0414
M3123HPDJ	A0204
M3123HPDMG	A04
M3123HPDOP	A04
M3123HPEL	A070803
M3123HPFP	A070803
M3123HPMC	A12
M3123HPMDF	A0406
M3123HPNI	A26
M3123HPPDQ	A0201
M3123HPSPLT	A0414
M3131C8EL	A070908
M3131CLEL	A070908
M3131DCDF	A070908
M3131DCMS	A020602
M3131DSMS	A020602
M3131ICEL	A070908
M3131PZEL	A070908
M3131S6MS	A020602
M3131SWEL	A070908
M3132C8EL	A070908
M3132CEMZ	A040104
M3132CLDDC	A04
M3132CLEL	A070908
M3132CLSJ	A040104
M3132ICEL	A070908
M3132LAMS	A2101
M3132MDMZ	A04
M3132PMMZ	A04
M3132PZEL	A070908
M3132SJMZ	A040104
M3132SWEL	A070908
M3133AHEL	A070908
M3133BTMZ	A04
M3133BTOT	A09
M3133CLEL	A070908
M3133CLMS	A0202
M3133CLMZ	A04
M3133DCCS	A020602
M3133DCDF	A22
M3133DCEL	A070908
M3133DCIDO	A09
M3133DCIE	A090204
M3133DCLIC	A12
M3133DCMCN	A1206
M3133DCPKG	A0204
M3133DSIE	A070908
M3133DSMS	A020602
M3133IFDS	A180102
M3133LAMS	A2101
M3133MDIDO	A09
M3133MDIE	A090204
M3133MDLIC	A12
M3133MDMCN	A1206
M3133MDMS	A020602
M3133MDMZ	A04
M3133MOOT	A090204
M3133OSEL	A070908
M3133OSOT	A09
M3133PMCN	A1206
M3133PMEL	A070908
M3133PMMZ	A04
M3133PMOT	A090204
M3133PWCN	A1206
M3133PWOT	A090204
M3133PZCN	A12
M3133PZEL	A070908
M3133PZIDO	A09
M3133PZIE	A090204
M3133S4CDAT	A110502
M3133S4DAT	A110502
M3133S4DOP	A110502
M3133S4LD	A110502
M3133SBEL	A070908
M3133SJOT	A09
M3137ALPM	A160105
M3137BTBT	A0705
M3137BTFCH	A070603
M3137CBCH	A0301
M3137CBCN	A1206
M3137CBEL	A070908
M3137CBSW	A1104
M3137CLMZ	A04
M3137CTMZ	A0404
M3137DCDFC	A0202
M3137DCDMG	A04
M3137DCEC1	A090204
M3137DCEC10	A090204
M3137DCEC12	A090204
M3137DCEC17	A090204
M3137DCEC18	A090204
M3137DCEC2	A090204
M3137DCEC225	A090204
M3137DCEC256	A090204
M3137DCEC257	A090204
M3137DCEC258	A090204
M3137DCEC259	A090204
M3137DCEC260	A090204
M3137DCEC261	A090204
M3137DCEC262	A090204
M3137DCEC263	A090204
M3137DCEC264	A090204
M3137DCEC265	A090204
M3137DCEC266	A090204
M3137DCEC267	A090204
M3137DCEC268	A090204
M3137DCEC269	A090204
M3137DCEC270	A090204
M3137DCEC271	A090204
M3137DCEC272	A090204
M3137DCEC273	A090204
M3137DCEC274	A090204
M3137DCEC275	A090204
M3137DCEC276	A090204
M3137DCEC277	A090204
M3137DCEC280	A090204
M3137DCEC281	A090204
M3137DCEC282	A090204
M3137DCEC283	A090204
M3137DCEC284	A090204
M3137DCEC285	A090204
M3137DCEC286	A090204
M3137DCEC287	A090204
M3137DCEC288	A090204
M3137DCEC289	A090204
M3137DCEC3	A090204
M3137DCEC48	A090204
M3137DCEC5	A090204
M3137DCEC50	A090204
M3137DCEC51	A090204
M3137DCEC512	A090204
M3137DCEC513	A090204
M3137DCEC514	A090204
M3137DCEC516	A090204
M3137DCEC517	A090204
M3137DCEC518	A090204
M3137DCEC519	A090204
M3137DCEC520	A090204
M3137DCEC521	A090204
M3137DCEC522	A090204
M3137DCEC523	A090204
M3137DCEC524	A090204
M3137DCEC525	A090204
M3137DCEC6	A090204
M3137DCEC701	A090204
M3137DCEC804	A090204
M3137DCEC9	A090204
M3137DCEC901	A090204
M3137DCEC902	A090204
M3137DCEC903	A090204
M3137DCEC904	A090204
M3137DCEC905	A090204
M3137DCEC907	A090204
M3137DCEC908	A090204
M3137DCEC909	A090204
M3137DCEC910	A090204
M3137DCEC912	A090204
M3137DCEC913	A090204
M3137DCEC920	A090204
M3137DCECP04	A090204
M3137DCEL	A0708
M3137DCMC	A04
M3137DCNI	A26
M3137DCOT	A090204
M3137DCSW	A110202
M3137DIDM	A2102
M3137DIDSI	A090206
M3137DIID	A0902
M3137DIPQI	A090208
M3137FLEL	A070803
M3137IFDF	A0203
M3137IFMZ	A04
M3137KPMZ	A04
M3137LAMS	A2101
M3137MESW	A1104
M3137MOOT	A090204
M3137S4CDAT	A110502
M3137S4DAT	A110502
M3137S4LD	A110502
M3137SNCN	A12
M3138CEMZ	A0401
M3138CEPZ	A0401
M3138CLBK	A0401
M3138CLDDC	A04
M3138CLDMG	A04
M3138CLEL	A070908
M3138CLOT	A090204
M3138DCNI	A26
M3138HOMZ	A0401
M3139BTEL	A0705
M3139CBSW	A1104
M3139CECN	A12
M3139CXCN	A12
M3139DCDMG	A04
M3139DCEC1	A090204
M3139DCEC10	A090204
M3139DCEC12	A090204
M3139DCEC17	A090204
M3139DCEC18	A090204
M3139DCEC2	A090204
M3139DCEC225	A090204
M3139DCEC256	A090204
M3139DCEC257	A090204
M3139DCEC258	A090204
M3139DCEC259	A090204
M3139DCEC260	A090204
M3139DCEC261	A090204
M3139DCEC262	A090204
M3139DCEC263	A090204
M3139DCEC264	A090204
M3139DCEC265	A090204
M3139DCEC266	A090204
M3139DCEC267	A090204
M3139DCEC268	A090204
M3139DCEC269	A090204
M3139DCEC270	A090204
M3139DCEC271	A090204
M3139DCEC272	A090204
M3139DCEC273	A090204
M3139DCEC274	A090204
M3139DCEC275	A090204
M3139DCEC276	A090204
M3139DCEC277	A090204
M3139DCEC280	A090204
M3139DCEC281	A090204
M3139DCEC282	A090204
M3139DCEC283	A090204
M3139DCEC284	A090204
M3139DCEC285	A090204
M3139DCEC286	A090204
M3139DCEC287	A090204
M3139DCEC288	A090204
M3139DCEC289	A090204
M3139DCEC3	A090204
M3139DCEC48	A090204
M3139DCEC5	A090204
M3139DCEC50	A090204
M3139DCEC51	A090204
M3139DCEC512	A090204
M3139DCEC513	A090204
M3139DCEC514	A090204
M3139DCEC516	A090204
M3139DCEC517	A090204
M3139DCEC518	A090204
M3139DCEC519	A090204
M3139DCEC520	A090204
M3139DCEC521	A090204
M3139DCEC522	A090204
M3139DCEC523	A090204
M3139DCEC524	A090204
M3139DCEC525	A090204
M3139DCEC6	A090204
M3139DCEC701	A090204
M3139DCEC804	A090204
M3139DCEC9	A090204
M3139DCEC901	A090204
M3139DCEC902	A090204
M3139DCEC903	A090204
M3139DCEC904	A090204
M3139DCEC905	A090204
M3139DCEC907	A090204
M3139DCEC908	A090204
M3139DCEC909	A090204
M3139DCEC910	A090204
M3139DCEC912	A090204
M3139DCEC913	A090204
M3139DCEC920	A090204
M3139DCECP04	A090204
M3139DCNI	A26
M3139DIOT	A0902
M3139FLEL	A070803
M3139HOEL	A0705
M3139HOMC	A04
M3139KPMZ	A04
M3139MDCN	A1206
M3139MDDF	A090204
M3139MESW	A1104
M3139MODSI	A090206
M3139MOIE	A090204
M3139MOSW	A1102
M3139OSEL	A070908
M3139PMEL	A0708
M3139S4CDAT	A110502
M3139S4DAT	A110502
M3139S4LD	A110502
M3140AHDF	A051201
M3140APEC	A18
M3140BTEC	A0302
M3140CECN	A12
M3140CEMZ	A0406
M3140CIMZ	A0401
M3140CLCM	A13
M3140CLFP	A070803
M3140CLFRFD	A0908
M3140CLFSN	A070908
M3140CLMC	A04
M3140CLMS	A0204
M3140CLOT	A090204
M3140CMMZ	A0401
M3140DCCM	A13
M3140DCECUNK	A27
M3140DCHD	A22
M3140DCHR	A090807
M3140DCIE	A090204
M3140DCLR	A090808
M3140DCMF	A22
M3140DCNI	A26
M3140LADK	A2101
M3140LASD	A02
M3140MOOT	A090204
M3140SNDMG	A04
M3140SNMC	A150204
M3140SNMS	A020602
M3141BTEL	A070803
M3141BTNI	A26
M3141DCDMG	A04
M3141DCEL	A070908
M3141DCHD	A2202
M3141DCNI	A26
M3141DSNI	A26
M3141FAEL	A070803
M3141MBEL	A070803
M3141SBEL	A070803
M3142ALDF	A150102
M3142ALPM	A1601
M3142BTBT	A0705
M3142BTCH	A0301
M3142BTDEM	A090204
M3142BTDF	A090204
M3142BTFCH	A070603
M3142BTFSN	A070908
M3142BTHD	A22
M3142BTNI	A26
M3142BTPB	A070504
M3142DCCS	A020602
M3142DCDEM	A090204
M3142DCDF	A0508
M3142DCDMG	A04
M3142DCDOP	A0203
M3142DCDPU	A0204
M3142DCDVI	A0203
M3142DCEC1	A090204
M3142DCEC10	A090204
M3142DCEC12	A090204
M3142DCEC17	A090204
M3142DCEC18	A090204
M3142DCEC2	A090204
M3142DCEC225	A090204
M3142DCEC256	A090204
M3142DCEC257	A090204
M3142DCEC258	A090204
M3142DCEC259	A090204
M3142DCEC260	A090204
M3142DCEC261	A090204
M3142DCEC262	A090204
M3142DCEC263	A090204
M3142DCEC264	A090204
M3142DCEC265	A090204
M3142DCEC266	A090204
M3142DCEC267	A090204
M3142DCEC268	A090204
M3142DCEC269	A090204
M3142DCEC270	A090204
M3142DCEC271	A090204
M3142DCEC272	A090204
M3142DCEC273	A090204
M3142DCEC274	A090204
M3142DCEC275	A090204
M3142DCEC276	A090204
M3142DCEC277	A090204
M3142DCEC280	A090204
M3142DCEC281	A090204
M3142DCEC282	A090204
M3142DCEC283	A090204
M3142DCEC284	A090204
M3142DCEC285	A090204
M3142DCEC286	A090204
M3142DCEC287	A090204
M3142DCEC288	A090204
M3142DCEC289	A090204
M3142DCEC3	A090204
M3142DCEC48	A090204
M3142DCEC5	A090204
M3142DCEC50	A090204
M3142DCEC51	A090204
M3142DCEC512	A090204
M3142DCEC513	A090204
M3142DCEC514	A090204
M3142DCEC516	A090204
M3142DCEC517	A090204
M3142DCEC518	A090204
M3142DCEC519	A090204
M3142DCEC520	A090204
M3142DCEC521	A090204
M3142DCEC522	A090204
M3142DCEC523	A090204
M3142DCEC524	A090204
M3142DCEC525	A090204
M3142DCEC6	A090204
M3142DCEC701	A090204
M3142DCEC804	A090204
M3142DCEC9	A090204
M3142DCEC901	A090204
M3142DCEC902	A090204
M3142DCEC903	A090204
M3142DCEC904	A090204
M3142DCEC905	A090204
M3142DCEC907	A090204
M3142DCEC908	A090204
M3142DCEC909	A090204
M3142DCEC910	A090204
M3142DCEC912	A090204
M3142DCEC913	A090204
M3142DCEC920	A090204
M3142DCECP04	A090204
M3142DCFP	A070803
M3142DCFSN	A070908
M3142DCID	A0902
M3142DCIE	A090204
M3142DCLIC	A12
M3142DCMC	A04
M3142DCMCN	A1206
M3142DCNDF	A090206
M3142DCNDO	A09
M3142DCOT	A090204
M3142DCPB	A070504
M3142DCPQI	A090208
M3142DIDM	A2102
M3142DIOT	A090204
M3142DSBT	A0705
M3142DSCH	A0301
M3142DSDEM	A090204
M3142DSDF	A090204
M3142DSEC6	A090204
M3142DSFSN	A070908
M3142DSIDO	A09
M3142DSNDF	A090206
M3142DSNDO	A09
M3142DSPB	A070504
M3142DSPQI	A090208
M3142FAMC	A0508
M3142FAOT	A090208
M3142MBMZ	A04
M3142MEEL	A0708
M3142MOEL	A070603
M3142MOOT	A090204
M3142OVCN	A1206
M3142OVDEM	A090204
M3142OVDF	A090204
M3142OVEC7	A090204
M3142OVIE	A090204
M3142OVMC	A0508
M3142PKMC	A0508
M3142PKPCSP	A110204
M3142SBEL	A0705
M3142SBMZ	A04
M3142SJOT	A090204
M3143BTEL	A0705
M3143BTFRFD	A0908
M3143CBCN	A1206
M3143CBEL	A070908
M3143DCDEM	A090204
M3143DCDMG	A04
M3143DCEC1	A090204
M3143DCEC10	A090204
M3143DCEC12	A090204
M3143DCEC17	A090204
M3143DCEC18	A090204
M3143DCEC2	A090204
M3143DCEC225	A090204
M3143DCEC256	A090204
M3143DCEC257	A090204
M3143DCEC258	A090204
M3143DCEC259	A090204
M3143DCEC260	A090204
M3143DCEC261	A090204
M3143DCEC262	A090204
M3143DCEC263	A090204
M3143DCEC264	A090204
M3143DCEC265	A090204
M3143DCEC266	A090204
M3143DCEC267	A090204
M3143DCEC268	A090204
M3143DCEC269	A090204
M3143DCEC270	A090204
M3143DCEC271	A090204
M3143DCEC272	A090204
M3143DCEC273	A090204
M3143DCEC274	A090204
M3143DCEC275	A090204
M3143DCEC276	A090204
M3143DCEC277	A090204
M3143DCEC280	A090204
M3143DCEC281	A090204
M3143DCEC282	A090204
M3143DCEC283	A090204
M3143DCEC284	A090204
M3143DCEC285	A090204
M3143DCEC286	A090204
M3143DCEC287	A090204
M3143DCEC288	A090204
M3143DCEC289	A090204
M3143DCEC3	A090204
M3143DCEC48	A090204
M3143DCEC5	A090204
M3143DCEC50	A090204
M3143DCEC51	A090204
M3143DCEC512	A090204
M3143DCEC513	A090204
M3143DCEC514	A090204
M3143DCEC516	A090204
M3143DCEC517	A090204
M3143DCEC518	A090204
M3143DCEC519	A090204
M3143DCEC520	A090204
M3143DCEC521	A090204
M3143DCEC522	A090204
M3143DCEC523	A090204
M3143DCEC524	A090204
M3143DCEC525	A090204
M3143DCEC6	A090204
M3143DCEC701	A090204
M3143DCEC804	A090204
M3143DCEC9	A090204
M3143DCEC901	A090204
M3143DCEC902	A090204
M3143DCEC903	A090204
M3143DCEC904	A090204
M3143DCEC905	A090204
M3143DCEC907	A090204
M3143DCEC908	A090204
M3143DCEC909	A090204
M3143DCEC910	A090204
M3143DCEC912	A090204
M3143DCEC913	A090204
M3143DCEC920	A090204
M3143DCECP04	A090204
M3143DCIE	A090204
M3143DCLMDG	A2301
M3143DCMC	A04
M3143DCMF	A090204
M3143DCNI	A26
M3143DCPQI	A090208
M3143DCSW	A110205
M3143DIDSI	A090206
M3143DIID	A0902
M3143DSOT	A090206
M3143FLEL	A070803
M3143HOEL	A0705
M3143KPMZ	A04
M3143MOOT	A090204
M3143MOSW	A1102
M3143OVFRFD	A0908
M3143PCCN	A1203
M3143PWEP	A0718
M3143PXOT	A09
M3143PZOT	A09
M3143SNDC	A1203
M3143SNDF	A0203
M3143SNLIC	A12
M3147BADF	A1406
M3147BAIF	A1406
M3147BAMZ	A0504
M3147CFAL	A0504
M3147CFBL	A140902
M3147CFIF	A1406
M3147CFMF	A0504
M3147CFMU	A0412
M3147DCBK	A0401
M3147DCHD	A22
M3147DCMD	A0407
M3147DCMS	A020602
M3147DCRFLR	A140508
M3147DCSIFP	A010103
M3147DSMS	A020602
M3147FTMZ	A0402
M3147TUSIFP	A010103
M3148AHDF	A051201
M3148AHEC	A18
M3148CBMC	A0508
M3148CFIF	A1406
M3148CNCN	A1203
M3148CNDF	A0203
M3148CNHD	A22
M3148DCBK	A0401
M3148DCDDC	A04
M3148DCDF	A160105
M3148DCHD	A22
M3148DCMC	A050701
M3148DCMF	A22
M3148DCMS	A020602
M3148DCNI	A26
M3148DCSPLT	A0414
M3148LADK	A2101
M3148LASD	A02
M3148SNMS	A0204
M3148TUMS	A020602
M3148TUMZ	A0406
M3148TUSIFP	A010103
M3149BADF	A1406
M3149BAIF	A1406
M3149BAMZ	A0504
M3149CEMZ	A0401
M3149CFAL	A0504
M3149CFIF	A1406
M3149CFMF	A0504
M3149CFMU	A0412
M3149CNDF	A0203
M3149CNHD	A22
M3149DCCN	A1203
M3149DCDF	A160105
M3149DCHD	A22
M3149DCPZ	A22
M3149FTMZ	A0402
M3149TUSIFP	A010103
M3151BADF	A1406
M3151BAIF	A1406
M3151BAMZ	A0504
M3151CEDC	A1205
M3151CELIC	A1205
M3151CFAL	A0504
M3151CFBL	A140902
M3151CFIF	A1406
M3151CFMC	A041001
M3151CFMF	A0504
M3151CNMZ	A0406
M3151CNSIFP	A010103
M3151CTIF	A1413
M3151CTMZ	A0404
M3151DCBK	A0401
M3151DCCN	A1203
M3151DCDF	A160105
M3151DCHD	A22
M3151DCMD	A0407
M3151DCMS	A02
M3151DCNI	A26
M3151DCOBWD	A1409
M3151DCPZ	A0414
M3151DCRFLR	A140508
M3151DCSIFP	A010103
M3151DCSPLT	A0414
M3151DCTR	A0413
M3151FRDS	A180102
M3151LADK	A2101
M3151LAHD	A2101
M3151LASD	A02
M3151OSMZ	A0407
M3151SNMS	A0204
M3151TUDS	A180102
M3151TUKK	A0204
M3151TUMDF	A0406
M3151TUSIFP	A010103
M3152DCMZ	A0407
M3153BADF	A1406
M3153BAIF	A1406
M3153BAMZ	A0504
M3153CEMC	A051104
M3153CFAL	A0504
M3153CFBL	A140902
M3153CFIF	A1406
M3153CFMF	A0504
M3153CFMU	A0412
M3153CNCN	A1203
M3153CNDF	A0203
M3153CNHD	A22
M3153CTMZ	A0404
M3153DCCN	A1203
M3153DCHD	A22
M3153DCMD	A0407
M3153DCMS	A020602
M3153DCSPLT	A0413
M3153DSMS	A020602
M3153FTMZ	A0402
M3153LAMS	A02
M3153TUMS	A020602
M3153TUMZ	A0406
M3153TUSIFP	A010103
M3163SNCN	A1203
M3163SNCS	A020602
M3163SNDK	A2101
M3163SNDOP	A0203
M3163SNDS	A180102
M3163SNEC	A18
M3163SNEL	A070908
M3163SNFAB	A051201
M3163SNFRFD	A0908
M3163SNHD	A22
M3163SNIE	A090204
M3163SNINCM	A090805
M3163SNLR	A090808
M3163SNMC	A0508
M3163SNMZ	A04
M3163SNNDO	A0907
M3169DCIDC	A02
M3169DCKK	A0204
M3169DCMDF	A0406
M3169DCPDQ	A0201
M3170CELIC	A1205
M3170CEMCN	A12
M3170CFAL	A0504
M3170CFIF	A140902
M3170CFMS	A0413
M3170CFMU	A0412
M3170CLMZ	A04
M3170DSMS	A02
M3170IFHR	A090807
M3170IFIITR	A0908
M3170IFLR	A090808
M3170IFNDO	A0907
M3170LAMS	A2101
M3170MODF	A090204
M3170TEEC	A18
M3172DCDJ	A0204
M3172DSMS	A02
M3172IFOT	A090808
M3172LAMS	A02
M3172SEDF	A051201
M3172SEMZ	A04
M3172TEEC	A18
M3175AHDF	A051201
M3175DCBK	A0401
M3175DCHD	A22
M3175DCMD	A0407
M3175DCMS	A020602
M3175FRDS	A180102
M3175LAMS	A2101
M3175SNMS	A0204
M3175TUDS	A180102
M3175TUHD	A22
M3176BAIF	A1406
M3176BAMZ	A0504
M3176CECN	A1203
M3176CFAL	A0504
M3176CFBL	A140902
M3176CFIF	A1406
M3176CFMF	A0504
M3176CFMPR	A0411
M3176CNHD	A22
M3176CNMS	A020602
M3176DCBK	A0401
M3176DCDOP	A160105
M3176DCDVI	A0203
M3176DCMD	A0407
M3176DCML	A040610
M3176DCMS	A020602
M3176DCNI	A26
M3176DCOBWD	A1409
M3176DCPZ	A0414
M3176DCSPLT	A0414
M3176DCTR	A0413
M3176FRDS	A180102
M3176FTMZ	A0402
M3176SIMS	A020602
M3176SNMS	A0204
M3176TUIC	A010103
M3176TUSIFP	A010103
M3177BAIF	A1406
M3177BAMZ	A0504
M3177CECN	A12
M3177CFAL	A0504
M3177CFIF	A1406
M3177CFMF	A0504
M3177CFMPR	A0411
M3177CFMU	A0412
M3177CNHD	A22
M3177DCDOP	A160105
M3177DCDVI	A0203
M3177DCHD	A22
M3177DCMS	A020602
M3177DCOBWD	A1409
M3177FTMZ	A0402
M3177LADK	A2101
M3177LAHD	A2101
M3177LASD	A02
M3177TUSIFP	A010103
M3177V1DF	A160105
M3178CEDC	A12
M3178CELIC	A1205
M3178CFMZ	A041001
M3178CTMZ	A0404
M3178DCBK	A0401
M3178DCCN	A1203
M3178DCMS	A0413
M3178DCNI	A26
M3178DCPZ	A0414
M3178DCSPLT	A0414
M3178FGMZ	A0401
M3178SNMS	A0204
M3178TUCN	A1203
M3178TUMZ	A0204
M3178TUSIFP	A010103
M3179BAIF	A1406
M3179BAMZ	A0504
M3179CFAL	A0504
M3179CFBL	A140902
M3179CFIF	A1406
M3179CFMF	A0504
M3179CFMPR	A0411
M3179DCMZ	A0401
M3179DCNI	A26
M3179FRDS	A180102
M3179LAMS	A02
M3179SNMS	A0204
M3179TUDS	A180102
M3179TUIC	A010103
M3179TUSIFP	A010103
M3182ALDAS	A1601
M3182ALFA	A160105
M3182ALNAUA	A160102
M3182DCDOP	A05
M3182DCI2	A20
M3182DCIIHP	A2105
M3182DCMJ	A0506
M3182DCTP	A1007
M3182DIOT	A090206
M3182PWEL	A070803
M3182S4CDAT	A110502
M3182S4DAT	A110502
M3182S4DEM	A070908
M3182S4HD	A22
M3182S4ID	A0902
M3182S4IE	A070908
M3182S4INF	A1102
M3182S4IUI	A22
M3182S4LD	A110502
M3182S4MF	A070908
M3182S4OPNF	A110401
M3182S4OT	A090204
M3185BWTP	A1004
M3185CEMZ	A0406
M3185CLCN	A1205
M3185DCBK	A0401
M3185DCCH	A0301
M3185DCDDC	A04
M3185DCNI	A26
M3185DCOT	A090807
M3185DIDM	A2102
M3185KPEL	A070803
M3185MODF	A090204
M3185SNLR	A090808
M3185SNNDO	A0907
M3185SWEL	A070803
M3185WRCH	A0301
M3186ALPM	A160105
M3186BWTP	A1004
M3186DCBK	A0401
M3186DCDDC	A04
M3186DCNI	A26
M3186DIDM	A2102
M3186KPEL	A070803
M3186MODF	A090204
M3186NOCN	A12
M3186PWEL	A070803
M3186SNLR	A090808
M3186SNNDO	A0907
M3186SWMZ	A04
M3186WRCH	A0301
M3189BWMS	A0202
M3189DCMS	A0204
M3189DCNI	A26
M3189DCTP	A1004
M3189DIDM	A2102
M3189MODF	A090204
M3189SWEL	A070803
M3189TPEC11	A090204
M3189TPEC12	A090204
M3190ALDAS	A1601
M3190ALFA	A160105
M3190BWMS	A0202
M3190DCMS	A04
M3190DCMZ	A04
M3190DCNI	A26
M3190DCTP	A1004
M3190DIDM	A2102
M3190MODF	A090204
M3190NOCN	A12
M3190PWEL	A070803
M3190TPEC11	A090204
M3190TPEC12	A090204
M3191ALMC	A0508
M3191ALPM	A160105
M3191BWMS	A0202
M3191DCCK	A0404
M3191DCCS	A020602
M3191DCDDC	A04
M3191DCDF	A0203
M3191DCEC11	A090204
M3191DCEC12	A090204
M3191DCEC13	A090204
M3191DCEC131	A090204
M3191DCEC132	A090204
M3191DCEC133	A090204
M3191DCEC138	A090204
M3191DCEC14	A090204
M3191DCEC140	A090204
M3191DCEC144	A090204
M3191DCEC145	A090204
M3191DCEC15	A090204
M3191DCEC152	A090204
M3191DCEC157	A090204
M3191DCEC158	A090204
M3191DCEC159	A090204
M3191DCEC16	A090204
M3191DCEC163	A090204
M3191DCEC165	A090204
M3191DCEC17	A090204
M3191DCEC175	A090204
M3191DCEC176	A090204
M3191DCEC177	A090204
M3191DCEC178	A090204
M3191DCEC179	A090204
M3191DCEC181	A090204
M3191DCEC182	A090204
M3191DCEC184	A090204
M3191DCEC186	A090204
M3191DCEC202	A090204
M3191DCEC204	A090204
M3191DCEC205	A090204
M3191DCEC207	A090204
M3191DCEC211	A090204
M3191DCEC213	A090204
M3191DCEC214	A090204
M3191DCEC215	A090204
M3191DCEC28	A090204
M3191DCEC29	A090204
M3191DCEC3	A090204
M3191DCEC30	A090204
M3191DCEC31	A090204
M3191DCEC32	A090204
M3191DCEC33	A090204
M3191DCEC38	A090204
M3191DCEC45	A090204
M3191DCEC46	A090204
M3191DCEC48	A090204
M3191DCEC49	A090204
M3191DCEC5	A090204
M3191DCEC51	A090204
M3191DCEC6	A090204
M3191DCECC53	A090204
M3191DCECP04	A090204
M3191DCIDC	A02
M3191DCNI	A26
M3191DCSD	A0207
M3191FTLMDG	A2301
M3191KPEL	A070803
M3191MODF	A090204
M3191NOCN	A12
M3191SWEL	A070803
M3192ALMC	A0508
M3192BWMS	A0202
M3192CWSFTW	A11
M3192DCDS	A180102
M3192DCNI	A26
M3192DCTP	A1004
M3192NOCN	A12
M3193DCCS	A020602
M3193DCDPU	A0204
M3193DCNI	A26
M3193DCPM	A1601
M3193MODF	A090204
MANUAL	A090302
MBNLKP	A050701
MDIFAD	A040102
MECORE	A24
MEDCRT	A24
MESHDEG	A0405
MESHRK	A04
MIGRATE	A0104
MISBARB	A020602
MISCNA	A170101
MISFIR	A050502
MNFLUSH	A0406
MNOVABADEG	A070504
MNOVABRACKET	A20
MNOVACCBRO	A04
MNOVACDCJA	A04
MNOVACDPLE	A090207
MNOVACEOLP	A070504
MNOVACHARDAM	A04
MNOVACHARDRO	A040102
MNOVACHARG	A070603
MNOVACHRPOWE	A0708
MNOVACNPWN	A070503
MNOVACPSLE	A0902
MNOVALEDIN	A090201
MNOVALEDNO	A090201
MNOVAMMBRO	A040507
MNOVAMMCOR	A040502
MNOVANOCHG	A070504
MNOVANOLED	A090207
MNOVANOTFU	A070602
MNOVANOTSU	A070504
MNOVAPOWLP	A070504
MNTMDF	A110701
MOISTU	A0201
MONADT	A1502
MOVEOF	A0512
MRACMINRMS	A090805
MRAIR15CB	A04
MRAIR15CNDIF	A12
MRAIRAUDNOIS	A1901
MRAIRAUDNRD	A1901
MRAIRBLUECAP	A230501
MRAIRBREAKAG	A0413
MRAIRBREAKNR	A0413
MRAIRBRKFLAG	A23
MRAIRCANLENG	A020102
MRAIRCANROU	A0411
MRAIRCAPAIR	A01
MRAIRCAPOBST	A1409
MRAIRCATSTCK	A0509
MRAIRCHIPCRK	A0404
MRAIRCIRDISC	A1203
MRAIRCNDNFF	A23
MRAIRCNTFRNG	A18
MRAIRCNTFRNR	A18
MRAIRCOMPTRN	A0414
MRAIRCONNSEP	A1203
MRAIRCOSDAM	A25
MRAIRCRCKCNR	A0404
MRAIRCTRADIM	A0411
MRAIRCUFFBRT	A23
MRAIRCUFFDIS	A04
MRAIRCUFFHER	A020102
MRAIRCUFFIND	A23
MRAIRCUFFLK	A050402
MRAIRCUFFPIN	A041001
MRAIRCUFFSEA	A050705
MRAIRCUFFSPL	A0414
MRAIRCURVE	A020102
MRAIRCUTTEAR	A0414
MRAIRCWDFL	A23
MRAIRCWIFL	A23
MRAIRDIMDIAM	A020102
MRAIRDISCLNR	A0407
MRAIRDISCLRD	A0407
MRAIRDROPPED	A051203
MRAIRDUDRPNR	A27
MRAIRDUDRPR	A27
MRAIREINPACT	A0101
MRAIREMPTY	A020602
MRAIREVACSEP	A1202
MRAIREXPIRED	A210101
MRAIRFENALGN	A050701
MRAIRFENALNR	A050701
MRAIRFLHUBS	A1203
MRAIRFLTBS	A1203
MRAIRFOOB	A02
MRAIRFRAUD	A020102
MRAIRH20LEAK	A050401
MRAIRHDDISCN	A0413
MRAIRHOTFLME	A10
MRAIRHOTFLNR	A10
MRAIRHUMDESG	A22
MRAIRHUMFUNC	A22
MRAIRHUMUNR	A22
MRAIRHUMUSE	A22
MRAIRICANINT	A23
MRAIRICANSEP	A12
MRAIRINCFENE	A020102
MRAIRINCPRDT	A020602
MRAIRINCPRNR	A020602
MRAIRINSTALL	A20
MRAIRLABDAM	A21
MRAIRLABEL	A21
MRAIRLABNR	A21
MRAIRLANZDEF	A020102
MRAIRLKEVAC	A050402
MRAIRLPLBAL	A050402
MRAIRMALFORM	A0406
MRAIRMECHFAI	A05
MRAIRMECHTB	A0414
MRAIRMISFENE	A040507
MRAIRMISLABL	A210105
MRAIRMISLANR	A210105
MRAIRMRKDAM	A2101
MRAIRNCOLRCH	A0302
MRAIROBBRKSP	A0414
MRAIROBSTOBS	A0509
MRAIROBSTRT	A1409
MRAIRPCKDEF	A04
MRAIRPLBALSM	A23
MRAIRPLLINE	A23
MRAIRPLVALV	A23
MRAIRREBRAND	A21
MRAIRREBRANR	A21
MRAIRRESFLOW	A140902
MRAIRSKIN	A01
MRAIRSKINNR	A01
MRAIRSPONTAN	A0101
MRAIRSPONTNR	A0101
MRAIRSTICKY	A0509
MRAIRSTYSHEA	A0406
MRAIRTBHUBS	A1203
MRAIRTBKINK	A0406
MRAIRTWISTLK	A23
MRAIRVLLK	A23
MRBIOACTIS	A11
MRBIOADHFAL	A040102
MRBIOADHHAR	A150207
MRBIOADHIRT	A01
MRBIOADHTER	C0706
MRBIOALINQ	A11
MRBIOALWIS	A090204
MRBIOAPCL	A11
MRBIOBLFL	A1105
MRBIOBLMCON	A13
MRBIOBRFQIS	A11
MRBIOBRINQ	A11
MRBIOBTEOL	A070504
MRBIOBTFL	A070504
MRBIOCFGIS	A11
MRBIOCRFL	A11
MRBIOCRSAP	A11
MRBIODMGPKG	A0207
MRBIODOA	A0708
MRBIODUPREG	A11
MRBIOETHNC	A13
MRBIOETWFNC	A13
MRBIOGENINQ	A2201
MRBIOLABEL	A210105
MRBIOLEDINQ	A1105
MRBIOLIQDMG	A18
MRBIOLSTH	A020602
MRBIOMISIT	A020602
MRBIOMSMINQ	A11
MRBIONDISDA	A090206
MRBIONONETW	A13
MRBIONORES	A27
MRBIONOSYNC	A11
MRBIONOTCH	A0706
MRBIOOREXP	C0706
MRBIOORIS	A13
MRBIOOTHIS	A23
MRBIOPAIERR	A11
MRBIOPHYSDM	A020102
MRBIOREGCOD	A210105
MRBIOSWINTIS	A11
MRBIOTHERR	A1301
MRBIOUICLIS	A090201
MRBIOWAIOR	A090204
MRBIOWIFINC	A13
MRBIOWRDT	A11
MRBISALARMR	A1601
MRBISAUTOCYC	A070803
MRBISAWARE	A23
MRBISB1000	A090204
MRBISB109	A090204
MRBISB13	A090204
MRBISB14	A090204
MRBISB16	A090204
MRBISB2000	A090204
MRBISB202	A090204
MRBISB27	A090204
MRBISB28	A090204
MRBISB29	A090204
MRBISB2902	A090204
MRBISB30	A090204
MRBISB3000	A090204
MRBISB31	A090204
MRBISB33	A090204
MRBISB34	A090204
MRBISB4000	A090204
MRBISB500	A090204
MRBISB5000	A090204
MRBISB502	A090204
MRBISB503	A090204
MRBISB504	A090204
MRBISB505	A090204
MRBISB507	A090204
MRBISB508	A090204
MRBISB510	A090204
MRBISB511	A090204
MRBISB513	A090204
MRBISB516	A090204
MRBISB517	A090204
MRBISB522	A090204
MRBISB523	A090204
MRBISB523R	A090204
MRBISB524	A090204
MRBISB527	A090204
MRBISB531	A090204
MRBISB532	A090204
MRBISB533	A090204
MRBISB534	A090204
MRBISB536	A090204
MRBISB537	A090204
MRBISB538	A090204
MRBISB539	A090204
MRBISB540	A090204
MRBISB541	A090204
MRBISB544	A090204
MRBISB545	A090204
MRBISB548	A090204
MRBISB549	A090204
MRBISB6000	A090204
MRBISB83	A090204
MRBISB92	A090204
MRBISB94	A090204
MRBISB95	A090204
MRBISB96	A090204
MRBISBISHRED	A090807
MRBISBISHRER	A090807
MRBISBISLRED	A090808
MRBISBISLWRE	A090808
MRBISBISXNR	A13
MRBISBRKNCNT	A0404
MRBISCABDAMM	A0414
MRBISCABDAMP	A0414
MRBISCHEMEX	A0303
MRBISCMPTVIR	A1105
MRBISCNDNFF	A23
MRBISCNFM	A1207
MRBISCNFSC	A1207
MRBISCNTFRNG	A18
MRBISCNTFRNR	A18
MRBISCOMPDEF	A020102
MRBISCONTISS	A1208
MRBISCYBER	A1105
MRBISDATFAIL	A1107
MRBISDISDAM	A051203
MRBISDISDEF	A0902
MRBISDISINVT	A090205
MRBISDNWBTPW	A070503
MRBISDROPNR	A070903
MRBISDROPR	A070903
MRBISDUDRPNR	A27
MRBISDUDRPR	A27
MRBISERROR	A090204
MRBISFANNOIS	A0508
MRBISFLUIDSC	A190501
MRBISFOOB	A02
MRBISFOOS	A230502
MRBISFRAUD	A020102
MRBISHACKING	A1105
MRBISHEAT	A1004
MRBISHOTFLME	A10
MRBISHYPCDAM	A12
MRBISHYPCLOO	A12
MRBISIMPCKFA	A1301
MRBISIMPHIGH	A072201
MRBISINCPRDT	A020602
MRBISINCREAD	A090805
MRBISINREADN	A090805
MRBISKYFAI	A23
MRBISLABEL	A21
MRBISLABELR	A21
MRBISMSF	A11
MRBISNOGEL	A0406
MRBISNOREAD	A090811
MRBISNOREADR	A090811
MRBISOFFPRGM	A1102
MRBISPCKDEF	A04
MRBISPHYSCAL	A040507
MRBISPICFAI	A23
MRBISSFTWERR	A090204
MRBISSHOCK	A0714
MRBISSKIN	A01
MRBISSNNTREC	A13
MRBISUNERR	A0401
MRBISUSBNTRE	A12
MRBISWTOFF	A0718
MRBISWTON	A070803
MRBSAIRLK	A050402
MRBSBAGFTC	A0414
MRBSBAGPINH	A041001
MRBSBREAKAG	A0413
MRBSBREAKNR	A0413
MRBSBRKNCNT	A12
MRBSCASEDEF	A0406
MRBSCHIPCRK	A0404
MRBSCIRDISC	A1203
MRBSCIRHOLE	A0414
MRBSCNDNFF	A23
MRBSCNTFRNG	A18
MRBSCOMPTRN	A0414
MRBSCONISSU	A1207
MRBSCONNSEP	A1203
MRBSCUTTEAR	A0414
MRBSDEFORM	A0406
MRBSDEFORMC	A1207
MRBSDISCLRD	A0407
MRBSDNHUMI	A020102
MRBSDUDRPNR	A27
MRBSDUDRPR	A27
MRBSEVLALRM	A1601
MRBSEVLNCL	A23
MRBSFLBLKD	A1404
MRBSFLEAKT	A23
MRBSFLMALF	A1404
MRBSFOOB	A02
MRBSFRAUD	A020102
MRBSH20DEF	A23
MRBSH20LEAK	A050401
MRBSHEAT	A1004
MRBSHOTFLME	A10
MRBSINASSMB	A2305
MRBSINCPRDT	A020602
MRBSLABEL	A21
MRBSLOOSECN	A1205
MRBSMALFORM	A0406
MRBSMECHFAI	A05
MRBSMISLABL	A210105
MRBSOBSTRT	A1409
MRBSPCKDEF	A04
MRBSPHYSCAL	A040507
MRBSSUCISSU	A020102
MRBSTBHUBS	A1203
MRBSVALDNW	A23
MRBSWNTINT	A020102
MRCAPALARM	A1601
MRCAPAUDNOIS	A1901
MRCAPAUTOCYC	A070803
MRCAPBATTERY	A070503
MRCAPCABDAM	A0414
MRCAPCALBRF	A0801
MRCAPCALBRR	A08
MRCAPCLOGN	A210103
MRCAPCMPTVIR	A1105
MRCAPCNDNFF	A23
MRCAPCNTFRNG	A18
MRCAPCNTFRNR	A18
MRCAPCOMFAI	A13
MRCAPCOMPDEF	A020102
MRCAPCYBER	A1105
MRCAPDEFSPKR	A0508
MRCAPDISDAM	A051203
MRCAPDISDEF	A0902
MRCAPDNCMPT	A1603
MRCAPDROPNR	A070903
MRCAPDROPPED	A051203
MRCAPDROPR	A070903
MRCAPDUDRPNR	A27
MRCAPDUDRPR	A27
MRCAPEIPI	A090203
MRCAPERRBRDC	A090204
MRCAPERRCKCO	A11
MRCAPERRCKUT	A090204
MRCAPERREADG	A090203
MRCAPERREADO	A090203
MRCAPERROR	A090204
MRCAPERRSO2	A090204
MRCAPFLBLKD	A1404
MRCAPFLBLKR	A1404
MRCAPFLNDIS	A150302
MRCAPFLNOTRG	A1404
MRCAPFOOB	A02
MRCAPFOOS	A230502
MRCAPFRAUD	A020102
MRCAPGLEDB	A150101
MRCAPHACKING	A1105
MRCAPHEAT	A1004
MRCAPHIPI	A090808
MRCAPHIREAD	A090807
MRCAPHIREADG	A090807
MRCAPHIREADO	A090807
MRCAPHOTFLME	A10
MRCAPHUMFUNC	A22
MRCAPINCPRDT	A020602
MRCAPINCREAD	A090805
MRCAPINREADN	A090805
MRCAPKYFAI	A23
MRCAPLABEL	A21
MRCAPLABELR	A21
MRCAPLIPI	A090808
MRCAPLOOSECN	A12
MRCAPLREADG	A090808
MRCAPLREADO	A090808
MRCAPLWREAD	A090808
MRCAPMECHFAI	A05
MRCAPMECHFLR	A05
MRCAPMNCHB	A0706
MRCAPNIPI	A090808
MRCAPNOALMR	A1601
MRCAPNOREADG	A090811
MRCAPNOREADO	A070903
MRCAPNOREADR	A090811
MRCAPOBSTRR	A1409
MRCAPOBSTRT	A1409
MRCAPOFFPRGM	A1102
MRCAPPCKDEF	A04
MRCAPPHYSCAL	A040507
MRCAPSNNTREC	A13
MRCAPSPOSNCN	A12
MRCAPSTUPMEM	A1107
MRCAPUPGRADE	A110402
MRCAPVOLUME	A160103
MRCAPWTOFF	A070803
MRCAPWTON	A070803
MRCGCIDNR	A27
MRCGCOUFE	A020102
MRCGCOVI	A1105
MRCGCYAT	A1105
MRCGDCDWN	A11
MRCGDEVNA	A1101
MRCGDUDRPR	A27
MRCGERRM	A11
MRCGFOOB	A230502
MRCGFOOS	A02
MRCGHACK	A1105
MRCGHUMFAC	A21
MRCGIHL7	A11
MRCGIPADD	A11
MRCGLANCO	A11
MRCGLOWDIS	A13
MRCGMDBFA	A11
MRCGMECFAI	A05
MRCGMISPP	A11
MRCGNOMEM	A11
MRCGNOPOW	A0708
MRCGNOUPP	A11
MRCGPATP	A11
MRCGSERDOW	A11
MRCGSLOWP	A0908
MRCGSRVRF	A11
MRCGTRAING	A21
MRCHLANHD	A07
MREUNRTRN	A26
MRINHADMDIS	A110201
MRINHAIRLK	A050402
MRINHALARM	A1601
MRINHALRMCNT	A1601
MRINHALRMCON	A160105
MRINHAUDNOIS	A1901
MRINHBATTDEF	A070504
MRINHBATTERY	A070503
MRINHBOOTFAI	A1104
MRINHBREAKAG	A0413
MRINHCASEDEF	A0406
MRINHCLBRIDG	A1302
MRINHCNDNFF	A23
MRINHCNTFRNG	A18
MRINHCOMFAI	A13
MRINHCOMPDEF	A020102
MRINHCONISSU	A1207
MRINHCONNSEP	A1203
MRINHCRCKMLD	A0404
MRINHCUSTNET	A1305
MRINHDISBLK	A090206
MRINHDISCLRD	A0407
MRINHDISDEF	A0902
MRINHDROPPED	A051203
MRINHDUDRPNR	A27
MRINHDUDRPR	A27
MRINHERROR	A090204
MRINHEXITED	A1102
MRINHFANNOIS	A0508
MRINHFOOB	A02
MRINHFRAUD	A020102
MRINHGAINACC	A090805
MRINHGALEAK	A050402
MRINHGCDNW	A23
MRINHH20DAM	A190501
MRINHH20LEAK	A050401
MRINHHEATDEF	A1004
MRINHHOTFLM	A10
MRINHHUMUSE	A22
MRINHINASSMB	A2305
MRINHINCPRDT	A020602
MRINHINGLIQD	A050401
MRINHLABEL	A21
MRINHLEAKS	A050402
MRINHLINBRK	A23
MRINHLOCKUP	A110201
MRINHMECHFAI	A05
MRINHMELTCOM	A040610
MRINHMISALIN	A040609
MRINHNEBULIZ	A23
MRINHNOFLOW	A140901
MRINHOBSTRT	A1409
MRINHP10	A090204
MRINHPCBDEF	A23
MRINHPCKDEF	A04
MRINHPHYSCAL	A040507
MRINHPPCBDEF	A23
MRINHPRNTDEF	A23
MRINHPWRSWTH	A23
MRINHSFTWLCK	A110201
MRINHSWDEF	A23
MRINHSYSERR	A090204
MRINHWNNEB	A23
MRINHWORN	A040507
MRINHWTON	A070803
MRINVALARM	A1601
MRINVAUDNOIS	A1901
MRINVAUTOCYC	A070803
MRINVBATTERY	A070503
MRINVCABDAM	A0414
MRINVCABDEFW	A1207
MRINVCMPTVIR	A1105
MRINVCNDNFF	A23
MRINVCNTFRNG	A18
MRINVCNTFRNR	A18
MRINVCOMFAI	A13
MRINVCOMPDAM	A0404
MRINVCOMPDEF	A020102
MRINVCYBER	A1105
MRINVDISBLK	A090206
MRINVDISDAM	A051203
MRINVDISDEF	A0902
MRINVDISGON	A0902
MRINVDISOFFG	A07
MRINVDNCMPT	A1603
MRINVDROPNR	A070903
MRINVDROPPED	A051203
MRINVDROPR	A070903
MRINVDUDRPNR	A27
MRINVDUDRPR	A27
MRINVERREADO	A090203
MRINVERREADR	A090203
MRINVERROR	A090204
MRINVFOOB	A02
MRINVFOOS	A230502
MRINVFRAUD	A020102
MRINVFUNTEST	A1603
MRINVHACKING	A1105
MRINVHEAT	A1004
MRINVHIREAD	A090807
MRINVHIREADO	A090807
MRINVHOTFLME	A10
MRINVINCPRDT	A020602
MRINVINCREAD	A090805
MRINVINREADN	A090805
MRINVKYFAI	A23
MRINVLABEL	A21
MRINVLABELR	A21
MRINVLOOSECN	A1205
MRINVLREAD	A090808
MRINVLREADO	A090808
MRINVMECHFAI	A05
MRINVMECHFAR	A05
MRINVMISALIN	A040609
MRINVMNCHB	A0706
MRINVNBATTPW	A070504
MRINVNOALRM	A1601
MRINVNOREADO	A070903
MRINVNOREADR	A070903
MRINVOFFPRGM	A1102
MRINVPCKDEF	A04
MRINVPHYSCAL	A040507
MRINVPRADH	A040102
MRINVSFTWERR	A090204
MRINVSKIN	A01
MRINVSNNTREC	A13
MRINVSTUPMEM	A1107
MRINVUSBISSU	A12
MRINVWTOFF	A0718
MRINVWTON	A070803
MRMCGBATTERY	A070503
MRMCGBLADEFG	A0409
MRMCGBREAKAG	A0413
MRMCGBRSP	A23
MRMCGCNDNFF	A23
MRMCGCONTISS	A1208
MRMCGDISBKLG	A0902
MRMCGDISBLK	A090206
MRMCGDISDEF	A07
MRMCGDISERRA	A090203
MRMCGDISLINE	A090208
MRMCGDISPBLR	A090208
MRMCGDISPCOL	A0902
MRMCGDISPFAI	A0902
MRMCGDUDRPNR	A27
MRMCGDUDRPR	A27
MRMCGEXPIREL	A210101
MRMCGFILEMAN	A1107
MRMCGFITPRBL	A1208
MRMCGFOOB	A02
MRMCGFRAUD	A020102
MRMCGH20DAM	A190501
MRMCGHOTFLME	A10
MRMCGLABEL	A21
MRMCGMECHFAI	A05
MRMCGPCKDEF	A04
MRMCGPHYSCAL	A040507
MRMCGREAKNR	A0413
MRMCGRELBTCH	A070603
MRMCGRELBTDP	A070504
MRMCGRELCON	A12
MRMCGRELWTON	A070803
MRMCGSETDIFF	A22
MRMCGSTIMAG	A1107
MRMCGSTREAM	A13
MRMCGSWUPRL	A110207
MRMCGSWUPVL	A110207
MRMCGTCHSCR	A22
MRMCGUNSBAT	A0705
MRMCGVIDREC	A1107
MRMCGWTOFF	A0718
MRMCGWTON	A070803
MRNOREPT	A26
MRNOTCOM	A26
MROEMCABDEFW	A1207
MROEMCMPTVIR	A1105
MROEMCNTFRNG	A18
MROEMCOMFAI	A13
MROEMCOMPDAM	A0404
MROEMCYBER	A1105
MROEMDUDRPNR	A27
MROEMDUDRPR	A27
MROEMERR526	A11
MROEMERREDO	A090203
MROEMERROR	A090204
MROEMFBURNT	A1107
MROEMFOOB	A02
MROEMFOOS	A230502
MROEMFRAUD	A020102
MROEMFUNTEST	A1603
MROEMHACKING	A1105
MROEMHEAT	A1004
MROEMHIREAD	A090807
MROEMHIREADO	A090807
MROEMHOTFLME	A10
MROEMINCPRDT	A020602
MROEMINCREAD	A090805
MROEMINREADN	A090805
MROEMLABEL	A21
MROEMLABELR	A21
MROEMLREADO	A090808
MROEMLREADR	A090808
MROEMMECHFAI	A05
MROEMNOREADO	A070903
MROEMP10	A090204
MROEMPCKDEF	A04
MROEMSFTWERR	A090204
MROEMSNNTREC	A13
MROEMSPOSNCN	A12
MROEMSTUPMEM	A1107
MRPULALARM	A1601
MRPULALARMNR	A1601
MRPULALARMR	A1601
MRPULALOGFAI	A13
MRPULALRMCON	A160105
MRPULALRMLEV	A160103
MRPULAUDNOIS	A1901
MRPULAUTOCYC	A070803
MRPULBATTCNT	A070803
MRPULBATTDEF	A070504
MRPULBATTERY	A070503
MRPULBRKNCNT	A0404
MRPULBRSP	A23
MRPULCABDAM	A0414
MRPULCABDEFW	A0203
MRPULCALBRF	A0801
MRPULCMPTVIR	A1105
MRPULCNDNFF	A23
MRPULCNTFRNG	A18
MRPULCNTFRNR	A18
MRPULCOMFAI	A13
MRPULCOMOEM	A1301
MRPULCOMPDAM	A0404
MRPULCOMPDEF	A020102
MRPULCOMSCON	A1302
MRPULCONTISS	A1208
MRPULCYBER	A1105
MRPULDATALST	A110701
MRPULDEFMB	A23
MRPULDEFORM	A0202
MRPULDEFSPKN	A0508
MRPULDEFSPKR	A0508
MRPULDISBKLG	A0902
MRPULDISBLK	A090206
MRPULDISBLR	A090206
MRPULDISDAM	A051203
MRPULDISDEF	A0902
MRPULDISDIM	A090208
MRPULDISLINE	A090208
MRPULDISPFRZ	A110201
MRPULDISSEGM	A090201
MRPULDNCMPT	A1603
MRPULDNWBTPW	A070503
MRPULDROPNR	A070903
MRPULDROPPED	A051203
MRPULDROPR	A070903
MRPULDSPO2NR	A110301
MRPULDSPO2RT	A110301
MRPULDUDRPNR	A27
MRPULDUDRPR	A27
MRPULE999	A090204
MRPULERR526	A11
MRPULERR528	A11
MRPULERRBTMS	A090204
MRPULERREADO	A090203
MRPULERREADR	A090203
MRPULERROR	A090204
MRPULEXPIRED	A210101
MRPULFANNOIS	A0508
MRPULFOOB	A02
MRPULFOOS	A230502
MRPULFRAUD	A020102
MRPULHACKING	A1105
MRPULHEAT	A1004
MRPULHIREAD	A090807
MRPULHIREADO	A090807
MRPULHIREADP	A090807
MRPULHOTFLME	A10
MRPULHUMFUNC	A22
MRPULHUMUSE	A22
MRPULIMPCKFA	A1301
MRPULINCPRDT	A020602
MRPULINCREAD	A090805
MRPULINCREAP	A090805
MRPULINREADN	A090805
MRPULINVTIME	A1108
MRPULJOGDIAL	A0902
MRPULKYFAI	A23
MRPULLABEL	A21
MRPULLABELR	A21
MRPULLOOSECN	A12
MRPULLREAD	A090808
MRPULLREADO	A090808
MRPULLREADP	A090808
MRPULMNCHB	A0706
MRPULNOREADO	A070903
MRPULNOREADR	A070903
MRPULNRCPFAI	A090204
MRPULOFFPRGM	A1102
MRPULP1	A090204
MRPULP10	A090204
MRPULP12	A090204
MRPULP17	A090204
MRPULP18	A090204
MRPULP2	A090204
MRPULP225	A090204
MRPULP256	A090204
MRPULP257	A090204
MRPULP258	A090204
MRPULP259	A090204
MRPULP260	A090204
MRPULP261	A090204
MRPULP262	A090204
MRPULP263	A090204
MRPULP264	A090204
MRPULP265	A090204
MRPULP266	A090204
MRPULP267	A090204
MRPULP268	A090204
MRPULP269	A090204
MRPULP270	A090204
MRPULP271	A090204
MRPULP272	A090204
MRPULP273	A090204
MRPULP274	A090204
MRPULP275	A090204
MRPULP276	A090204
MRPULP277	A090204
MRPULP280	A090204
MRPULP281	A090204
MRPULP282	A090204
MRPULP283	A090204
MRPULP284	A090204
MRPULP285	A090204
MRPULP286	A090204
MRPULP287	A090204
MRPULP288	A090204
MRPULP289	A090204
MRPULP3	A090204
MRPULP4	A090204
MRPULP48	A090204
MRPULP5	A090204
MRPULP50	A090204
MRPULP51	A090204
MRPULP512	A090204
MRPULP513	A090204
MRPULP514	A090204
MRPULP516	A090204
MRPULP517	A090204
MRPULP518	A090204
MRPULP519	A090204
MRPULP52	A090204
MRPULP520	A090204
MRPULP521	A090204
MRPULP522	A090204
MRPULP523	A090204
MRPULP524	A090204
MRPULP525	A090204
MRPULP527	A0902
MRPULP529	A0902
MRPULP53	A090204
MRPULP535	A0902
MRPULP575	A0902
MRPULP6	A090204
MRPULP718	A090204
MRPULP722	A090204
MRPULP804	A090204
MRPULP9	A090204
MRPULP901	A090204
MRPULP902	A090204
MRPULP903	A090204
MRPULP904	A090204
MRPULP905	A090204
MRPULP907	A090204
MRPULP908	A090204
MRPULP909	A090204
MRPULP910	A090204
MRPULP912	A090204
MRPULP913	A090204
MRPULP920	A090204
MRPULPCKDEF	A04
MRPULPHYSCAL	A040507
MRPULPRADH	A040102
MRPULPULSIND	A090811
MRPULPULTIME	A090811
MRPULREADBP	A090811
MRPULREBRAND	A21
MRPULSENFAI	A1301
MRPULSFTWERR	A090204
MRPULSKIN	A01
MRPULSNNTREC	A13
MRPULSNOFFPT	A1301
MRPULSNPRTCN	A12
MRPULSPDALRT	A16
MRPULSPOSNCN	A12
MRPULSRLCOM	A13
MRPULSTUPMEM	A1107
MRPULTCHDEF	A23
MRPULWTOFF	A0718
MRPULWTON	A070803
MRRESALARM	A1601
MRRESALINDOF	A1601
MRRESALNOACT	A1601
MRRESALOGFAI	A13
MRRESALRMCON	A160105
MRRESALRMLEV	A160103
MRRESANNOTCR	A090805
MRRESAUDNOIS	A1901
MRRESAUTOCYC	A070803
MRRESBATTCNT	A070803
MRRESBATTDEF	A070504
MRRESBATTERY	A070503
MRRESBRKNCNT	A0404
MRRESBRSP	A23
MRRESBUTNOWO	A23
MRRESCABDAM	A0414
MRRESCABDEFW	A1207
MRRESCALBRF	A0801
MRRESCALBRR	A08
MRRESCMPTVIR	A1105
MRRESCNDNFF	A23
MRRESCNTFRNG	A18
MRRESCNTFRNR	A18
MRRESCOMFAI	A13
MRRESCOMPDAM	A0404
MRRESCOMPDEF	A020102
MRRESCOMSCON	A1302
MRRESCONTISS	A1208
MRRESCOWFABN	A090805
MRRESCOWFSTP	A090805
MRRESCYBER	A1105
MRRESDATALST	A110701
MRRESDEFMB	A23
MRRESDEFORM	A0406
MRRESDEFSPKR	A0508
MRRESDISBKLG	A0902
MRRESDISBLK	A090206
MRRESDISDAM	A051203
MRRESDISDEF	A0902
MRRESDISDIM	A090208
MRRESDISLINE	A090208
MRRESDISPFRZ	A110201
MRRESDISSEGM	A090201
MRRESDNCMPT	A1603
MRRESDNWBTPW	A070503
MRRESDROPNR	A070903
MRRESDROPPED	A051203
MRRESDSPO2RT	A110301
MRRESDUDRPNR	A27
MRRESDUDRPR	A27
MRRESECGWFAB	A090805
MRRESERRBTMS	A090204
MRRESERRCKUT	A090204
MRRESERREADG	A090203
MRRESERREADO	A090203
MRRESERROR	A090204
MRRESERRSO2	A090204
MRRESEXPIRED	A210101
MRRESFANNOIS	A0508
MRRESFLBLKD	A1404
MRRESFLNOTRG	A1404
MRRESFOOB	A02
MRRESFOOS	A230502
MRRESFRAUD	A020102
MRRESHACKING	A1105
MRRESHIREADG	A090807
MRRESHIREADO	A090807
MRRESHOTFLME	A10
MRRESHRNOPR	A090805
MRRESHUMFUNC	A22
MRRESHUMUSE	A22
MRRESIMPCKFA	A1301
MRRESINATEMP	A090805
MRRESINCPRDT	A020602
MRRESINCREAD	A090805
MRRESINECGWF	A23
MRRESINVTIME	A1108
MRRESKYFAI	A23
MRRESLABEL	A21
MRRESLIPI	A090808
MRRESLOOSECN	A12
MRRESLREADG	A090808
MRRESLREADO	A090808
MRRESMECHFAI	A05
MRRESMNCHB	A0706
MRRESMONSWOF	A070803
MRRESNOCOWF	A070903
MRRESNOECGWF	A070903
MRRESNOMEANI	A070903
MRRESNOREADG	A090811
MRRESNOREADO	A070903
MRRESNORESWF	A070903
MRRESNOSPOWF	A070903
MRRESNOTEMP	A070903
MRRESNRCPFAI	A090204
MRRESOBSTRT	A1409
MRRESOFFPRGM	A1102
MRRESPCKDEF	A04
MRRESPHYSCAL	A040507
MRRESPRADH	A040102
MRRESPULSIND	A090811
MRRESPULTIME	A090811
MRRESREADBP	A090811
MRRESREBRAND	A21
MRRESSENFAI	A1301
MRRESSFTWERR	A090204
MRRESSKIN	A01
MRRESSNNTREC	A13
MRRESSNOFFPT	A1301
MRRESSNPRTCN	A12
MRRESSPOSNCN	A12
MRRESSRLCOM	A13
MRRESSTUPMEM	A1107
MRRESTCHDEF	A23
MRRESUPGRADE	A110402
MRRESVALNOAC	A1601
MRRESVOLUME	A160103
MRRESWFABN	A090805
MRRESWTOFF	A070803
MRRESWTON	A070803
MRRRESINSPOW	A23
MRTDIS	A0501
MRTMPALARM	A1601
MRTMPALRMCNT	A1601
MRTMPAUDNOIS	A1901
MRTMPAUTOCYC	A070803
MRTMPBLKSEAL	A020503
MRTMPBLWRDEF	A23
MRTMPCABDAM	A0414
MRTMPCALBRF	A0801
MRTMPCNDNFF	A23
MRTMPCNTFRNG	A18
MRTMPCNTFRNR	A18
MRTMPCOMPDEF	A020102
MRTMPCONISSU	A1207
MRTMPCUFFBRT	A23
MRTMPCUFFISS	A0414
MRTMPCUFFSPL	A0414
MRTMPCWDFL	A23
MRTMPCWIFL	A23
MRTMPDAMNOZ	A0511
MRTMPDEFORM	A0406
MRTMPDISDAM	A051203
MRTMPDISDEF	A0902
MRTMPDROPPED	A051203
MRTMPDUDRPNR	A27
MRTMPDUDRPR	A27
MRTMPERRNRPT	A090203
MRTMPERROR	A090204
MRTMPERRRPT	A090203
MRTMPFOOB	A02
MRTMPFOOS	A230502
MRTMPFRAUD	A020102
MRTMPHEAT	A1004
MRTMPHEATDEF	A1004
MRTMPHINRPT	A090807
MRTMPHIRPT	A1005
MRTMPHOTFLME	A10
MRTMPINASSMB	A2305
MRTMPINCPRDT	A020602
MRTMPINCREAD	A090805
MRTMPINREADN	A090805
MRTMPKYFAI	A23
MRTMPLABELR	A21
MRTMPLONRPT	A1004
MRTMPLOOSECN	A1205
MRTMPLORPT	A1004
MRTMPLOWNRPT	A090808
MRTMPMECHFAI	A05
MRTMPMISLABL	A210105
MRTMPNOALRM	A1601
MRTMPNOREADT	A090811
MRTMPNOZHOSE	A1208
MRTMPOHIRPT	A090807
MRTMPOLOWRPT	A090808
MRTMPOVRTEMP	A16
MRTMPPCKDEF	A04
MRTMPPHYSCAL	A040507
MRTMPPHYSCLR	A040507
MRTMPPWRALRM	A16
MRTMPREBRAND	A21
MRTMPRPFL	A1404
MRTMPSFTWFAI	A11
MRTMPSHIPDAM	A02
MRTMPSKIN	A01
MRTMPW131	A090204
MRTMPW132	A090204
MRTMPW133	A090204
MRTMPW138	A090204
MRTMPW140	A090204
MRTMPW144	A090204
MRTMPW145	A090204
MRTMPW152	A090204
MRTMPW153	A090204
MRTMPW157	A090204
MRTMPW158	A090204
MRTMPW159	A090204
MRTMPW165	A090204
MRTMPW175	A090204
MRTMPW176	A090204
MRTMPW177	A090204
MRTMPW178	A090204
MRTMPW179	A090204
MRTMPW181	A090204
MRTMPW182	A090204
MRTMPW184	A090204
MRTMPW186	A090204
MRTMPW202	A090204
MRTMPW204	A090204
MRTMPW205	A090204
MRTMPW207	A090204
MRTMPW211	A090204
MRTMPW213	A090204
MRTMPW214	A090204
MRTMPW215	A090204
MRTMPWKBUTT	A23
MRTMPWT11	A090204
MRTMPWT12	A090204
MRTMPWT13	A090204
MRTMPWT14	A090204
MRTMPWT15	A090204
MRTMPWT16	A090204
MRTMPWT17	A090204
MRTMPWT28	A090204
MRTMPWT29	A090204
MRTMPWT3	A090204
MRTMPWT30	A090204
MRTMPWT31	A090204
MRTMPWT32	A090204
MRTMPWT33	A090204
MRTMPWT38	A090204
MRTMPWT4	A090204
MRTMPWT45	A090204
MRTMPWT46	A090204
MRTMPWT48	A090204
MRTMPWT49	A090204
MRTMPWT5	A090204
MRTMPWT51	A090204
MRTMPWT53	A090204
MRTMPWT6	A090204
MRTMPWTON	A070803
MRVITALRMCNT	A16
MRVITALRMCON	A16
MRVITALRMLEV	A16
MRVITCNS	A13
MRVITDATAC	A11
MRVITFALRM	A16
MRVITFLRNL	A11
MRVITHARD	A07
MRVITIADT	A11
MRVITIARS	A11
MRVITIHL7	A11
MRVITIPADD	A11
MRVITIPIMGR	A11
MRVITLANC	A11
MRVITLANH	A07
MRVITLNVS	A13
MRVITLOWDIS	A13
MRVITNOMEM	A11
MRVITNSRVR	A13
MRVITNSTRT	A11
MRVITPATP	A11
MRVITROOM	A11
MRVITSQLF	A11
MRVITSRVRF	A11
MRVITVSC	A11
MSHTRN	A0414
MVMTER	A070908
NDLAPP	A0201
NDLBKN	A0401
NDLBNT	A040609
NDLBUR	A0411
NDLDET	A0501
NDLDETNR	A0501
NDLDIA	A0201
NDLDSG	A0501
NDLDUL	A020101
NDLPOF	A0401
NDLPRK	A0205
NDLPTP	A020504
NDLWRG	A020601
NE03	A0504
NE04	A0401
NE07	A140902
NE09	A0402
NE24	A11
NE25	A1206
NE32	A050401
NOADFB	A0508
NOCART	A020602
NOCAUT	A07
NOCODE	A27
NOCUTT	A050702
NOEXPD	A020502
NOINST	A110206
NOIRRG	A020602
NOISYS	A0508
NOKNIF	A020602
NOLOTN	A020502
NOMORR	A150207
NOMVM	A13
NONDLE	A020602
NOPSE	A090302
NORCH	A21
NOREPT	A26
NOSOLU	A020602
NOSUCT	A1413
NOSUTR	A020602
NOTACFB	A0907
NOTCHS	A090301
NOTCOM	A26
NRECER	A110201
NS27	A1803
NS30	A0504
NS45	A0401
NS50	A2305
NS52	A1403
NS54	A020701
NS55	A1801
NS59	A0407
NS61	A0401
NS62	A1403
NS64	A040103
NS65	A040101
NS66	A1203
NS67	A0407
NUMBOX	A0206
OANVDFU	A0506
OANVDNT	A150207
OANVDTA	A040102
OB17	A020701
ODOR	A1903
OPBWND	A051104
OR25	A1406
OR26	A0407
OR34	A020701
OR41	A0404
OR51	A0504
ORADRT	A150207
ORDQTY	A0206
ORTIME	A24
ORTIMESR	A24
ORVILDSG	A0501
OS03	A0504
OS17	A020701
OS19	A141301
OS20	A141301
OS23	A0404
OS24	A0401
OS25	A0401
OSJWNC	A051104
OVRCLP	A150102
PACKFOROBJ	A1802
PADDLE	A0406
PADSBN	A1501
PARCUT	A050702
PATMAT	A1908
PCACD	A070801
PCSCAD	A070801
PCTWRD	A070801
PDATAE	A1105
PERFOR	A0410
PFBRXN	A1801
PHREDT	A071801
PINCH	A160105
PINDSG	A0501
PKGAPP	A0205
PKGDAM	A0205
PKGEMP	A020602
PKGINC	A0205
PKGOPN	A020503
PKGSBK	A020503
PLDAPP	A0201
PLDSNF	A050501
PNEULK	A0504
POPAIR	A0504
PORIMQ	A0902
PPWNCH	A070603
PRCTSL	A0205
PRDAPP	A0201
PRDDAM	A0205
PRDSHV	A040103
PREEOL	A160602
PREMLF	A160602
PRFLOF	A040505
PRMFMD	A1606
PTLBRK	A051205
PTPDIS	A0501
PTSLPK	A0204
PTSMIS	A020602
PWHANR	A1301
PWRCD	A070801
PWSHNR	A0803
PWUNKER	A090201
PWUNKNR	A110201
QCNDSG	A0501
RAENOIDENISS	A24
RASACA	A051205
RASAJS	A051204
RASAMS	A051206
RASAMU	A2102
RASANC	A0801
RASANP	A070803
RASANT	A1502
RASAOH	A1002
RASAPP	A16
RASASD	A051204
RBLCOAIDETAL	A16
RBLCOAIRPRES	A050402
RBLCOALNOVIS	A160101
RBLCOBAGPROB	A050401
RBLCOBATPROB	A0705
RBLCOBIOCPIS	A010101
RBLCOBIOPROB	A090805
RBLCOBLDAL	A16
RBLCOBLDLKIN	A0504
RBLCOBLDPFIS	A1412
RBLCOBLDPRAL	A16
RBLCOBRKACC	A0401
RBLCOCASAL	A16
RBLCOCLMPAL	A16
RBLCOCNCNPRB	A12
RBLCOCNPMPRB	A1412
RBLCOCODEVIN	A030202
RBLCOCOINGRE	A180102
RBLCOCONDAL	A16
RBLCOCONNISS	A12
RBLCOCONTAM	A18
RBLCOCRTFLEM	A140301
RBLCOCUVPROB	A0202
RBLCOCYBSEC	A110502
RBLCODEGPPRB	A1412
RBLCODELPPRB	A1412
RBLCODIAPPRB	A1412
RBLCODIFSTPR	A2201
RBLCODISFLW	A1803
RBLCODISINF	A180302
RBLCODVFDPR	A0902
RBLCOEFFPPRB	A1412
RBLCOELTSTFL	A1603
RBLCOEXBLDLK	A050401
RBLCOEXPDTIS	A210101
RBLCOEXPKGPB	A0205
RBLCOFICNPRB	A12
RBLCOFLDTST	A1603
RBLCOFLPOWUP	A070803
RBLCOFLTPRB	A1404
RBLCOGENPMIS	A1412
RBLCOHEPPFIS	A1412
RBLCOHMDRPRB	A0202
RBLCOHOOPRB	A0202
RBLCOHTRPRB	A0202
RBLCOHYDAL	A16
RBLCOHYDLK	A050401
RBLCOIMINMET	A2303
RBLCOINALACT	A160105
RBLCOINDCSHP	A02
RBLCOINFLFLW	A1407
RBLCOINFNPRB	A12
RBLCOINFPFPB	A1412
RBLCOINMSPKG	A020502
RBLCOLOSPWR	A191002
RBLCOLVLAL	A16
RBLCOLWAUDAL	A160103
RBLCOMATHOL	A041001
RBLCOMISASMB	A2305
RBLCOMISASUS	A230501
RBLCOMLTDVCO	A040610
RBLCOMOISDAM	A190501
RBLCOMONPROB	A0902
RBLCOMSASMFG	A0206
RBLCONOAUDAL	A160102
RBLCONOISAUD	A0508
RBLCOOBBAPRB	A090805
RBLCOOCCOBS	A1409
RBLCOPARTIC	A030205
RBLCOPRSCHK	A1107
RBLCOPRSNPRB	A0202
RBLCOPRSOTRG	A1411
RBLCORFINDEV	A140507
RBLCOSDPRDP	A03
RBLCOSMKG	A1009
RBLCOSNCVPRB	A0202
RBLCOSPDGPB	A0207
RBLCOSPHYPB	A0202
RBLCOSYSERR	A16
RBLCOTEMP	A10
RBLCOTNKPB	A0202
RBLCOULTFAL	A16
RBLCOULTFPRB	A0202
RBLCOUNDEVIS	A27
RBLCOUNSLDPK	A020503
RBLCOWATRAL	A16
RBLCOWGTERR	1535
RBLCOWGTGTR	A0908
RBLCOWGTLWR	A0908
RBLCOWHLPRB	A0202
RCTKK	A040610
RD3NN	A0207
RDFLOD	A2201
REDLED	A090201
RELDIC	A1301
RELDNR	A1301
RELYSL	A090201
RETPBK	A0401
RETPDS	A0501
RETPMA	A050701
REUNRTRN	A26
RGHCUT	A050702
RKBRKN	A0401
RLLOOS	A2201
RMCCOMER	A13
RMCCOSD	A0415
RMCCTFDBK	A27
RMCCYBSEC	A1105
RMCDMDFC	A05
RMCDRDM	A051203
RMCDTOI	A0708
RMCELSHK	A071302
RMCEMI	A07
RMCFHOT	A10
RMCFOOB	A0201
RMCFORMT	A18
RMCFTDISP	A090203
RMCFTPO	A0708
RMCIMPDS	A2201
RMCINCDAT	A1107
RMCLABINC	A2101
RMCNWDC	A1203
RMCPCKDM	A0205
RMCPWRIS	A0708
RMCSMFSR	A1009
RMCSWER	A1102
RMCUNSPC	A27
RNFBKN	A0401
RNGBKN	A0401
RNOREPT	A26
RNOTCOM	A26
ROTIMP	A1502
ROTINS	A0509
ROTNSM	A0509
RP14	A020701
RPDLPN	A141101
RPRDEV	A18
RPRPRE	A0510
RPTABLBTLONG	A16
RPTABLBTRAD	A16
RPTABLBTUNK	A0705
RPTABLDEFTM	A0705
RPTABLINFTM	A0401
RPTABLPTRMIS	A020501
RPTABLRET	A0201
RPTABLUNREWR	A04
RPTACBMNGWPT	A0401
RPTACBMNIFPV	A0401
RPTACMFLINJ	A0202
RPTACNMNBLPT	A020504
RPTACNMNGWPT	A030205
RPTACNMNIFVL	A030205
RPTACRBRUNK	A0401
RPTACTSTISS	A030202
RPTADETBALL	A0301
RPTADETTIP	A0301
RPTADETUNK	A0902
RPTAFLADEXPT	A140301
RPTAGWSHISS	A020502
RPTAKKSHDST	A1405
RPTAKKSHMID	A1405
RPTAKKSHPROX	A04
RPTAKKUNK	A04
RPTALKBL	A230501
RPTALKMNBLPT	A0206
RPTALKMNIFVL	A0206
RPTALKSHDS	A190501
RPTALKSHMID	A020602
RPTALKSHPR	A190501
RPTALKUNK	A16
RPTALRVLFLR	A1409
RPTAMKBDALGN	A0101
RPTAMNLBLISS	A0101
RPTASFTTIP	A0404
RRDNRI	A1502
RRNLA1CDF	A12
RRNLAADCK	A16
RRNLAADDF	A16
RRNLAADDFC	A110401
RRNLAADDMG	A0401
RRNLAADDTC	A1409
RRNLAADMP	A0504
RRNLAADMZ	A0401
RRNLAADMZDMG	A110401
RRNLACEDF	A0501
RRNLACFDTC	A0407
RRNLACFMGD	A191002
RRNLACHAM	A020602
RRNLACMDF	A12
RRNLACNDMG	A0501
RRNLACNLK	A0202
RRNLACNMC	A040610
RRNLACTBUBBL	A040507
RRNLACTDC	A030202
RRNLACTDFC	A0401
RRNLACTDIST	A0406
RRNLACTHBFL	A1202
RRNLACTHDSCN	A1203
RRNLACTIFUFZ	A0501
RRNLACTIPDET	A1503
RRNLACTKK	A040601
RRNLACTLK	A16
RRNLACTOCWD	A1403
RRNLACTOPAQ	A16
RRNLACTPLDET	A040506
RRNLAD3CTM	A0202
RRNLAD3DX	A070803
RRNLAD3EDE	A0504
RRNLAD3MC	A16
RRNLAD3MD	A0501
RRNLAD3MSA	A2305
RRNLAD3MZ	A051203
RRNLAD3NN	A24
RRNLAD3SX	A070803
RRNLAD5BKD	A210101
RRNLAD5BKP	A0201
RRNLAD5DF	A0201
RRNLAETLCBH	A041001
RRNLAETLCLA	A041001
RRNLAGWBK	A140504
RRNLAGWDF	A1606
RRNLAGWDFR	A1606
RRNLAGWMFR	A020502
RRNLAHBDF	A0504
RRNLAINTLMLK	A0202
RRNLALADK	A2305
RRNLALGDF	A16
RRNLANEBN	A03
RRNLANEDF	A040103
RRNLANEDFC	A0401
RRNLANEDP	A1402
RRNLANEDSL	A1405
RRNLANEDTC	A0406
RRNLANEFS	A12
RRNLANELK	A191002
RRNLAP1DFS	A04
RRNLAP1PKG	A1601
RRNLAS2DF	A0201
RRNLAS2DPU	A0204
RRNLAS2MTF	A040103
RRNLAS6BK	A051203
RRNLAS6DF	A051203
RRNLASFDMG	A020602
RRNLASURDAM	A0415
RRNLAT2BK	A2101
RRNLAT2DF	A1406
RRNLATUDTC	A141401
RRNLATULK	A1412
RRNLATUMPR	A141401
RRNLATUMZ	A12
RRNLAV1BK	A16
RRNLAV1DF	A0402
RRNLAV1MZ	A1502
RRNLAYPDMG	A16
RSTCRS	A040502
RTNBKN	A0401
RUNLOD	A1701
S3067V12LEAK	A050402
SABSLOW	A0101
SABSORP	A0101
SACCCUT	A2302
SACPRAL	A1405
SADHIMP	A040102
SADPDNC	A08
SADPTNR	A090201
SADPTSR	A08
SADPYSL	A090201
SAILDR	A0510
SAILDRC	A150203
SANCINS	A05
SANCTBB	A0401
SANTLPR	A050701
SANVDNT	A150207
SANVDSG	A0501
SANVDTA	A1207
SANVDTG	A22
SANVDTU	A22
SARJBKN	A0401
SARTINS	A0509
SARTNSM	A0507
SARTSTRDF	A051206
SATWANV	A230501
SAUTCLV	A18
SB3505INSD	A040506
SBABLHA1IF	A1408
SBABLHA1MZ	A040506
SBABLHNEMZ	A040609
SBACHDNW	A070603
SBAGDET	A0501
SBAGSEP	A0413
SBAGTRN	A0414
SBALLDIS	A0501
SBALLEK	A050402
SBALSEP	A0501
SBALWND	A1401
SBALWNI	A1406
SBATDNW	A0705
SBATLEAK	A040502
SBATNCH	A0706
SBBRKN	A020503
SBEC0	A090201
SBEC1	A090201
SBEC10	A090201
SBEC100	A090201
SBEC102	A090201
SBEC103	A090201
SBEC104	A090201
SBEC105	A090201
SBEC106	A090201
SBEC11	A090201
SBEC111	A090201
SBEC112	A090201
SBEC114	A090201
SBEC115	A090201
SBEC116	A090201
SBEC117	A090201
SBEC12	A090201
SBEC120	A090201
SBEC121	A090201
SBEC122	A090201
SBEC124	A090201
SBEC125	A090201
SBEC126	A090201
SBEC127	A090201
SBEC128	A090201
SBEC129	A090201
SBEC13	A090201
SBEC132	A090201
SBEC135	A090201
SBEC136	A090201
SBEC139	A090201
SBEC14	A090201
SBEC140	A090201
SBEC146	A090201
SBEC148	A090201
SBEC15	A090201
SBEC150	A090201
SBEC151	A090201
SBEC153	A090201
SBEC154	A090201
SBEC155	A090201
SBEC156	A090201
SBEC157	A090201
SBEC158	A090201
SBEC159	A090201
SBEC16	A090201
SBEC160	A090201
SBEC161	A090201
SBEC162	A090201
SBEC163	A090201
SBEC164	A090201
SBEC165	A090201
SBEC166	A090201
SBEC167	A090201
SBEC168	A090201
SBEC169	A090201
SBEC17	A090201
SBEC170	A090201
SBEC171	A090201
SBEC175	A090201
SBEC179	A090201
SBEC18	A090201
SBEC180	A090201
SBEC181	A090201
SBEC182	A090201
SBEC183	A090201
SBEC184	A090201
SBEC185	A090201
SBEC187	A090201
SBEC188	A090201
SBEC189	A090201
SBEC19	A090201
SBEC190	A090201
SBEC191	A090201
SBEC192	A090201
SBEC193	A090201
SBEC194	A090201
SBEC195	A090201
SBEC196	A090201
SBEC197	A090201
SBEC198	A090201
SBEC199	A090201
SBEC2	A090201
SBEC20	A090201
SBEC200	A090201
SBEC201	A090201
SBEC202	A090201
SBEC203	A090201
SBEC204	A090201
SBEC205	A090201
SBEC206	A090201
SBEC21	A090201
SBEC210	A090201
SBEC211	A090201
SBEC212	A090201
SBEC213	A090201
SBEC214	A090201
SBEC215	A090201
SBEC216	A090201
SBEC217	A090201
SBEC218	A090201
SBEC219	A090201
SBEC22	A090201
SBEC222	A090201
SBEC223	A090201
SBEC224	A090201
SBEC225	A090201
SBEC226	A090201
SBEC227	A090201
SBEC228	A090201
SBEC229	A090201
SBEC23	A090201
SBEC230	A090201
SBEC231	A090201
SBEC232	A090201
SBEC233	A090201
SBEC234	A090201
SBEC235	A090201
SBEC236	A090201
SBEC238	A090201
SBEC239	A090201
SBEC24	A090201
SBEC240	A090201
SBEC241	A090201
SBEC242	A090201
SBEC243	A090201
SBEC244	A090201
SBEC245	A090201
SBEC246	A090201
SBEC247	A090201
SBEC248	A090201
SBEC249	A090201
SBEC25	A090201
SBEC251	A090201
SBEC252	A090201
SBEC254	A090201
SBEC255	A090201
SBEC256	A090201
SBEC257	A090201
SBEC258	A090201
SBEC259	A090201
SBEC26	A090201
SBEC260	A090201
SBEC261	A090201
SBEC262	A090201
SBEC263	A090201
SBEC265	A090201
SBEC266	A090201
SBEC267	A090201
SBEC268	A090201
SBEC27	A090201
SBEC270	A090201
SBEC271	A090201
SBEC272	A090201
SBEC273	A090201
SBEC274	A090201
SBEC275	A090201
SBEC276	A090201
SBEC277	A090201
SBEC278	A090201
SBEC279	A090201
SBEC28	A090201
SBEC280	A090201
SBEC281	A090201
SBEC283	A090201
SBEC284	A090201
SBEC285	A090201
SBEC287	A090201
SBEC288	A090201
SBEC289	A090201
SBEC29	A090201
SBEC291	A090201
SBEC292	A090201
SBEC293	A090201
SBEC294	A090201
SBEC297	A090201
SBEC298	A090201
SBEC299	A090201
SBEC3	A090201
SBEC30	A090201
SBEC300	A090201
SBEC301	A090201
SBEC302	A090201
SBEC303	A090201
SBEC304	A090201
SBEC305	A090201
SBEC306	A090201
SBEC308	A090201
SBEC309	A090201
SBEC31	A090201
SBEC310	A090201
SBEC311	A090201
SBEC312	A090201
SBEC313	A090201
SBEC314	A090201
SBEC315	A090201
SBEC316	A090201
SBEC317	A090201
SBEC318	A090201
SBEC319	A090201
SBEC32	A090201
SBEC320	A090201
SBEC322	A090201
SBEC323	A090201
SBEC324	A090201
SBEC325	A090201
SBEC326	A090201
SBEC327	A090201
SBEC328	A090201
SBEC33	A090201
SBEC330	A090201
SBEC331	A090201
SBEC332	A090201
SBEC333	A090201
SBEC334	A090201
SBEC335	A090201
SBEC336	A090201
SBEC337	A090201
SBEC339	A090201
SBEC340	A090201
SBEC341	A090201
SBEC342	A090201
SBEC343	A090201
SBEC344	A090201
SBEC345	A090201
SBEC346	A090201
SBEC347	A090201
SBEC349	A090201
SBEC35	A090201
SBEC350	A090201
SBEC351	A090201
SBEC353	A090201
SBEC354	A090201
SBEC355	A090201
SBEC356	A090201
SBEC357	A090201
SBEC36	A090201
SBEC360	A090201
SBEC361	A090201
SBEC365	A090201
SBEC366	A090201
SBEC37	A090201
SBEC374	A090201
SBEC382	A090201
SBEC397	A090201
SBEC399	A090201
SBEC4	A090201
SBEC40	A090201
SBEC400	A090201
SBEC401	A090201
SBEC402	A090201
SBEC403	A090201
SBEC404	A090201
SBEC405	A090201
SBEC407	A090201
SBEC408	A090201
SBEC411	A090201
SBEC412	A090201
SBEC413	A090201
SBEC414	A090201
SBEC415	A090201
SBEC416	A090201
SBEC419	A090201
SBEC420	A090201
SBEC421	A090201
SBEC422	A090201
SBEC424	A090201
SBEC425	A090201
SBEC426	A090201
SBEC427	A090201
SBEC428	A090201
SBEC429	A090201
SBEC431	A090201
SBEC433	A090201
SBEC434	A090201
SBEC435	A090201
SBEC436	A090201
SBEC437	A090201
SBEC438	A090201
SBEC439	A090201
SBEC45	A090201
SBEC451	A090201
SBEC48	A090201
SBEC481	A090201
SBEC493	A090201
SBEC5	A090201
SBEC50	A090201
SBEC500	A090201
SBEC504	A090201
SBEC512	A090201
SBEC518	A090201
SBEC529	A090201
SBEC534	A090201
SBEC54	A090201
SBEC6	A090201
SBEC60	A090201
SBEC61	A090201
SBEC613	A090201
SBEC617	A090201
SBEC64	A090201
SBEC65	A090201
SBEC66	A090201
SBEC67	A090201
SBEC7	A090201
SBEC70	A090201
SBEC71	A090201
SBEC775	A090201
SBEC8	A090201
SBEC80	A090201
SBEC81	A090201
SBEC83	A090201
SBEC86	A090201
SBEC860	A090201
SBEC88	A090201
SBEC888	A090201
SBEC9	A090201
SBEC90	A090201
SBEC91	A090201
SBEC92	A090201
SBEC93	A090201
SBEC94	A090201
SBEC948	A090201
SBEC95	A090201
SBEC96	A090201
SBEC97	A090201
SBEC98	A090201
SBEESHWDP	A150104
SBEESHWOTE	A090201
SBESACDPPS	A150303
SBESACGLMZ	A0407
SBESACGLPD	A150207
SBESACPDDP	A150207
SBESHWFSOT	A0904
SBESHWGNOT	A0904
SBESHWPOOT	A0904
SBESHWUNOT	A0904
SBGYNID3DP	A150207
SBGYNID3IF	A140803
SBGYNID3IU	A210101
SBGYNID3MZF	A040103
SBGYNID3MZR	A0411
SBGYNID3OT	A0902
SBGYNISFHD	A2201
SBGYNITUI2	A2001
SBIOHAZ	A1801
SBKNSHW	A0401
SBLGVSJWOT	A0904
SBLLNBK	A0401
SBLLNDT	A0406
SBLLNWH	A0414
SBNDSG	A0501
SBNSTK	A0509
SBSIACFA	A090201
SBSONCBCEP	A070603
SBSONCBTEP	A070603
SBSONCD3OT	A090403
SBSONCNACT	A050501
SBSONCSEIN	A050501
SBUTBKN	A0414
SBWLLEK	N/A
SC35	A11
SC36	A11
SC39	A1203
SC40	A2305
SC41	A0504
SC42	A2305
SC45	A07
SC46	A1203
SC47	A1006
SC48	A090202
SCALDNS	A08
SCALSLW	A08
SCAPCPL	A072101
SCARMR	A05
SCARTNR	A1301
SCAUTNL	A0507
SCDULL	A020101
SCFIRE	A1007
SCFTBKN	A0401
SCHBAER	A090201
SCHGRED	A070603
SCKBKN	A0401
SCLBWND	A051104
SCLCINC	A020602
SCLPBKN	A0401
SCLPDNF	A050501
SCLPFRM	A05
SCLPNLP	A0507
SCLPSCZ	A0406
SCLPSEP	A0501
SCLPSLP	A051204
SCLPSPT	A05
SCMLAG	A110301
SCMPBIO	A010101
SCMPDIS	A0501
SCNDTHB	A0501
SCOH	A1002
SCOMBIO	A010101
SCONOUT	A090407
SCORDAM	A0406
SCORRST	A040502
SCORT	A051202
SCPP	A16
SCPVNC	A0409
SCREEN	A090206
SCSERSC	A090201
SCTRYCR	A090201
SCUTSGI	A051102
SD58	A040101
SDAMAGE	A01
SDBLIDX	A0902
SDEVBRN	A1008
SDEVNTO	A070803
SDEVPWF	A0708
SDFAADP	A1701
SDFINPH	A150206
SDFINPT	A150206
SDFOPKG	A020501
SDFRADP	A150207
SDGRDNW	A0902
SDIFAPX	A051204
SDIFART	A1502
SDIFASY	A2201
SDIFCLS	A1502
SDIFDAS	A2201
SDIFDEP	A2203
SDIFDES	A22
SDIFFIR	A0505
SDIFGRP	A150206
SDIFHPA	A050701
SDIFIIN	A150206
SDIFINJ	A14
SDIFINS	A22
SDIFLCK	A22
SDIFLOD	A1701
SDIFOPN	A051104
SDIFPKG	A020501
SDIFPOR	A0509
SDIFPPN	A22
SDIFRCV	A150207
SDIFREM	A150207
SDIFRKB	A0510
SDIFSAF	A22
SDIFSTG	A22
SDIFTGL	A22
SDIFUNL	A22
SDIIMD	A150202
SDIREST	A150207
SDISSHO	A090206
SDMPHHS	A0401
SDNCALB	A0801
SDNINMS	A050502
SDSPIRG	A0902
SDTAIDA	A1701
SDTLOOP	A051104
SE2991EP	A07
SE2991MZMPR	A0411
SE2991MZPL	A040506
SE2992MZPL	A040506
SE2993MZPL	A040506
SE2994MZPL	A040506
SE2995MZPL	A040506
SE2996MZPL	A040506
SE2997MZPL	A040506
SE2998MZPL	A040506
SE2999MZPL	A040506
SE3000MZPL	A040506
SEABLHA1TP	A10
SEABLHGNTP	A10
SEABLHMZBK	A0401
SEABLHTP	A10
SEALDMG	A0414
SEBIMC	A05
SEBIMZMTW	A040609
SECBFCB	A0801
SECDMZ	A04
SECECH	A12
SECECN	A12
SECHDEO	A0301
SECNLIC	A1205
SED3CN	A12
SED3DSCTM	A1802
SED3HDDSP	A2201
SED3IUNAI	A210103
SED3MSDMS	A0206
SED3MZBK	A0401
SED3MZMDF	A0406
SED3MZMTW	A040609
SED3NN	A24
SED3OTIEO	A090403
SED3OTOEINR	A090402
SEDCMCDTC	A0501
SEDCMSCS	A020602
SEDCMSDPU	A0207
SEDCMZDAM	A0401
SEDCMZDH	A1208
SEDCNA	A25
SEDDRESP	A150102
SEDIFOPN	A051104
SEDPDFR	A150207
SEDPSACT	A150104
SEDRAP	A27
SEDRRC	A20
SEDSCTM	A1802
SEDSDCI	A1803
SEELDRA	A071801
SEELECTDAM	A0501
SEELEISS	A07
SEELEMC	A0720
SEELEVISDIS	A0902
SEELEVISLIT	A06
SEEPAC	A0703
SEEPFP	A070803
SEEPISHK	A071302
SEEPUE	A070804
SEESACCHCDI	A030202
SEESACDPDFR	A150207
SEESACEP	A07
SEESACMZMD	A0407
SEESACMZPL	A040506
SEESHWBRNSM	A1009
SEESHWCBFCB	A0801
SEESHWCM	A13
SEESHWCN	A12
SEESHWCNMOP	A12
SEESHWCNREM	A12
SEESHWECEPP	A1910
SEESHWELES	A072102
SEESHWEPFCH	A070603
SEESHWEPFP	A070803
SEESHWMCFLK	A050401
SEESHWMCFLN	A050701
SEESHWMSDFC	A0202
SEESHWOT	A0904
SEESHWOTESI	A090401
SEESHWOTFDE	A090402
SEESHWOTHR	A090807
SEESHWOTIEO	A090403
SEESHWOTOEI	A0904
SEESHWPOCN	A12
SEESHWUDMMR	A230502
SEGYNCLOG	A141303
SEGYNCOT	A150208
SEGYNFLU	A090805
SEGYNID3DP	A1502
SEGYNID3DPDP	A150203
SEGYNID3MCVB	A051208
SEGYNID3MZFL	A040505
SEGYNIDCPMFS	A1602
SEGYNIESDPDI	A150206
SEGYNIFLOR	A0605
SEGYNIH1MZBK	A0401
SEGYNILGDP	A1502
SEGYNILNMZBK	A0401
SEGYNIMZMDF	A0406
SEGYNIMZOPAQ	A0409
SEGYNISFMZBK	A0401
SEGYNISHD	A0406
SEGYNISKMZBK	A0401
SEGYNITUMZBK	A0401
SEGYNLEV	A0509
SEGYNOSFAIL	A0506
SEGYNPRM	A141401
SEGYNSKP	A051206
SEGYNVAC	A141303
SEHDDSP	A2201
SEIFDFA	A140504
SEIFSU	A1413
SEIUEDE	A210101
SEKNMZBK	A0401
SEKNPM	A16
SELAIUDMGL	A210102
SELAMSCS	A020602
SELDSG	A0501
SELGVSDP	A15
SELGVSDPSTK	A1503
SELGVSMC	A05
SELGVSMCDOC	A051104
SELGVSMCUIC	A051205
SELGVSMZBK	A0401
SELGVSOTOEI	A0904
SELTRN	A0414
SEMCDOC	A051104
SEMCFF	A050501
SEMCFLN	A050701
SEMCLK	A0504
SEMCNA	A0508
SEMCRTC	A0510
SEMCSUCO	A071801
SEMCSUIN	A1413
SEMINIM	A072001
SEMINOR	A072001
SEMISPRT	A020602
SEMSCM	A020601
SEMSDMS	A0206
SEMSDOR	A020501
SEMSDUS	A020701
SEMSDVI	A020102
SEMSINCP	A0205
SEMSRECO	A0204
SEMSTPK	A020504
SEMSUDP	A020503
SEMXUSH	 A160602
SEMXUSR	 A160602
SEMZBK	A0401
SEMZMDF	A0406
SEMZML	A040610
SEMZMS	A0413
SEMZMTW	A040609
SEMZPL	A040506
SENN	A25
SENNBRN	A24
SEOFCBL	A041001
SEOTIE	A090204
SEOTNVP	A090103
SEOTOEI	A0904
SEP1MSCS	A020602
SEP1MSDUS	A020701
SEP1MSINCP	A0205
SEPDHDPDI	A0101
SEPMDAS	A1601
SEPMFDS	A1603
SEPMUEXR	A160503
SEPOCN	A12
SEPRAE	A24
SERFSACNLIC	A1205
SERFSAMSPDQ	A0201
SERFSAMZMFR	A040605
SERFSAMZMTF	A040103
SERFSAMZSM	A0415
SERFSAOT	A090201
SERFSAOTFNR	A090803
SERFSAOTFPR	A090804
SERFSAOTSCER	A090201
SERFSAOTSRVC	A090201
SERFSASSD	A0501
SES4SW	A11
SESENSBTN	A150103
SESHORT	A072102
SESIBODSNR	A1801
SESIBOHDRP	A150208
SESIBOMCNR	A050702
SESIBOMZNR	A150102
SESONCCPB	A0401
SESONCDS	A18
SESONCJAWDE	A0501
SESONCJAWGR	A040507
SESONCJWC	A150208
SESONCMZCR	A040502
SESONCMZMDF	A0406
SESONCMZMTW	A040609
SESONCMZPL	A040506
SESONCOTNDI	A090206
SESONCPMPEL	A160602
SESONCTPSMK	A1009
SETPFR	A1007
SETPOH	A1005
SEUNDPDACT	A150102
SEUNIUMSI	A210105
SEUNNN	A24
SEUNRTRN	A26
SEVSMLT	A1006
SEVSSMK	A1009
SEXHEAT	A1005
SEXLODD	A090201
SEXPPRD	A210101
SEXTINC	N/A
SFALDEV	A12
SFIRPAR	A050502
SFIRSLW	A150205
SFLDACL	A180301
SFMINPR	A1501
SFOROBJ	A180104
SFRSINC	A0902
SFTBKN	A0401
SFTBNT	A040609
SFTSDA	A16
SFTSDR	A0510
SGEARSK	A051204
SHARPI	A051102
SHFDSG	A0501
SHFLOO	A2201
SHIPRSS	A1602
SHKWTN	A0414
SHNDBIN	A0509
SHNDBKN	A0401
SHPWDG	A150207
SHPWEJ	A020602
SHSFOI	A0205
SHSUBP	A0205
SHTCSL	A051204
SHTDAM	A0401
SHTHDIS	A0501
SICGFNW	A0902
SICGINA	A090208
SICGINT	A090208
SIDRVPO	A070801
SIGDDNF	A150206
SIGDNI	A070803
SIGSPD	A1501
SIGWIE	A1801
SILSTD	A0501
SIMNF	A170101
SIMPDIS	A2303
SIMSLP	A0501
SIMSTK	A1503
SINACFL	A1301
SINALRM	A1702
SINCIFU	A21
SINCNDQ	A02
SINCOLR	A090201
SINCORP	A01
SINCQTY	A02
SINLENG	A090201
SINSBKN	A0401
SINSBNT	A040609
SINSDNF	A050501
SINSDNG	A05
SINSDNW	A26
SINSEDG	A0411
SINSFTW	A1004
SINSMEL	A040610
SINSNOI	A0508
SINSODR	A0301
SINSVIB	A051208
SINTFLR	A1602
SINTPRE	A1602
SIRRCON	A140502
SIRRDIS	A0501
SIRRFAI	A140508
SJAMMED	A0506
SJAWDAM	A0401
SJAWMIS	A050701
SJAWNCC	A051104
SJAWNCL	A051104
SJAWNCS	A051104
SJAWNOC	A051104
SJAWNOS	A051104
SJAWNRC	A150207
SJAWWNO	A051104
SKDNADV	A05
SKINBR	A051205
SKNFBKN	A0401
SKNFDNAS	A05
SKNFDUL	A020101
SKNFEXP	A16
SKNOBBKN	A0401
SKNTDTT	A22
SKNTSLP	A051204
SLABINC	A0205
SLABMIS	A210101
SLABMSG	A020502
SLCAMC	A150101
SLCKLBK	A0401
SLCSHAD	A2201
SLDBLT	A090201
SLEAKSS	A0504
SLEVEB	A07
SLEVET	A0414
SLFTST	A0801
SLGBUT	A150102
SLGNTWK	A090207
SLHKDNA	A150205
SLHOOKX	A05
SLIMOVDU	A051207
SLKLDNW	A0507
SLOOPBKN	A0401
SLOSCAH	A1701
SLPNEU	A0504
SLROOPN	A2201
SLTSQRA	A090201
SLTSQRH	A090201
SLTSQRR	A090201
SLTTEO	A1502
SLUBEXC	A030203
SLUBKN	A0401
SLUDSG	A0501
SLVDAM	A0401
SLVDSG	A0501
SMDIFAD	A150203
SMEDCRT	A24
SMESHDEG	A0405
SMESHRK	A04
SMIGRATE	A0104
SMISBARB	A020602
SMISFIR	A050502
SMNFLUSH	A0406
SMOISTU	A0201
SMOKE	A1908
SMOKIN	A1009
SMSHTRN	A0414
SNARE	A1701
SNDLAPP	A0201
SNDLBKN	A0401
SNDLBNT	A040609
SNDLDET	A0501
SNDLDETNR	A0501
SNDLDSG	A0501
SNDLDUL	A020101
SNDLPRK	A0205
SNDLPTP	A020504
SNDLWRG	A020601
SNOADFB	A0508
SNOCAUT	A07
SNOCUTT	A050702
SNOEXPD	A020502
SNOGASF	A1501
SNOINST	A110206
SNOIRRG	A020602
SNOKNIF	A020602
SNOLOTN	A020502
SNONDLE	A020602
SNOREPT	A26
SNOSOLU	A020602
SNOSUCT	A1413
SNOTACFB	A0907
SNOTCOM	A26
SOANVDFU	A0506
SOANVDNT	A150207
SOANVDTA	A1207
SONARCNDNFF	A23
SONARLEAKS	A050402
SONARLSENFAI	A1301
SONMACCY	A170101
SONMALVTQ	A1601
SONMBRN	A1009
SONMBTCH	A070603
SONMCOMM	A13
SONMCONAL	A16
SONMCONIS	A1206
SONMCOSDM	A0415
SONMCSFDBK	A27
SONMDAM	A051203
SONMDIM	A020102
SONMDISC	A1203
SONMDISEC	A090201
SONMFCAL	A0801
SONMFOMT	A180104
SONMFOOB	A02
SONMFTDIS	A090203
SONMFTKP	A0709
SONMLABINC	A2101
SONMLEAK	A050402
SONMLMHW	A1205
SONMNACP	A0708
SONMNAVL	A160106
SONMOCC	A1409
SONMPACDM	A0205
SONMSENSF	A1301
SONMSWIS	A1102
SONMSWRES	A1605
SONMSYSCK	A090201
SONMTOUNX	A0708
SONMUNKIS	A27
SONMWOPOF	A0718
SONMWOST	A0708
SOPBWND	A051104
SORADRT	A150207
SORTIME	A24
SORVILDSG	A0501
SOSJWNC	A051104
SP14	A020701
SPARCUT	A050702
SPARKS	A0704
SPATMAT	A1908
SPFORB	A0414
SPGRBKN	A0401
SPGRDIN	A150206
SPGRLS	A0413
SPHATC	A1803
SPHBER	A0705
SPHBUP	A0401
SPHCON	A040502
SPHDNF	A050501
SPHDNS	A2201
SPHNCH	A070603
SPHNER	A090201
SPHREDT	A071801
SPHSHO	A070801
SPHYSL	A090201
SPKGAPP	A0205
SPKGDAM	A0205
SPKGEMP	A020602
SPKGINC	A0205
SPKGSBK	A020503
SPNFIR	A150104
SPORMIS	A020602
SPRDAPP	A0201
SPRDDAM	A0205
SPRDSHV	A040103
SPREEOL	A160602
SPRFLOF	A040505
SPRMFMD	A1606
SPTPDIS	A0501
SPTSLPK	A0207
SPTSMIS	A020602
SPWHANR	A1301
SPWSHNR	A0803
SPWUNKER	A090201
SPWUNKNR	A110201
SQCNDSG	A0501
SRASADJ	A0413
SRASASJ	A0413
SRDFLOD	A2201
SREDLED	A090201
SRELDIC	A1301
SRELDNR	A1301
SRELISS	A26
SRELYSL	A090201
SRETPBK	A0401
SRETPMA	A050701
SRGHCUT	A050702
SRKBRKN	A0401
SRLABEL	A210103
SRLLOOS	A2201
SROTINS	A0509
SRPDLPN	A141101
SRTNBKN	A0401
SRUNLOD	A1701
SSBNSTK	A0509
SSCDNE	A0506
SSCDULL	A020101
SSCKBKN	A0401
SSCMIS	A020602
SSCPVNC	A0409
SSDBLI	A050302
SSEALDMG	A0414
SSEDAAS	A050705
SSELDSG	A0501
SSENSDIMDIAM	A0202
SSFTSDA	A16
SSFTSDR	A0510
SSHBKN	A0401
SSHFLOO	A2201
SSHKWTN	A0414
SSHPWDG	A150207
SSHPWEJ	A020602
SSHTCSL	A051204
SSHTDAM	A0401
SSIBKN	A0204
SSIDNF	A050501
SSIGDNI	A070803
SSIGRBB	A150201
SSIGSPD	A1501
SSIGWIE	A1801
SSJAMM	A0506
SSLDBLT	A090201
SSLFTST	A0801
SSLGBUT	A150102
SSLUDSG	A0501
SSLVDAM	A0401
SSMFIR	A050502
SSMISA	A050701
SSMOKIN	A1009
SSPARKS	A0704
SSPFORB	A0414
SSPGRBKN	A0401
SSPHATC	A1803
SSPHBER	A0705
SSPHBUP	A0401
SSPHCON	A040502
SSPHDNF	A050501
SSPHDNS	A2201
SSPHNCH	A070603
SSPHNER	A090201
SSPHSHO	A070801
SSPHYSL	A090201
SSPNFIR	A150104
SSSDBLI	A050302
SSSDND	A0507
SSSFRM	A050704
SSSHBKN	A0401
SSSHUP	A150208
SSSIBKN	A0207
SSSIDNF	A050501
SSSJAMM	A0506
SSSMISA	A050701
SSSSDND	A0507
SSSSFRM	A050704
SSSSHUP	A150208
SSSTPH	A040102
SSSURSE	A050501
SSTPAIR	A24
SSTPBKN	A0413
SSTPBLD	A24
SSTPCNT	A24
SSTPDND	A0507
SSTPDNH	A24
SSTPFRM	A050704
SSTPHUP	A150208
SSTPLIN	A050704
SSTPMIS	A020602
SSTPNLP	A0507
SSTPPEN	A150201
SSTPPRE	A010401
SSTPREC	A0101
SSTRBKN	A0401
SSTRBRC	A020701
SSTRQUE	A020701
SSTYDNA	A150204
SSTYDNR	A0510
SSUREAC	A0101
SSURINT	N/A
SSUSMAS	A051101
SSUTABS	A0101
SSUTAPP	A0201
SSUTBKN	A0401
SSUTCRK	A0407
SSUTDNH	A040508
SSUTDNR	A150207
SSUTDSG	A0401
SSUTDTR	A150207
SSUTFRD	A040605
SSUTHUP	A150208
SSUTINC	A0206
SSUTKNT	A0406
SSUTNFS	A2201
SSUTREM	A020501
SSUTSPT	A05
SSUTTLO	A23
SSUTTTG	A23
SSVISL	A090202
SSWEJDIS	A0501
STACDNH	A1503
STACPEN	A150204
STBDKBA	A050703
STCCINC	A020602
STCKDNF	A150201
STCKRT	A150102
STCLCBD	A04
STEFLON	A030203
STEMDBL	A0709
STERLI	A1803
STFIC	A051206
STISEXT	A0411
STISHUP	A150208
STISLOK	A150208
STISLOS	N/A
STISTRA	N/A
STISTRN	N/A
STKBUT	A150102
STORD	A1502
STPAIR	A24
STPBKN	A0413
STPBLD	A24
STPCIN	A020602
STPCNT	A24
STPDND	A0507
STPDNH	A24
STPFRM	A050704
STPGDG	A0501
STPHUP	A150208
STPLAF	A050501
STPLCT	A150102
STPLDE	A1702
STPLIF	A050501
STPLIN	A050704
STPLNF	A050501
STPLOS	A0201
STPLRE	A05
STPMIG	A0104
STPMIS	A020602
STPNLP	A0507
STPOVR	A041001
STPPEN	A040102
STPPRE	A010401
STPREC	A0101
STRBKN	A0401
STRBRC	A020701
STRCDAM	A0401
STRCWNL	A2201
STREXRE	A150201
STRINDF	A170102
STRQUE	A020701
STRSDNR	A150301
STRSFDF	A0406
STRSFRG	A0408
STRSMIA	A020602
STRSRLP	A150103
STRSSNS	A0501
STRSTRN	A0412
STUBBKN	A0401
STUBDSG	A0501
STUBNSEC	A12
STUPFLR	A0801
STYDNA	A150204
STYDNR	A0510
SUNACAL	A08
SUNATSA	A1207
SUNCART	A0512
SUNCCLS	A0512
SUNCLAM	A051104
SUNCROT	A0512
SUNENTFM	A26
SUNEXS	A090201
SUNRADP	A08
SUNRELATED	N/A
SUNSUDI	A210102
SUNTCPS	A040508
SUNTOPS	A051104
SURBLAD	A25
SUREAC	A0101
SUSBBKN	A0401
SUSCTIN	A25
SUSLUIN	A090201
SUSPSIN	A090201
SUSREDE	A090201
SUSTIF	A040607
SUTABS	A0101
SUTAPP	A0201
SUTBKN	A0401
SUTCOR	A0413
SUTCRK	A0407
SUTCRL	A0406
SUTCUT	A27
SUTDEG	A0405
SUTDIA	A0201
SUTDNH	A040508
SUTDNR	A150207
SUTDRG	A27
SUTDSG	A0401
SUTDTR	A150207
SUTELC	A0717
SUTFRD	A040605
SUTHUP	A150208
SUTINC	A0206
SUTKLS	A040608
SUTKNK	A040102
SUTKNT	A0406
SUTLTH	A0205
SUTMTL	A04
SUTNFS	A2201
SUTPDS	A0501
SUTPULL	A150208
SUTREB	A1702
SUTRED	A150102
SUTREM	A020501
SUTRUF	A040607
SUTRUN	A040601
SUTSPL	A0414
SUTSPT	A05
SUTSTR	A04
SUTTLO	A23
SUTTNG	A040609
SUTTTG	A23
SUTTWD	A040609
SVRSUT	A0502
SVSTDEG	A0405
SWEJDIS	A0501
SWINROT	A150203
SWIPBKN	A0401
SWNGNBK	A0401
SWRGPDKT	A040506
SWRGPRD	A0206
SWRKFLW	A22
SWRPDSG	A0501
SYCLPT	A051205
SYPWBU	A090302
SYSBED	A051205
SYSFIR	A1007
SYSFPA	A05
SYSNTF	A1601
SYSPFL	A1501
TACAPP	A0406
TACDNA	A150204
TACDNH	A040102
TACNLP	A0507
TACPEN	A040102
TBDKBA	A050703
TCCINC	A020602
TCKDNF	A150201
TDAPPM	A0101
TEFLON	A030203
TEMDBL	A0709
TEMPUN	A1902
TGLMBK	A0401
TH26	A040102
TH605	A11
THC26	A1006
THF01	A1801
THF03	A090203
THF05	A090202
THRUPT	A150206
TISDOCA	A150207
TISEXT	A0411
TISHUP	A150208
TISINV	A150202
TISLOK	A150208
TRANSD	A1502
TRCDAM	A0401
TRCTDS	A0501
TRCWNL	A2201
TRINDF	A170102
TRNSTO	A1501
TRSDNR	A150301
TRSFDF	A0406
TRSFRG	A0408
TRSKNP	A0502
TRSMIA	A020602
TRSRLP	A150103
TRSSNS	A0501
TRSTRN	A0412
TSIMNW	A05
TSIMUF	A05
TSOH	A1002
TSPP	A16
TUBBKN	A0401
TUBDSG	A0501
TUBNSEC	A12
TWRENT	A16
TWROH	A1002
TWRORT	A051202
TYVEKD	A0205
TYVTRN	A0414
UEXLSB	A050302
UNACAL	A08
UNATSA	A040102
UNCART	A0512
UNCCLS	A0512
UNCLAM	A051104
UNCROT	A0512
UNDREV	A26
UNELTR	A0714
UNENTFM	A26
UNOPRE	A0512
UNRADP	A08
UNRAVL	A150207
UNSUDI	A210102
UNTCPS	A040508
UNTOPS	A051104
UPSNW	A191001
UR68	A0301
UR71	A1401
UR72	A1406
UR74	A1203
UR85	A1203
UR86	A020701
UR89	A1203
UR96	A1401
UR97	A1406
URBLAD	A25
USBBKN	A0401
USCTIN	A25
USFRDE	A2303
USLUIN	A090201
USPSIN	A090201
USREDE	A090201
V1500ALDFDEM	A09
V1500ALPMAUD	A1601
V1500ALPMAV	A160106
V1500ALPMCOA	A09
V1500ALPMIA	A1601
V1500ALPMRAS	A13
V1500BCELFCH	A070603
V1500BRDFDEM	A14
V1500BRPMBL	A1409
V1500BRPMDC	A1203
V1500BSMCPOS	A05
V1500BSMCSTR	A05
V1500BTELBT	A0705
V1500BTELBTE	A0705
V1500C4SWDRS	A1108
V1500DCDFDCA	A170101
V1500DCMCDCA	A170101
V1500DIOTER	A090203
V1500ERMCDSL	A05
V1500FLEL	A0902
V1500GSDFDEM	A09
V1500GSDFIVS	A140504
V1500GSELFLO	A14
V1500GSELPR	A1411
V1500GSICCAI	A170101
V1500GSMCAS	A13
V1500GSMCDCA	A14
V1500GSPMFSN	A070908
V1500GSPMOSP	A14
V1500KPELDSN	A0709
V1500LAIU	A2101
V1500MEELDAT	A1107
V1500OSELIVS	A0709
V1500P1MSPKG	A0205
V1500PZDFDSI	A0708
V1500PZELPS	A0708
V1500PZEPFP	A0708
V1500PZEPFPO	A0718
V1500SNELPXS	A0709
V1500TNELIVS	A0709
V1500V1MCDCA	A05
V1500V2CBFCB	A0801
V1500V2CNCMT	A13
V1500V2CNLIC	A1205
V1500V2DF	A27
V1500V2DFDAT	A1107
V1500V2DFDEM	A09
V1500V2DFFM	A18
V1500V2DMMNM	A05
V1500V2ELFLO	A14
V1500V2FSFDS	A09
V1500V2FSPST	A09
V1500V2MCFCY	A1408
V1500V2MCNA	A0508
V1500V2MSDFC	A05
V1500V2MSFOB	A0201
V1500V2MSPDQ	A05
V1500V2PMRST	A1102
V1500V2SWDAT	A110207
V1500V2TPBRN	A1009
V1500VSPMFS	A160201
V1675ALDFDEM	A09
V1675ALPMAUD	A1601
V1675ALPMAV	A160106
V1675ALPMCOA	A09
V1675ALPMIA	A1601
V1675ALPMRAS	A13
V1675BCELFCH	A070603
V1675BRDFDEM	A14
V1675BRPMBL	A1409
V1675BRPMDC	A1203
V1675BSMCPOS	A05
V1675BSMCSTR	A05
V1675BTELBT	A0705
V1675BTELBTE	A0705
V1675C4SWDRS	A1108
V1675DCDFDCA	A170101
V1675DCMCDCA	A170101
V1675DIOTER	A090203
V1675ERMCDSL	A05
V1675FLEL	A0902
V1675GSDFDEM	A09
V1675GSDFIVS	A140504
V1675GSELFLO	A14
V1675GSELPR	A1411
V1675GSICCAI	A170101
V1675GSMCAS	A13
V1675GSMCDCA	A14
V1675GSPMFSN	A070908
V1675GSPMOSP	A14
V1675KPELDSN	A0709
V1675LAIU	A2101
V1675MEELDAT	A1107
V1675OSELIVS	A0709
V1675P1MSPKG	A0205
V1675PZDFDSI	A0708
V1675PZELPS	A0708
V1675PZEPFP	A0708
V1675PZEPFPO	A0718
V1675SNELPXS	A0709
V1675TNELIVS	A0709
V1675V1MCDCA	A05
V1675V2CBFCB	A0801
V1675V2CNCMT	A13
V1675V2CNLIC	A1205
V1675V2DF	A27
V1675V2DFDAT	A1107
V1675V2DFDEM	A09
V1675V2DFFM	A18
V1675V2DMMNM	A05
V1675V2ELFLO	A14
V1675V2FSFDS	A09
V1675V2FSPST	A09
V1675V2MCFCY	A1408
V1675V2MCNA	A0508
V1675V2MSDFC	A05
V1675V2MSFOB	A0201
V1675V2MSPDQ	A05
V1675V2PMRST	A1102
V1675V2SWDAT	A110207
V1675V2TPBRN	A1009
V1675VSPMFS	A160201
V1676ALDFDEM	A09
V1676ALPMAUD	A1601
V1676ALPMAV	A160106
V1676ALPMCOA	A09
V1676ALPMIA	A1601
V1676ALPMRAS	A13
V1676BCELFCH	A070603
V1676BRDFDEM	A14
V1676BRPMBL	A1409
V1676BRPMDC	A1203
V1676BSMCPOS	A05
V1676BSMCSTR	A05
V1676BTELBT	A0705
V1676BTELBTE	A0705
V1676C4SWDRS	A1108
V1676DCDFDCA	A170101
V1676DCMCDCA	A170101
V1676DIOTER	A090203
V1676ERMCDSL	A05
V1676FLEL	A0902
V1676GSDFDEM	A09
V1676GSDFIVS	A140504
V1676GSELFLO	A14
V1676GSELPR	A1411
V1676GSICCAI	A170101
V1676GSMCAS	A13
V1676GSMCDCA	A14
V1676GSPMFSN	A070908
V1676GSPMOSP	A14
V1676KPELDSN	A0709
V1676LAIU	A2101
V1676MEELDAT	A1107
V1676OSELIVS	A0709
V1676P1MSPKG	A0205
V1676PZDFDSI	A0708
V1676PZELPS	A0708
V1676PZEPFP	A0708
V1676PZEPFPO	A0718
V1676SNELPXS	A0709
V1676TNELIVS	A0709
V1676V1MCDCA	A05
V1676V2CBFCB	A0801
V1676V2CNCMT	A13
V1676V2CNLIC	A1205
V1676V2DF	A27
V1676V2DFDAT	A1107
V1676V2DFDEM	A09
V1676V2DFFM	A18
V1676V2DMMNM	A05
V1676V2ELFLO	A14
V1676V2FSFDS	A09
V1676V2FSPST	A09
V1676V2MCFCY	A1408
V1676V2MCNA	A0508
V1676V2MSDFC	A05
V1676V2MSFOB	A0201
V1676V2MSPDQ	A05
V1676V2PMRST	A1102
V1676V2SWDAT	A110207
V1676V2TPBRN	A1009
V1676VSPMFS	A160201
V1716ALDFDEM	A09
V1716ALPMAUD	A1601
V1716ALPMAV	A160106
V1716ALPMCOA	A09
V1716ALPMIA	A1601
V1716ALPMRAS	A13
V1716BCELFCH	A070603
V1716BRDFDEM	A14
V1716BRPMBL	A1409
V1716BRPMDC	A1203
V1716BSMCPOS	A05
V1716BSMCSTR	A05
V1716BTELBT	A0705
V1716BTELBTE	A0705
V1716C4SWDRS	A1108
V1716DCDFDCA	A170101
V1716DCMCDCA	A170101
V1716DIOTER	A090203
V1716ERMCDSL	A05
V1716FLEL	A0902
V1716GSDFDEM	A09
V1716GSDFIVS	A140504
V1716GSELFLO	A14
V1716GSELPR	A1411
V1716GSICCAI	A170101
V1716GSMCAS	A13
V1716GSMCDCA	A14
V1716GSPMFSN	A070908
V1716GSPMOSP	A14
V1716KPELDSN	A0709
V1716LAIU	A2101
V1716MEELDAT	A1107
V1716OSELIVS	A0709
V1716P1MSPKG	A0205
V1716PZDFDSI	A0708
V1716PZELPS	A0708
V1716PZEPFP	A0708
V1716PZEPFPO	A0718
V1716SNELPXS	A0709
V1716TNELIVS	A0709
V1716V1MCDCA	A05
V1716V2CBFCB	A0801
V1716V2CNCMT	A13
V1716V2CNLIC	A1205
V1716V2DF	A27
V1716V2DFDAT	A1107
V1716V2DFDEM	A09
V1716V2DFFM	A18
V1716V2DMMNM	A05
V1716V2ELFLO	A14
V1716V2FSFDS	A09
V1716V2FSPST	A09
V1716V2MCFCY	A1408
V1716V2MCNA	A0508
V1716V2MSDFC	A05
V1716V2MSFOB	A0201
V1716V2MSPDQ	A05
V1716V2PMRST	A1102
V1716V2SWDAT	A110207
V1716V2TPBRN	A1009
V1716VSPMFS	A160201
V1717ALDFDEM	A09
V1717ALPMAUD	A1601
V1717ALPMAV	A160106
V1717ALPMCOA	A09
V1717ALPMIA	A1601
V1717ALPMRAS	A13
V1717BCELFCH	A070603
V1717BRDFDEM	A14
V1717BRPMBL	A1409
V1717BRPMDC	A1203
V1717BSMCPOS	A05
V1717BSMCSTR	A05
V1717BTELBT	A0705
V1717BTELBTE	A0705
V1717C4SWDRS	A1108
V1717DCDFDCA	A170101
V1717DCMCDCA	A170101
V1717DIOTER	A090203
V1717ERMCDSL	A05
V1717FLEL	A0902
V1717GSDFDEM	A09
V1717GSDFIVS	A140504
V1717GSELFLO	A14
V1717GSELPR	A1411
V1717GSICCAI	A170101
V1717GSMCDCA	A13
V1717GSMCDCA	A14
V1717GSPMFSN	A070908
V1717GSPMOSP	A14
V1717KPELDSN	A0709
V1717LAIU	A2101
V1717MEELDAT	A1107
V1717OSELIVS	A0709
V1717P1MSPKG	A0205
V1717PZDFDSI	A0708
V1717PZELPS	A0708
V1717PZEPFP	A0708
V1717PZEPFPO	A0718
V1717SNELPXS	A0709
V1717TNELIVS	A0709
V1717V1MCDCA	A05
V1717V2CBFCB	A0801
V1717V2CNCMT	A13
V1717V2CNLIC	A1205
V1717V2DF	A27
V1717V2DFDAT	A1107
V1717V2DFDEM	A09
V1717V2DFFM	A18
V1717V2DMMNM	A05
V1717V2ELFLO	A14
V1717V2FSFDS	A09
V1717V2FSPST	A09
V1717V2MCFCY	A1408
V1717V2MCNA	A0508
V1717V2MSDFC	A05
V1717V2MSFOB	A0201
V1717V2MSPDQ	A05
V1717V2PMRST	A1102
V1717V2SWDAT	A110207
V1717V2TPBRN	A1009
V1717VSPMFS	A160201
V1718ALDFDEM	A09
V1718ALPMAUD	A1601
V1718ALPMAV	A160106
V1718ALPMCOA	A09
V1718ALPMIA	A1601
V1718ALPMRAS	A13
V1718BCELFCH	A070603
V1718BRDFDEM	A14
V1718BRPMBL	A1409
V1718BRPMDC	A1203
V1718BSMCPOS	A05
V1718BSMCSTR	A05
V1718BTELBT	A0705
V1718BTELBTE	A0705
V1718C4SWDRS	A1108
V1718DCDFDCA	A170101
V1718DCMCDCA	A170101
V1718DIOTER	A090203
V1718ERMCDSL	A05
V1718FLEL	A0902
V1718GSDFDEM	A09
V1718GSDFIVS	A140504
V1718GSELFLO	A14
V1718GSELPR	A1411
V1718GSICCAI	A170101
V1718GSMCAS	A13
V1718GSMCDCA	A14
V1718GSPMFSN	A070908
V1718GSPMOSP	A14
V1718KPELDSN	A0709
V1718LAIU	A2101
V1718MEELDAT	A1107
V1718OSELIVS	A0709
V1718P1MSPKG	A0205
V1718PZDFDSI	A0708
V1718PZELPS	A0708
V1718PZEPFP	A0708
V1718PZEPFPO	A0718
V1718SNELPXS	A0709
V1718TNELIVS	A0709
V1718V1MCDCA	A05
V1718V2CBFCB	A0801
V1718V2CNCMT	A13
V1718V2CNLIC	A1205
V1718V2DF	A27
V1718V2DFDAT	A1107
V1718V2DFDEM	A09
V1718V2DFFM	A18
V1718V2DMMNM	A05
V1718V2ELFLO	A14
V1718V2FSFDS	A09
V1718V2FSPST	A09
V1718V2MCFCY	A1408
V1718V2MCNA	A0508
V1718V2MSDFC	A05
V1718V2MSFOB	A0201
V1718V2MSPDQ	A05
V1718V2PMRST	A1102
V1718V2SWDAT	A110207
V1718V2TPBRN	A1009
V1718VSPMFS	A160201
V1824ALDFDEM	A09
V1824ALPMAUD	A1601
V1824ALPMAV	A160106
V1824ALPMCOA	A09
V1824ALPMIA	A1601
V1824ALPMRAS	A13
V1824BCELFCH	A070603
V1824BRDFDEM	A14
V1824BRPMBL	A1409
V1824BRPMDC	A1203
V1824BSMCPOS	A05
V1824BSMCSTR	A05
V1824BTELBT	A0705
V1824BTELBTE	A0705
V1824C4SWDRS	A1108
V1824DCDFDCA	A170101
V1824DCMCDCA	A170101
V1824DIOTER	A090203
V1824ERMCDSL	A05
V1824FLEL	A0902
V1824GSDFDEM	A09
V1824GSDFIVS	A140504
V1824GSELFLO	A14
V1824GSELPR	A1411
V1824GSICCAI	A170101
V1824GSMCAS	A13
V1824GSMCDCA	A14
V1824GSPMFSN	A070908
V1824GSPMOSP	A14
V1824KPELDSN	A0709
V1824LAIU	A2101
V1824MEELDAT	A1107
V1824OSELIVS	A0709
V1824P1MSPKG	A0205
V1824PZDFDSI	A0708
V1824PZELPS	A0708
V1824PZEPFP	A0708
V1824PZEPFPO	A0718
V1824SNELPXS	A0709
V1824TNELIVS	A0709
V1824V1MCDCA	A05
V1824V2CBFCB	A0801
V1824V2CNCMT	A13
V1824V2CNLIC	A1205
V1824V2DF	A27
V1824V2DFDAT	A1107
V1824V2DFDEM	A09
V1824V2DFFM	A18
V1824V2DMMNM	A05
V1824V2ELFLO	A14
V1824V2FSFDS	A09
V1824V2FSPST	A09
V1824V2MCFCY	A1408
V1824V2MCNA	A0508
V1824V2MSDFC	A05
V1824V2MSFOB	A0201
V1824V2MSPDQ	A05
V1824V2PMRST	A1102
V1824V2SWDAT	A110207
V1824V2TPBRN	A1009
V1824VSPMFS	A160201
V3064ALDFDEM	A09
V3064ALPMAUD	A1601
V3064ALPMAV	A160106
V3064ALPMCOA	A09
V3064ALPMIA	A1601
V3064ALPMRAS	A13
V3064BCELFCH	A070603
V3064BRDFDEM	A14
V3064BRPMBL	A1409
V3064BRPMDC	A1203
V3064BSMCPOS	A05
V3064BSMCSTR	A05
V3064BTELBT	A0705
V3064BTELBTE	A0705
V3064C4SWDRS	A1108
V3064C5IFPMP	A1411
V3064DCDFDCA	A170101
V3064DIOTER	A090203
V3064ERMCDSL	A05
V3064FLEL	A0902
V3064GSDFDEM	A09
V3064GSDFIVS	A140504
V3064GSELFLO	A14
V3064GSELPR	A1411
V3064GSICCAI	A170101
V3064GSPMAS	A14
V3064GSPMDAS	A09
V3064GSPMFSN	A070908
V3064GSPMOSP	A14
V3064KPELDSN	A0709
V3064LAIU	A2101
V3064MEELDAT	A1107
V3064OSELIVS	A0709
V3064P1MSPKG	A0205
V3064PZDFDSI	A0708
V3064PZELPS	A0708
V3064PZEPFP	A0708
V3064PZEPFPO	A0718
V3064V2CBFCB	A0801
V3064V2CNCMT	A13
V3064V2CNLIC	A1205
V3064V2DF	A27
V3064V2DFDAT	A1107
V3064V2DFDEM	A09
V3064V2DFFM	A18
V3064V2DMMNM	A05
V3064V2ELFLO	A14
V3064V2FSEST	A09
V3064V2FSFDS	A09
V3064V2FSPST	A09
V3064V2FSSST	A09
V3064V2MCFCY	A1408
V3064V2MCNA	A0508
V3064V2MSDFC	A05
V3064V2MSFOB	A0201
V3064V2MSPDQ	A05
V3064V2PMRST	A1102
V3064V2SWDAT	A110207
V3064V2TPBRN	A1009
V3064VSPMFS	A160201
V3065ALDFDEM	A09
V3065ALPMAUD	A1601
V3065ALPMAV	A160106
V3065ALPMCOA	A09
V3065ALPMIA	A1601
V3065ALPMRAS	A13
V3065BCELFCH	A070603
V3065BRDFDEM	A14
V3065BRPMBL	A1409
V3065BRPMDC	A1203
V3065BSMCPOS	A05
V3065BSMCSTR	A05
V3065BTELBT	A0705
V3065C4SWDRS	A1108
V3065C5IFPMP	A1411
V3065DCDFDCA	A170101
V3065DIOTER	A090203
V3065ERMCDSL	A05
V3065FLEL	A0902
V3065GSDFDEM	A09
V3065GSDFIVS	A140504
V3065GSELFLO	A14
V3065GSELPR	A1411
V3065GSICCAI	A170101
V3065GSPMAS	A14
V3065GSPMDAS	A09
V3065GSPMFSN	A070908
V3065GSPMOSP	A14
V3065KPELDSN	A0709
V3065LAIU	A2101
V3065MEELDAT	A1107
V3065OSELIVS	A0709
V3065P1MSPKG	A0205
V3065PZDFDSI	A0708
V3065PZELPS	A0708
V3065PZEPFP	A0708
V3065PZEPFPO	A0718
V3065V2CBFCB	A0801
V3065V2CNCMT	A13
V3065V2CNLIC	A1205
V3065V2DF	A27
V3065V2DFDAT	A1107
V3065V2DFDEM	A09
V3065V2DFFM	A18
V3065V2DMMNM	A05
V3065V2ELFLO	A14
V3065V2FSEST	A09
V3065V2FSFDS	A09
V3065V2FSPST	A09
V3065V2FSSST	A09
V3065V2MCFCY	A1408
V3065V2MCNA	A0508
V3065V2MSDFC	A05
V3065V2MSFOB	A0201
V3065V2MSPDQ	A05
V3065V2PMRST	A1102
V3065V2SWDAT	A110207
V3065V2TPBRN	A1009
V3065VSPMFS	A160201
V3066ALDFDEM	A09
V3066ALPMAUD	A1601
V3066ALPMAV	A160106
V3066ALPMCOA	A09
V3066ALPMIA	A1601
V3066ALPMRAS	A13
V3066BCELFCH	A070603
V3066BRDFDEM	A14
V3066BRPMBL	A1409
V3066BRPMDC	A1203
V3066BSMCPOS	A05
V3066BSMCSTR	A05
V3066BTELBT	A0705
V3066C4SWDRS	A1108
V3066C5IFPMP	A1411
V3066DCDFDCA	A170101
V3066DIOTER	A090203
V3066ERMCDSL	A05
V3066FLEL	A0902
V3066GSDFDEM	A09
V3066GSDFIVS	A140504
V3066GSELFLO	A14
V3066GSELPR	A1411
V3066GSICCAI	A170101
V3066GSPMAS	A14
V3066GSPMDAS	A09
V3066GSPMFSN	A070908
V3066GSPMOSP	A14
V3066KPELDSN	A0709
V3066LAIU	A2101
V3066MEELDAT	A1107
V3066OSELIVS	A0709
V3066P1MSPKG	A0205
V3066PZDFDSI	A0708
V3066PZELPS	A0708
V3066PZEPFP	A0708
V3066PZEPFPO	A0718
V3066SNELPXS	A0709
V3066TNELIVS	A0709
V3066V2CBFCB	A0801
V3066V2CNCMT	A13
V3066V2CNLIC	A1205
V3066V2DF	A27
V3066V2DFDAT	A1107
V3066V2DFDEM	A09
V3066V2DFFM	A18
V3066V2DMMNM	A05
V3066V2ELFLO	A14
V3066V2FSEST	A09
V3066V2FSFDS	A09
V3066V2FSPST	A09
V3066V2FSSST	A09
V3066V2MCFCY	A1408
V3066V2MCNA	A0508
V3066V2MSDFC	A05
V3066V2MSFOB	A0201
V3066V2MSPDQ	A05
V3066V2PMRST	A1102
V3066V2SWDAT	A110207
V3066V2TPBRN	A1009
V3066VSPMFS	A160201
V3067ALDFDEM	A09
V3067ALPMAUD	A1601
V3067ALPMAV	A160106
V3067ALPMCOA	A09
V3067ALPMIA	A1601
V3067ALPMRAS	A13
V3067BCELFCH	A070603
V3067BRDFDEM	A14
V3067BRPMBL	A1409
V3067BRPMDC	A1203
V3067BSMCPOS	A05
V3067BSMCSTR	A05
V3067BTELBT	A0705
V3067C2ELIVS	A0709
V3067C4SWDRS	A1108
V3067C5IFPMP	A1411
V3067DCDFDCA	A170101
V3067DIOTER	A090203
V3067ERMCDSL	A05
V3067FLEL	A0902
V3067GSDFDEM	A09
V3067GSDFIVS	A140504
V3067GSELFLO	A14
V3067GSELPR	A1411
V3067GSICCAI	A170101
V3067GSPMAS	A14
V3067GSPMDAS	A09
V3067GSPMFSN	A070908
V3067GSPMOSP	A14
V3067HFO2T	A14
V3067KPELDSN	A0709
V3067LAIU	A2101
V3067MEELDAT	A1107
V3067OSELIVS	A0709
V3067P1MSPKG	A0205
V3067PZDFDSI	A0708
V3067PZELPS	A0708
V3067PZEPFP	A0708
V3067PZEPFPO	A0718
V3067SNELPXS	A0709
V3067TNELIVS	A0709
V3067V2CBFCB	A0801
V3067V2CNCMT	A13
V3067V2CNLIC	A1205
V3067V2DF	A27
V3067V2DFDAT	A1107
V3067V2DFDEM	A09
V3067V2DFFM	A18
V3067V2DFLPV	A1405
V3067V2DMMNM	A05
V3067V2ELFLO	A14
V3067V2FSEST	A09
V3067V2FSFDS	A09
V3067V2FSPST	A09
V3067V2FSSST	A09
V3067V2MCFCY	A1408
V3067V2MCNA	A0508
V3067V2MSDFC	A05
V3067V2MSFOB	A0201
V3067V2MSPDQ	A05
V3067V2PMRST	A1102
V3067V2SWDAT	A110207
V3067V2TPBRN	A1009
V3067VSPMFS	A160201
V3125ALDFDEM	A09
V3125ALPMAUD	A1601
V3125ALPMAV	A160106
V3125ALPMCOA	A09
V3125ALPMIA	A1601
V3125ALPMRAS	A13
V3125BCELFCH	A070603
V3125BRDFDEM	A14
V3125BRPMBL	A1409
V3125BRPMDC	A1203
V3125BSMCPOS	A05
V3125BSMCSTR	A05
V3125BTELBT	A0705
V3125BTELBTE	A0705
V3125C2ELIVS	A0709
V3125C4SWDRS	A1108
V3125C5IFPMP	A1411
V3125DCDFDCA	A170101
V3125DIOTER	A090203
V3125ERMCDSL	A05
V3125FLEL	A0902
V3125GSDFDEM	A09
V3125GSDFIVS	A140504
V3125GSELFLO	A14
V3125GSELPR	A1411
V3125GSICCAI	A170101
V3125GSPMAS	A14
V3125GSPMDAS	A09
V3125GSPMFSN	A070908
V3125GSPMOSP	A14
V3125KPELDSN	A0709
V3125LAIU	A2101
V3125MEELDAT	A1107
V3125OSELIVS	A0709
V3125P1MSPKG	A0205
V3125PZDFDSI	A0708
V3125PZELPS	A0708
V3125PZEPFP	A0708
V3125PZEPFPO	A0718
V3125SNELPXS	A0709
V3125TNELIVS	A0709
V3125V2CBFCB	A0801
V3125V2CNCMT	A13
V3125V2CNLIC	A1205
V3125V2DF	A27
V3125V2DFDAT	A1107
V3125V2DFDEM	A09
V3125V2DFFM	A18
V3125V2DMMNM	A05
V3125V2ELFLO	A14
V3125V2FSEST	A09
V3125V2FSFDS	A09
V3125V2FSPST	A09
V3125V2FSSST	A09
V3125V2MCFCY	A1408
V3125V2MCNA	A0508
V3125V2MSDFC	A05
V3125V2MSFOB	A0201
V3125V2MSPDQ	A05
V3125V2PMRST	A1102
V3125V2SWDAT	A110207
V3125V2TPBRN	A1009
V3125VSPMFS	A160201
V3126ALDFDEM	A09
V3126ALPMAUD	A1601
V3126ALPMAV	A160106
V3126ALPMCOA	A09
V3126ALPMIA	A1601
V3126ALPMRAS	A13
V3126BCELFCH	A070603
V3126BRDFDEM	A14
V3126BRPMBL	A1409
V3126BRPMDC	A1203
V3126BSMCPOS	A05
V3126BSMCSTR	A05
V3126BTELBT	A0705
V3126BTELBTE	A0705
V3126C4SWDRS	A1108
V3126DCDFDCA	A170101
V3126DCMCDCA	A170101
V3126DIOTER	A090203
V3126ERMCDSL	A05
V3126FLEL	A0902
V3126GSDFDEM	A09
V3126GSDFIVS	A140504
V3126GSELFLO	A14
V3126GSELPR	A1411
V3126GSICCAI	A170101
V3126GSMCAS	A13
V3126GSMCDCA	A14
V3126GSPMFSN	A070908
V3126GSPMOSP	A14
V3126KPELDSN	A0709
V3126LAIU	A2101
V3126MEELDAT	A1107
V3126OSELIVS	A0709
V3126P1MSPKG	A0205
V3126PZDFDSI	A0708
V3126PZELPS	A0708
V3126PZEPFP	A0708
V3126PZEPFPO	A0718
V3126SNELPXS	A0709
V3126TNELIVS	A0709
V3126V1MCDCA	A05
V3126V2CBFCB	A0801
V3126V2CNCMT	A13
V3126V2CNLIC	A1205
V3126V2DF	A27
V3126V2DFDAT	A1107
V3126V2DFDEM	A09
V3126V2DFFM	A18
V3126V2DMMNM	A05
V3126V2ELFLO	A14
V3126V2FSFDS	A09
V3126V2FSPST	A09
V3126V2MCFCY	A1408
V3126V2MCNA	A0508
V3126V2MSDFC	A05
V3126V2MSFOB	A0201
V3126V2MSPDQ	A05
V3126V2PMRST	A1102
V3126V2SWDAT	A110207
V3126V2TPBRN	A1009
V3126VSPMFS	A160201
VAAV02	A1406
VAAV06	A0407
VAAV07	A07
VAAV10	A1801
VAAV15	A1006
VAAV16	A07
VAAV17	A1203
VALDAM	A0401
VCOMPFAIL	A25
VITS58	A11
VITS64	A11
VITS64R	A11
VITS65	A11
VITS66	A11
VITS67	A11
VITS68	A11
VITS69	A11
VITS70	A11
VITS71	A1105
VITS72	A11
VITS73	A11
VITS74	A11
VITS75	A11
VITS76	A11
VITS77	A11
VITS78	A11
VITS79	A11
VITS80	A11
VITS81	A11
VITS82	A11
VITS85	A11
VITSBTCH	A10
VITSDCDDC	A05
VITSDCECUNK	A020102
VITSDCIIHP	A21
VITSDIDSI	A090206
VITSDIOT	A0902
VITSDURP	A27
VITSGN45	A230502
VITSMOOT	A11
VITSOM45	A27
VITSPWEL	A0708
VITSS4CDAT	A1105
VITSS4DAT	A1105
VITSS4HD	A1101
VITSS4INF	A0908
VITSS4IUI	A1104
VITSS4LD	A1105
VITSS4MF	A090204
VITSSK33	A02
VMHALQUA	A1601
VMHBATTIS	A0705
VMHCOF	A18
VMHCOMM	A13
VMHCOND	A1905
VMHCTFDBK	A27
VMHDIM	A0202
VMHDRDM	A051203
VMHDTIS	A1108
VMHENCHS	A051201
VMHERRMSG	A090201
VMHFAAL	A160105
VMHFACC	A13
VMHFALQUA	A1601
VMHFCOF	A18
VMHFCOSD	A0415
VMHFCTFDBK	A27
VMHFDRDM	A051203
VMHFDTIS	A1108
VMHFENCHS	A051201
VMHFFAAL	A160105
VMHFFLO	A14
VMHFFOOB	A02
VMHFFORMT	A18
VMHFFTDISP	A090206
VMHFHOT	A10
VMHFHUMI	A1905
VMHFIESH	A0714
VMHFINT	A072002
VMHFKPDF	A150105
VMHFLABINC	A2101
VMHFLEA	A050402
VMHFLOOHW	A1205
VMHFNOAL	A160102
VMHFNOIS	A1901
VMHFOOB	A02
VMHFOXCON	A09
VMHFPCKDM	A02
VMHFPOWIS	A070803
VMHFPRSS	A1411
VMHFPWRFAL	A191002
VMHFSMBR	A1009
VMHFSWER	A1102
VMHFTDISP	A090206
VMHFTEMP	A10
VMHHOT	A10
VMHHTPLI	A07
VMHHUMI	A1905
VMHIMDS	A2201
VMHKPDF	A150105
VMHLABEL	A2101
VMHLAINC	A2101
VMHLEA	A050402
VMHLOOHW	A1205
VMHNOAL	A160102
VMHNOIS	A1901
VMHPCKDM	A02
VMHPOWIS	A070803
VMHPWRFAL	A191002
VMHSHISH	A0714
VMHSMBR	A1009
VMHSWER	A1102
VMHTEMP	A10
VMHUTS	A2103
VNOGAS	A14
VSTDEG	A0405
VV2CB1	A25
VV2CB10	A26
VV2CB11	A01
VV2CB2	A24
VV2CB3	A24
VV2CB4	A27
VV2CB5	A18
VV2CB6	A0301
VV2CB7	A05
VV2CB8	A09
VV2CB9	A26
VV2NTSPEC	A25
WARLHT	A1601
WAXDNA	A090201
WHLGEN	A1502
WINROT	A040102
WIREXP	A1502
WNGNBK	A0401
WRGANG	A090201
WRGENR	A150102
WRGPDKT	A040506
WRGPRD	A0206
WRSTAR	A090201
XTRCLP	A0206
ZSLDPP	A2103
