Code/LLT	Level6 Description
ANCINS	NOT REPORTABLE
ADPYSL	NOT REPORTABLE
ANCTBB	REPORTABLE
ANTLPR	REPORTABLE
ANVDNT	REPORTABLE
ACRORT	REPORTABLE
ADHIMP	NOT REPORTABLE
ADPDNC	NOT REPORTABLE
ADPTSR	NOT REPORTABLE
ADPTNR	NOT REPORTABLE
AASEUNRTRN	NOT REPORTABLE
AASNOREPT	NOT REPORTABLE
AASNOTCOM	NOT REPORTABLE
AASUNRELATED	NOT REPORTABLE
ABSLOW	NOT REPORTABLE
ACOH	NOT REPORTABLE
ACENT	NOT REPORTABLE
ACCBRK	REPORTABLE
ABSORP	REPORTABLE
ACADISSUE	NOT REPORTABLE
ANVDSG	REPORTABLE
ANVDTA	REPORTABLE
ANVDTG	NOT REPORTABLE
ANVDTU	REPORTABLE
ARJBKN	NOT REPORTABLE
ARMIDE	REPORTABLE
ARTACT	REPORTABLE
ARTINS	NOT REPORTABLE
ARTNSM	NOT REPORTABLE
ARTSTRDF	REPORTABLE
ATWANV	REPORTABLE
AUDIOFAIL	NOT REPORTABLE
AUTCLV	NOT REPORTABLE
BACHDNW	NOT REPORTABLE
BAGDET	NOT REPORTABLE
BAGSEP	REPORTABLE
BAGTRN	REPORTABLE
BALLDIS	REPORTABLE
BALLEK	NOT REPORTABLE
BALSEP	REPORTABLE
BALWND	NOT REPORTABLE
BALWNI	REPORTABLE
BATDNW	NOT REPORTABLE
BATLEAK	NOT REPORTABLE
BATNCH	NOT REPORTABLE
BATNOCHG	NOT REPORTABLE
BATTHR	REPORTABLE
BBRSIN	REPORTABLE
BCKUPP	REPORTABLE
BFSTPL	REPORTABLE
BKNSHW	REPORTABLE
BLLNBK	REPORTABLE
BLLNDT	NOT REPORTABLE
BLLNWH	NOT REPORTABLE
BLVAIN	REPORTABLE
BURNP	REPORTABLE
BURNU	REPORTABLE
BUTBKN	NOT REPORTABLE
BUTTON	NOT REPORTABLE
BWLLEK	REPORTABLE
CABLE	NOT REPORTABLE
CALDNS	NOT REPORTABLE
CALIER	NOT REPORTABLE
CALSLW	NOT REPORTABLE
CAPACT	REPORTABLE
CAPCPL	REPORTABLE
CAPEOH	NOT REPORTABLE
CARTNR	NOT REPORTABLE
CAUTNL	NOT REPORTABLE
CEED	NOT REPORTABLE
CEXEMF	REPORTABLE
CFTBKN	NOT REPORTABLE
CHBAER	NOT REPORTABLE
CHGRED	NOT REPORTABLE
CLBWND	NOT REPORTABLE
CLCINC	NOT REPORTABLE
CLIPD	REPORTABLE
CLNCAP	REPORTABLE
CLPBKN	REPORTABLE
CLPDNF	NOT REPORTABLE
CLPFLF	REPORTABLE
CLPFLP	REPORTABLE
CLPFRM	REPORTABLE
CLPNLP	REPORTABLE
CLPSCZ	REPORTABLE
CLPSEP	NOT REPORTABLE
CLPSLP	REPORTABLE
CLPSPT	REPORTABLE
CMDROF	REPORTABLE
CMDROP	REPORTABLE
CMDROR	REPORTABLE
CMPBIO	REPORTABLE
CMPDIS	REPORTABLE
CNDTHB	NOT REPORTABLE
CNDTIN	REPORTABLE
COLEEI	REPORTABLE
COLLFS	REPORTABLE
CORDAM	NOT REPORTABLE
CORRST	NOT REPORTABLE
CPMALAUD	NOT REPORTABLE
CPMASSMB	NOT REPORTABLE
CPMBTELBT	NOT REPORTABLE
CPMBTELFCH	NOT REPORTABLE
CPMCNCMT	NOT REPORTABLE
CPMCNLIC	NOT REPORTABLE
CPMCOA	NOT REPORTABLE
CPMCOSDM	NOT REPORTABLE
CPMCUSFB	NOT REPORTABLE
CPMCYBSEC	NOT REPORTABLE
CPMDALK	NOT REPORTABLE
CPMDDAM	NOT REPORTABLE
CPMDELPR	NOT REPORTABLE
CPMDESW	NOT REPORTABLE
CPMDEVDC	NOT REPORTABLE
CPMDEVHOT	NOT REPORTABLE
CPMDFDAT	REPORTABLE
CPMDFDSI	NOT REPORTABLE
CPMDFFM	NOT REPORTABLE
CPMDFPO	NOT REPORTABLE
CPMDIOTER	NOT REPORTABLE
CPMDPKG	NOT REPORTABLE
CPMDPSWF	NOT REPORTABLE
CPMDVCON	NOT REPORTABLE
CPMDWINF	NOT REPORTABLE
CPMELSHK	REPORTABLE
CPMFOOB	NOT REPORTABLE
CPMMEDAT	NOT REPORTABLE
CPMMSLA	NOT REPORTABLE
CPMNALRM	REPORTABLE
CPMNOI	NOT REPORTABLE
CPMPOWL	NOT REPORTABLE
CPMPZELPS	NOT REPORTABLE
CPMSWDRS	NOT REPORTABLE
CPMSWRST	NOT REPORTABLE
CPMTCHIVS	NOT REPORTABLE
CPMTPBRN	REPORTABLE
CPMTUBBL	NOT REPORTABLE
CPMWDEF	NOT REPORTABLE
CSERSC	NOT REPORTABLE
CTRYCR	NOT REPORTABLE
CUSFED	NOT REPORTABLE
CUTRIP	NOT REPORTABLE
CUTSGI	REPORTABLE
CYBERA	REPORTABLE
DAMAGE	REPORTABLE
DATALT	REPORTABLE
DBLIDX	REPORTABLE
DCERROR	NOT REPORTABLE
DEADRA	REPORTABLE
DEFECTIVE	NOT REPORTABLE
DEVBRN	REPORTABLE
DEVNTO	NOT REPORTABLE
DEVPWF	NOT REPORTABLE
DEVUSE	NOT REPORTABLE
DFAADP	NOT REPORTABLE
DFINPH	NOT REPORTABLE
DFINPT	REPORTABLE
DFOPKG	NOT REPORTABLE
DFRADP	NOT REPORTABLE
DGRDNW	NOT REPORTABLE
DIFAPX	REPORTABLE
DIFART	NOT REPORTABLE
DIFASY	NOT REPORTABLE
DIFCLS	NOT REPORTABLE
DIFDAS	NOT REPORTABLE
DIFDEP	NOT REPORTABLE
DIFDES	NOT REPORTABLE
DIFFERELPRO	REPORTABLE
DIFFIR	NOT REPORTABLE
DIFGRP	NOT REPORTABLE
DIFHPA	REPORTABLE
DIFIIN	REPORTABLE
DIFINJ	NOT REPORTABLE
DIFINS	NOT REPORTABLE
DIFLCK	NOT REPORTABLE
DIFLOD	NOT REPORTABLE
DIFOPN	NOT REPORTABLE
DIFPKG	NOT REPORTABLE
DIFPOS	NOT REPORTABLE
DIFPPN	NOT REPORTABLE
DIFRCV	REPORTABLE
DIFREM	REPORTABLE
DIFRFP	REPORTABLE
DIFRKB	REPORTABLE
DIFSAF	REPORTABLE
DIFSTG	REPORTABLE
DIFTGL	NOT REPORTABLE
DIFUNL	NOT REPORTABLE
DIREST	NOT REPORTABLE
DISCRK	NOT REPORTABLE
DISPFL	REPORTABLE
DISSHO	NOT REPORTABLE
DMPHHS	NOT REPORTABLE
DNCALB	NOT REPORTABLE
DNINMS	REPORTABLE
DRAPE	REPORTABLE
DRAPEW	NOT REPORTABLE
DRPCLP	NOT REPORTABLE
DRPJM	REPORTABLE
DRPSLP	NOT REPORTABLE
DRPTRN	REPORTABLE
DSPIRG	NOT REPORTABLE
DSPLAY	NOT REPORTABLE
DSUINI	NOT REPORTABLE
DT0001	NOT REPORTABLE
DT0002	NOT REPORTABLE
DT0003	NOT REPORTABLE
DT0020	NOT REPORTABLE
DT0019	NOT REPORTABLE
DT0021	NOT REPORTABLE
DT0022	NOT REPORTABLE
DT0023	NOT REPORTABLE
DT0014	NOT REPORTABLE
DT0015	NOT REPORTABLE
DT0016	NOT REPORTABLE
DT0018	NOT REPORTABLE
DT0017	NOT REPORTABLE
DT0004	NOT REPORTABLE
DT0005	NOT REPORTABLE
DT0006	NOT REPORTABLE
DT0007	NOT REPORTABLE
DT0008	NOT REPORTABLE
DT0013	NOT REPORTABLE
DT0012	NOT REPORTABLE
DT0011	NOT REPORTABLE
DT0009	NOT REPORTABLE
DT0010	NOT REPORTABLE
DT0024	NOT REPORTABLE
DT0025	NOT REPORTABLE
DT0026	NOT REPORTABLE
DT0027	NOT REPORTABLE
DT0028	NOT REPORTABLE
DT0029	NOT REPORTABLE
DT0030	NOT REPORTABLE
DT0031	NOT REPORTABLE
DT0032	NOT REPORTABLE
DT0033	NOT REPORTABLE
DT0034	NOT REPORTABLE
DT0035	NOT REPORTABLE
DT0036	NOT REPORTABLE
DT0037	NOT REPORTABLE
DT0038	NOT REPORTABLE
DT0039	NOT REPORTABLE
DT0040	NOT REPORTABLE
DT0041	NOT REPORTABLE
DT0042	NOT REPORTABLE
DT0043	NOT REPORTABLE
DT0044	NOT REPORTABLE
DT0045	NOT REPORTABLE
DT0046	NOT REPORTABLE
DT0047	NOT REPORTABLE
DT0048	NOT REPORTABLE
DT0049	NOT REPORTABLE
DT0050	NOT REPORTABLE
DTAIDA	NOT REPORTABLE
DTERRMES	NOT REPORTABLE
DTLOOP	REPORTABLE
DTRNS	NOT REPORTABLE
E2991EP	NOT REPORTABLE
E2991MZMPR	REPORTABLE
E2991MZPL	REPORTABLE
E2992MZPL	NOT REPORTABLE
E2993MZPL	NOT REPORTABLE
E2994MZPL	NOT REPORTABLE
E2995MZPL	NOT REPORTABLE
E2996MZPL	NOT REPORTABLE
E2997MZPL	NOT REPORTABLE
E2998MZPL	NOT REPORTABLE
E2999MZPL	REPORTABLE
E3000MZPL	REPORTABLE
E3505INSDAM	NOT REPORTABLE
EABLHA1IFNF	REPORTABLE
EABLHA1MZPL	REPORTABLE
EABLHA1TP	REPORTABLE
EABLHGNTP	NOT REPORTABLE
EABLHMZBK	NOT REPORTABLE
EABLHNEMZMTW	NOT REPORTABLE
EABLHTP	NOT REPORTABLE
EBIMC	NOT REPORTABLE
EBIMZMTW	NOT REPORTABLE
ECBFCB	NOT REPORTABLE
ECDMZ	NOT REPORTABLE
ECECN	NOT REPORTABLE
ECGOH	NOT REPORTABLE
ECHDEO	NOT REPORTABLE
ECNLIC	NOT REPORTABLE
ECTHRP	REPORTABLE
ECTHRU	REPORTABLE
ED3CN	NOT REPORTABLE
ED3DSCTM	NOT REPORTABLE
ED3HDDSP	NOT REPORTABLE
ED3IUNAI	NOT REPORTABLE
ED3MSDMS	NOT REPORTABLE
ED3MZBK	NOT REPORTABLE
ED3MZMDF	NOT REPORTABLE
ED3MZMTW	NOT REPORTABLE
ED3NN	NOT REPORTABLE
ED3OTIEO	NOT REPORTABLE
ED3OTOEI	NOT REPORTABLE
ED3OTOEINR	NOT REPORTABLE
EDCDSCX	NOT REPORTABLE
EDCMCDTC	REPORTABLE
EDCMSCS	NOT REPORTABLE
EDCMSDPU	NOT REPORTABLE
EDCMZBK	NOT REPORTABLE
EDCMZDAM	NOT REPORTABLE
EDCNA	NOT REPORTABLE
EDDRESP	NOT REPORTABLE
EDIFOPN	NOT REPORTABLE
EDPDACT	NOT REPORTABLE
EDPDFR	NOT REPORTABLE
EDPSACT	REPORTABLE
EDRAP	REPORTABLE
EDSCMS	NOT REPORTABLE
EDSCTM	NOT REPORTABLE
EDSDCI	NOT REPORTABLE
EELDRA	REPORTABLE
EELECTDAM	REPORTABLE
EELEISS	NOT REPORTABLE
EELEMC	NOT REPORTABLE
EELEVISDIS	NOT REPORTABLE
EELEVISLIT	NOT REPORTABLE
EEPAC	NOT REPORTABLE
EEPFP	NOT REPORTABLE
EEPISHK	NOT REPORTABLE
EEPUE	REPORTABLE
EESACCHCDI	NOT REPORTABLE
EESACDPDFR	NOT REPORTABLE
EESACDPPSEP	NOT REPORTABLE
EESACEP	NOT REPORTABLE
EESACGLDPDFR	NOT REPORTABLE
EESHWGNOTOEI	NOT REPORTABLE
EESHWFSOTOEI	NOT REPORTABLE
EESHWMCFLK	NOT REPORTABLE
EESHWMCFLN	NOT REPORTABLE
EESHWMSDFC	NOT REPORTABLE
EESHWDPSACT	REPORTABLE
EESHWECEPP	NOT REPORTABLE
EESHWELES	REPORTABLE
EESHWEPFP	NOT REPORTABLE
EESHWEPFCH	NOT REPORTABLE
EESACGLMZMD	NOT REPORTABLE
EESACMZMD	NOT REPORTABLE
EESACMZPL	REPORTABLE
EESACPDDPDFR	NOT REPORTABLE
EESHWBRNSM	NOT REPORTABLE
EESHWCNREM	NOT REPORTABLE
EESHWCNMOP	NOT REPORTABLE
EESHWCN	NOT REPORTABLE
EESHWCBFCB	NOT REPORTABLE
EESHWCM	NOT REPORTABLE
EESHWMZBK	NOT REPORTABLE
EESHWOT	NOT REPORTABLE
EESHWOTE279	NOT REPORTABLE
EESHWOTEC1	NOT REPORTABLE
EESHWOTEC10	NOT REPORTABLE
EESHWOTEC100	NOT REPORTABLE
EESHWOTEC102	NOT REPORTABLE
EESHWOTEC103	NOT REPORTABLE
EESHWOTEC104	NOT REPORTABLE
EESHWOTEC105	NOT REPORTABLE
EESHWOTEC106	NOT REPORTABLE
EESHWOTEC11	NOT REPORTABLE
EESHWOTEC111	NOT REPORTABLE
EESHWOTEC112	NOT REPORTABLE
EESHWOTEC114	NOT REPORTABLE
EESHWOTEC115	NOT REPORTABLE
EESHWOTEC116	NOT REPORTABLE
EESHWOTEC117	NOT REPORTABLE
EESHWOTEC12	NOT REPORTABLE
EESHWOTEC120	NOT REPORTABLE
EESHWOTEC121	NOT REPORTABLE
EESHWOTEC122	NOT REPORTABLE
EESHWOTEC124	NOT REPORTABLE
EESHWOTEC125	NOT REPORTABLE
EESHWOTEC126	NOT REPORTABLE
EESHWOTEC129	NOT REPORTABLE
EESHWOTEC13	NOT REPORTABLE
EESHWOTEC132	NOT REPORTABLE
EESHWOTEC135	NOT REPORTABLE
EESHWOTEC136	NOT REPORTABLE
EESHWOTEC14	NOT REPORTABLE
EESHWOTEC140	NOT REPORTABLE
EESHWOTEC148	NOT REPORTABLE
EESHWOTEC15	NOT REPORTABLE
EESHWOTEC150	NOT REPORTABLE
EESHWOTEC151	NOT REPORTABLE
EESHWOTEC153	NOT REPORTABLE
EESHWOTEC154	NOT REPORTABLE
EESHWOTEC155	NOT REPORTABLE
EESHWOTEC156	NOT REPORTABLE
EESHWOTEC157	NOT REPORTABLE
EESHWOTEC158	NOT REPORTABLE
EESHWOTEC159	NOT REPORTABLE
EESHWOTEC16	NOT REPORTABLE
EESHWOTEC160	NOT REPORTABLE
EESHWOTEC161	NOT REPORTABLE
EESHWOTEC162	NOT REPORTABLE
EESHWOTEC163	NOT REPORTABLE
EESHWOTEC164	NOT REPORTABLE
EESHWOTEC165	NOT REPORTABLE
EESHWOTEC166	NOT REPORTABLE
EESHWOTEC167	NOT REPORTABLE
EESHWOTEC168	NOT REPORTABLE
EESHWOTEC169	NOT REPORTABLE
EESHWOTEC17	NOT REPORTABLE
EESHWOTEC170	NOT REPORTABLE
EESHWOTEC171	NOT REPORTABLE
EESHWOTEC175	NOT REPORTABLE
EESHWOTEC179	NOT REPORTABLE
EESHWOTEC18	NOT REPORTABLE
EESHWOTEC180	NOT REPORTABLE
EESHWOTEC181	NOT REPORTABLE
EESHWOTEC182	NOT REPORTABLE
EESHWOTEC183	NOT REPORTABLE
EESHWOTEC184	NOT REPORTABLE
EESHWOTEC185	NOT REPORTABLE
EESHWOTEC187	NOT REPORTABLE
EESHWOTEC188	NOT REPORTABLE
EESHWOTEC189	NOT REPORTABLE
EESHWOTEC19	NOT REPORTABLE
EESHWOTEC190	NOT REPORTABLE
EESHWOTEC191	NOT REPORTABLE
EESHWOTEC192	NOT REPORTABLE
EESHWOTEC193	NOT REPORTABLE
EESHWOTEC194	NOT REPORTABLE
EESHWOTEC195	NOT REPORTABLE
EESHWOTEC196	NOT REPORTABLE
EESHWOTEC197	NOT REPORTABLE
EESHWOTEC198	NOT REPORTABLE
EESHWOTEC199	NOT REPORTABLE
EESHWOTEC2	NOT REPORTABLE
EESHWOTEC20	NOT REPORTABLE
EESHWOTEC200	NOT REPORTABLE
EESHWOTEC201	NOT REPORTABLE
EESHWOTEC202	NOT REPORTABLE
EESHWOTEC203	NOT REPORTABLE
EESHWOTEC204	NOT REPORTABLE
EESHWOTEC205	NOT REPORTABLE
EESHWOTEC206	NOT REPORTABLE
EESHWOTEC21	NOT REPORTABLE
EESHWOTEC211	NOT REPORTABLE
EESHWOTEC212	NOT REPORTABLE
EESHWOTEC213	NOT REPORTABLE
EESHWOTEC214	NOT REPORTABLE
EESHWOTEC215	NOT REPORTABLE
EESHWOTEC216	NOT REPORTABLE
EESHWOTEC217	NOT REPORTABLE
EESHWOTEC218	NOT REPORTABLE
EESHWOTEC219	NOT REPORTABLE
EESHWOTEC22	NOT REPORTABLE
EESHWOTEC222	NOT REPORTABLE
EESHWOTEC223	NOT REPORTABLE
EESHWOTEC224	NOT REPORTABLE
EESHWOTEC225	NOT REPORTABLE
EESHWOTEC226	NOT REPORTABLE
EESHWOTEC227	NOT REPORTABLE
EESHWOTEC228	NOT REPORTABLE
EESHWOTEC229	NOT REPORTABLE
EESHWOTEC23	NOT REPORTABLE
EESHWOTEC230	NOT REPORTABLE
EESHWOTEC231	NOT REPORTABLE
EESHWOTEC232	NOT REPORTABLE
EESHWOTEC233	NOT REPORTABLE
EESHWOTEC234	NOT REPORTABLE
EESHWOTEC235	NOT REPORTABLE
EESHWOTEC236	NOT REPORTABLE
EESHWOTEC238	NOT REPORTABLE
EESHWOTEC239	NOT REPORTABLE
EESHWOTEC24	NOT REPORTABLE
EESHWOTEC240	NOT REPORTABLE
EESHWOTEC241	NOT REPORTABLE
EESHWOTEC242	NOT REPORTABLE
EESHWOTEC245	NOT REPORTABLE
EESHWOTEC247	NOT REPORTABLE
EESHWOTEC248	NOT REPORTABLE
EESHWOTEC25	NOT REPORTABLE
EESHWOTEC251	NOT REPORTABLE
EESHWOTEC252	NOT REPORTABLE
EESHWOTEC254	NOT REPORTABLE
EESHWOTEC255	NOT REPORTABLE
EESHWOTEC257	NOT REPORTABLE
EESHWOTEC258	NOT REPORTABLE
EESHWOTEC259	NOT REPORTABLE
EESHWOTEC26	NOT REPORTABLE
EESHWOTEC260	NOT REPORTABLE
EESHWOTEC261	NOT REPORTABLE
EESHWOTEC262	NOT REPORTABLE
EESHWOTEC263	NOT REPORTABLE
EESHWOTEC265	NOT REPORTABLE
EESHWOTEC266	NOT REPORTABLE
EESHWOTEC267	NOT REPORTABLE
EESHWOTEC268	NOT REPORTABLE
EESHWOTEC27	NOT REPORTABLE
EESHWOTEC270	NOT REPORTABLE
EESHWOTEC272	NOT REPORTABLE
EESHWOTEC273	NOT REPORTABLE
EESHWOTEC274	NOT REPORTABLE
EESHWOTEC275	NOT REPORTABLE
EESHWOTEC276	NOT REPORTABLE
EESHWOTEC277	NOT REPORTABLE
EESHWOTEC278	NOT REPORTABLE
EESHWOTEC28	NOT REPORTABLE
EESHWOTEC280	NOT REPORTABLE
EESHWOTEC281	NOT REPORTABLE
EESHWOTEC283	NOT REPORTABLE
EESHWOTEC284	NOT REPORTABLE
EESHWOTEC285	NOT REPORTABLE
EESHWOTEC287	NOT REPORTABLE
EESHWOTEC288	NOT REPORTABLE
EESHWOTEC289	NOT REPORTABLE
EESHWOTEC291	NOT REPORTABLE
EESHWOTEC292	NOT REPORTABLE
EESHWOTEC293	NOT REPORTABLE
EESHWOTEC294	NOT REPORTABLE
EESHWOTEC297	NOT REPORTABLE
EESHWOTEC298	NOT REPORTABLE
EESHWOTEC299	NOT REPORTABLE
EESHWOTEC3	NOT REPORTABLE
EESHWOTEC30	NOT REPORTABLE
EESHWOTEC300	NOT REPORTABLE
EESHWOTEC301	NOT REPORTABLE
EESHWOTEC302	NOT REPORTABLE
EESHWOTEC303	NOT REPORTABLE
EESHWOTEC304	NOT REPORTABLE
EESHWOTEC305	NOT REPORTABLE
EESHWOTEC306	NOT REPORTABLE
EESHWOTEC308	NOT REPORTABLE
EESHWOTEC309	NOT REPORTABLE
EESHWOTEC31	NOT REPORTABLE
EESHWOTEC310	NOT REPORTABLE
EESHWOTEC311	NOT REPORTABLE
EESHWOTEC312	NOT REPORTABLE
EESHWOTEC313	NOT REPORTABLE
EESHWOTEC314	NOT REPORTABLE
EESHWOTEC315	NOT REPORTABLE
EESHWOTEC316	NOT REPORTABLE
EESHWOTEC317	NOT REPORTABLE
EESHWOTEC336	NOT REPORTABLE
EESHWOTEC334	NOT REPORTABLE
EESHWOTEC339	NOT REPORTABLE
EESHWOTEC340	NOT REPORTABLE
EESHWOTEC341	NOT REPORTABLE
EESHWOTEC33	NOT REPORTABLE
EESHWOTEC330	NOT REPORTABLE
EESHWOTEC331	NOT REPORTABLE
EESHWOTEC333	NOT REPORTABLE
EESHWOTEC332	NOT REPORTABLE
EESHWOTEC318	NOT REPORTABLE
EESHWOTEC319	NOT REPORTABLE
EESHWOTEC32	NOT REPORTABLE
EESHWOTEC320	NOT REPORTABLE
EESHWOTEC322	NOT REPORTABLE
EESHWOTEC328	NOT REPORTABLE
EESHWOTEC326	NOT REPORTABLE
EESHWOTEC325	NOT REPORTABLE
EESHWOTEC323	NOT REPORTABLE
EESHWOTEC324	NOT REPORTABLE
EESHWOTEC342	NOT REPORTABLE
EESHWOTEC343	NOT REPORTABLE
EESHWOTEC344	NOT REPORTABLE
EESHWOTEC345	NOT REPORTABLE
EESHWOTEC346	NOT REPORTABLE
EESHWOTEC347	NOT REPORTABLE
EESHWOTEC350	NOT REPORTABLE
EESHWOTEC351	NOT REPORTABLE
EESHWOTEC353	NOT REPORTABLE
EESHWOTEC354	NOT REPORTABLE
EESHWOTEC356	NOT REPORTABLE
EESHWOTEC357	NOT REPORTABLE
EESHWOTEC36	NOT REPORTABLE
EESHWOTEC360	NOT REPORTABLE
EESHWOTEC365	NOT REPORTABLE
EESHWOTEC366	NOT REPORTABLE
EESHWOTEC37	NOT REPORTABLE
EESHWOTEC374	NOT REPORTABLE
EESHWOTEC382	NOT REPORTABLE
EESHWOTEC397	NOT REPORTABLE
EESHWOTEC399	NOT REPORTABLE
EESHWOTEC4	NOT REPORTABLE
EESHWOTEC40	NOT REPORTABLE
EESHWOTEC400	NOT REPORTABLE
EESHWOTEC402	NOT REPORTABLE
EESHWOTEC403	NOT REPORTABLE
EESHWOTEC404	NOT REPORTABLE
EESHWOTEC405	NOT REPORTABLE
EESHWOTEC407	NOT REPORTABLE
EESHWOTEC408	NOT REPORTABLE
EESHWOTEC411	NOT REPORTABLE
EESHWOTEC412	NOT REPORTABLE
EESHWOTEC413	NOT REPORTABLE
EESHWOTEC414	NOT REPORTABLE
EESHWOTEC415	NOT REPORTABLE
EESHWOTEC416	NOT REPORTABLE
EESHWOTEC419	NOT REPORTABLE
EESHWOTEC420	NOT REPORTABLE
EESHWOTEC421	NOT REPORTABLE
EESHWOTEC425	NOT REPORTABLE
EESHWOTEC431	NOT REPORTABLE
EESHWOTEC435	NOT REPORTABLE
EESHWOTEC436	NOT REPORTABLE
EESHWOTEC45	NOT REPORTABLE
EESHWOTEC451	NOT REPORTABLE
EESHWOTEC48	NOT REPORTABLE
EESHWOTEC493	NOT REPORTABLE
EESHWOTEC5	NOT REPORTABLE
EESHWOTEC50	NOT REPORTABLE
EESHWOTEC500	NOT REPORTABLE
EESHWOTEC504	NOT REPORTABLE
EESHWOTEC512	NOT REPORTABLE
EESHWOTEC518	NOT REPORTABLE
EESHWOTEC529	NOT REPORTABLE
EESHWOTEC534	NOT REPORTABLE
EESHWOTEC54	NOT REPORTABLE
EESHWOTEC6	NOT REPORTABLE
EESHWOTEC60	NOT REPORTABLE
EESHWOTEC61	NOT REPORTABLE
EESHWOTEC613	NOT REPORTABLE
EESHWOTEC617	NOT REPORTABLE
EESHWOTEC64	NOT REPORTABLE
EESHWOTEC65	NOT REPORTABLE
EESHWOTEC66	NOT REPORTABLE
EESHWOTEC67	NOT REPORTABLE
EESHWOTEC7	NOT REPORTABLE
EESHWOTEC70	NOT REPORTABLE
EESHWOTEC71	NOT REPORTABLE
EESHWOTEC775	NOT REPORTABLE
EESHWOTEC8	NOT REPORTABLE
EESHWOTEC80	NOT REPORTABLE
EESHWOTEC81	NOT REPORTABLE
EESHWOTEC83	NOT REPORTABLE
EESHWOTEC86	NOT REPORTABLE
EESHWOTEC860	NOT REPORTABLE
EESHWOTEC88	NOT REPORTABLE
EESHWOTEC888	NOT REPORTABLE
EESHWOTEC9	NOT REPORTABLE
EESHWOTEC90	NOT REPORTABLE
EESHWOTEC91	NOT REPORTABLE
EESHWOTEC92	NOT REPORTABLE
EESHWOTEC93	NOT REPORTABLE
EESHWOTEC94	NOT REPORTABLE
EESHWOTEC948	NOT REPORTABLE
EESHWOTEC95	NOT REPORTABLE
EESHWOTEC96	NOT REPORTABLE
EESHWOTEC97	NOT REPORTABLE
EESHWOTECUNK	NOT REPORTABLE
EESHWOTESI	NOT REPORTABLE
EESHWOTFDE	NOT REPORTABLE
EESHWOTHR	NOT REPORTABLE
EESHWOTIEO	NOT REPORTABLE
EESHWOTOEI	REPORTABLE
EESHWPOCN	NOT REPORTABLE
EESHWPOOTOEI	REPORTABLE
EESHWUDMMR	NOT REPORTABLE
EESHWUNOTOEI	NOT REPORTABLE
EGYNCLOG	NOT REPORTABLE
EGYNCOT	NOT REPORTABLE
EGYNFLU	REPORTABLE
EGYNID3DP	NOT REPORTABLE
EGYNID3DPDFR	REPORTABLE
EGYNID3DPDP	REPORTABLE
EGYNID3IFFIG	NOT REPORTABLE
EGYNISFHDDSP	NOT REPORTABLE
EGYNIMZOPAQ	NOT REPORTABLE
EGYNISFMZBK	REPORTABLE
EGYNISHD	NOT REPORTABLE
EGYNISKMZBK	NOT REPORTABLE
EGYNIFLOR	NOT REPORTABLE
EGYNIH1MZBK	NOT REPORTABLE
EGYNILGDP	NOT REPORTABLE
EGYNIMZMDF	NOT REPORTABLE
EGYNILNMZBK	NOT REPORTABLE
EGYNID3IUEDE	NOT REPORTABLE
EGYNID3MCVB	NOT REPORTABLE
EGYNID3MSPDQ	NOT REPORTABLE
EGYNID3MZFL	NOT REPORTABLE
EGYNID3MZMPR	REPORTABLE
EGYNIESDPDI	NOT REPORTABLE
EGYNIDCPMFS	NOT REPORTABLE
EGYNIDCCN	NOT REPORTABLE
EGYNID3MZMTF	REPORTABLE
EGYNID3OTNDF	NOT REPORTABLE
EGYNITUI2MDI	NOT REPORTABLE
EGYNITUMZBK	NOT REPORTABLE
EGYNLEV	NOT REPORTABLE
EGYNOSFAIL	NOT REPORTABLE
EGYNPRM	NOT REPORTABLE
EGYNSKP	NOT REPORTABLE
EGYNVAC	NOT REPORTABLE
EHDDSP	NOT REPORTABLE
EHPOTOEI	NOT REPORTABLE
EIFDFA	REPORTABLE
EIFSU	NOT REPORTABLE
EIUEDE	NOT REPORTABLE
EKNMCFK	NOT REPORTABLE
EKNMSDU	NOT REPORTABLE
EKNMZBK	REPORTABLE
EKNPM	REPORTABLE
ELAIUDMGL	NOT REPORTABLE
ELAMSCS	NOT REPORTABLE
ELGVSDP	NOT REPORTABLE
ELGVSDPSTK	REPORTABLE
ELGVSJWOTOEI	REPORTABLE
ELGVSMC	NOT REPORTABLE
ELGVSMCDOC	REPORTABLE
ELGVSMCMJ	REPORTABLE
ELGVSMCUIC	REPORTABLE
ELGVSMZBK	NOT REPORTABLE
ELGVSOTOEI	REPORTABLE
ELSOH	NOT REPORTABLE
EMCDOC	NOT REPORTABLE
EMCFF	NOT REPORTABLE
EMCFK	NOT REPORTABLE
EMCFLN	NOT REPORTABLE
EMCLK	NOT REPORTABLE
EMCNA	NOT REPORTABLE
EMCRTC	REPORTABLE
EMCSUCO	NOT REPORTABLE
EMCSUIN	NOT REPORTABLE
EMISPRT	NOT REPORTABLE
EMRACE	REPORTABLE
EMRDRP	REPORTABLE
EMRGEN	REPORTABLE
EMRIDU	REPORTABLE
EMSCM	NOT REPORTABLE
EMSDMS	NOT REPORTABLE
EMSDOR	NOT REPORTABLE
EMSDUS	NOT REPORTABLE
EMSDVI	NOT REPORTABLE
EMSINCP	NOT REPORTABLE
EMSSD	NOT REPORTABLE
EMSTPK	NOT REPORTABLE
EMSUDP	NOT REPORTABLE
EMXUSR	NOT REPORTABLE
EMZBK	NOT REPORTABLE
EMZMD	NOT REPORTABLE
EMZMDF	NOT REPORTABLE
EMZML	NOT REPORTABLE
EMZMS	NOT REPORTABLE
EMZMTW	NOT REPORTABLE
EMZPL	NOT REPORTABLE
ENDONM	REPORTABLE
ENN	NOT REPORTABLE
ENNBRN	REPORTABLE
EOFCBL	REPORTABLE
EOTFDE	NOT REPORTABLE
EOTIE	NOT REPORTABLE
EOTIEO	NOT REPORTABLE
EOTNVP	NOT REPORTABLE
EOTOEI	REPORTABLE
EP1MSCS	NOT REPORTABLE
EP1MSDUS	NOT REPORTABLE
EP1MSINCP	NOT REPORTABLE
EPDHDPDI	NOT REPORTABLE
EPMDAS	NOT REPORTABLE
EPMFDS	NOT REPORTABLE
EPMUEXR	NOT REPORTABLE
EPOCN	NOT REPORTABLE
EPRAE	NOT REPORTABLE
ERFSACNLIC	NOT REPORTABLE
ERFSAMSPDQ	NOT REPORTABLE
ERFSAMZMFR	NOT REPORTABLE
ERFSAMZMTF	REPORTABLE
ERFSAMZSM	NOT REPORTABLE
ERFSAOT	NOT REPORTABLE
ERFSAOTFNR	REPORTABLE
ERFSAOTFPR	REPORTABLE
ERFSAOTSCER	NOT REPORTABLE
ERFSAOTSRVC	NOT REPORTABLE
ERFSASSD	REPORTABLE
ERGOAA	NOT REPORTABLE
ERGOSI	NOT REPORTABLE
ERRMES	NOT REPORTABLE
ERROR CODE 0	NOT REPORTABLE
ERRORCODE127	NOT REPORTABLE
ERRORCODE139	NOT REPORTABLE
ERRORCODE146	NOT REPORTABLE
ERRORCODE210	NOT REPORTABLE
ERRORCODE243	NOT REPORTABLE
ERRORCODE256	NOT REPORTABLE
ERRORCODE271	NOT REPORTABLE
ERRORCODE29	NOT REPORTABLE
ERRORCODE335	NOT REPORTABLE
ERRORCODE337	NOT REPORTABLE
ERRORCODE35	NOT REPORTABLE
ERRORCODE361	NOT REPORTABLE
ERRORCODE481	NOT REPORTABLE
ERRORCODE98	NOT REPORTABLE
ES4SW	NOT REPORTABLE
ESENSBTN	NOT REPORTABLE
ESHORT	NOT REPORTABLE
ESIBODSNR	NOT REPORTABLE
ESIBOHDRP	REPORTABLE
ESIBOMCNR	NOT REPORTABLE
ESIBOMZNR	NOT REPORTABLE
ESIICO	REPORTABLE
ESIICU	REPORTABLE
ESIISE	REPORTABLE
ESIIW	REPORTABLE
ESINCO	REPORTABLE
ESINCU	REPORTABLE
ESINSE	REPORTABLE
ESINW	REPORTABLE
ESONCBCEPFCH	NOT REPORTABLE
ESONCBTEPFCH	NOT REPORTABLE
ESONCCPB	NOT REPORTABLE
ESONCDS	NOT REPORTABLE
ESONCJAWDE	REPORTABLE
ESONCJAWGR	NOT REPORTABLE
ESONCJWC	NOT REPORTABLE
ESONCMZCR	NOT REPORTABLE
ESONCMZMDF	NOT REPORTABLE
ESONCMZMTW	NOT REPORTABLE
ESONCMZPL	NOT REPORTABLE
ESONCNACTPRI	NOT REPORTABLE
ESONCNACTUSE	NOT REPORTABLE
ESONCOTNDI	NOT REPORTABLE
ESONCPMPEL	NOT REPORTABLE
ESONCSEINOT	REPORTABLE
ESONCSEINOTO	REPORTABLE
ESONCTPSMK	NOT REPORTABLE
ETPFR	REPORTABLE
ETPOH	NOT REPORTABLE
EUNDPDACT	NOT REPORTABLE
EUNIUMSI	NOT REPORTABLE
EUNNN	REPORTABLE
EVEOH	NOT REPORTABLE
EVSMLT	REPORTABLE
EVSSMK	REPORTABLE
EXCENG	REPORTABLE
EXCETO	REPORTABLE
EXHEAT	NOT REPORTABLE
EXLODD	REPORTABLE
EXPPRD	NOT REPORTABLE
EXTINC	REPORTABLE
EXTISC	REPORTABLE
EYESTR	NOT REPORTABLE
FALDEV	NOT REPORTABLE
FBRKST	REPORTABLE
FIRESI	REPORTABLE
FIRPAR	REPORTABLE
FIRSLW	NOT REPORTABLE
FLDACL	NOT REPORTABLE
FLSERR	NOT REPORTABLE
FOROBJ	NOT REPORTABLE
FRSINC	REPORTABLE
FSTPLS	REPORTABLE
FTPEDI	NOT REPORTABLE
G1025CAFDS	NOT REPORTABLE
G1025CDDSI	NOT REPORTABLE
G1025CWCSS	NOT REPORTABLE
G1025DIAL	NOT REPORTABLE
G1025DIECC06	NOT REPORTABLE
G1025DIECC50	NOT REPORTABLE
G1025DIECC51	NOT REPORTABLE
G1025DIECC52	NOT REPORTABLE
G1025DIECC53	NOT REPORTABLE
G1025DIECC54	NOT REPORTABLE
G1025DIECC55	NOT REPORTABLE
G1025DIECC56	NOT REPORTABLE
G1025DIECE35	NOT REPORTABLE
G1025DIECE71	NOT REPORTABLE
G1025DIECE73	NOT REPORTABLE
G1025DIECE82	NOT REPORTABLE
G1025DIECE85	NOT REPORTABLE
G1025DIECE86	NOT REPORTABLE
G1025DIECE91	NOT REPORTABLE
G1025DIECE92	NOT REPORTABLE
G1025DIECE93	NOT REPORTABLE
G1025GNDMG	NOT REPORTABLE
G1025GNDF	NOT REPORTABLE
G1025GNDSI	NOT REPORTABLE
G1025GNFCB	NOT REPORTABLE
G1025GNFDE	NOT REPORTABLE
G1025DIECP15	NOT REPORTABLE
G1025DIECP16	NOT REPORTABLE
G1025DIECP17	NOT REPORTABLE
G1025DINDF	NOT REPORTABLE
G1025DIEM	NOT REPORTABLE
G1025DIECE95	NOT REPORTABLE
G1025DIECE96	NOT REPORTABLE
G1025DIECE97	NOT REPORTABLE
G1025DIECE98	NOT REPORTABLE
G1025DIECH17	NOT REPORTABLE
G1025DIECP10	NOT REPORTABLE
G1025DIECP07	NOT REPORTABLE
G1025DIECP04	NOT REPORTABLE
G1025DIECH22	NOT REPORTABLE
G1025DIECP02	NOT REPORTABLE
G1025GNIN	NOT REPORTABLE
G1025GNNA	NOT REPORTABLE
G1025GNNAUD	NOT REPORTABLE
G1025GNOAS	NOT REPORTABLE
G1025GNOBS	NOT REPORTABLE
G1025KBBK	NOT REPORTABLE
G1025LGLIC	NOT REPORTABLE
G1025PZFP	NOT REPORTABLE
G1025S4SW	NOT REPORTABLE
G1026CDBK	NOT REPORTABLE
G1026CDDMG	NOT REPORTABLE
G1026CDNA	NOT REPORTABLE
G1026CECN	NOT REPORTABLE
G1026CEDF	NOT REPORTABLE
G1026D2NDT	NOT REPORTABLE
G1026PZDACT	NOT REPORTABLE
G1026PZDSI	NOT REPORTABLE
G1026WRPL	NOT REPORTABLE
G1035C1DMG	NOT REPORTABLE
G1035C1FSN	NOT REPORTABLE
G1035C1HD	NOT REPORTABLE
G1035C1MTF	REPORTABLE
G1035C1NTP	REPORTABLE
G1042C1DTC	REPORTABLE
G1042C1FDH	REPORTABLE
G1042C1FOB	NOT REPORTABLE
G1042H1BK	REPORTABLE
G1043CTCM	NOT REPORTABLE
G1043CTFCB	NOT REPORTABLE
G1043S3II	NOT REPORTABLE
G1045A1BK	NOT REPORTABLE
G1045A1DMG	NOT REPORTABLE
G1045BRBD	NOT REPORTABLE
G1045BRNR	NOT REPORTABLE
G1045CHFCH	NOT REPORTABLE
G1045CHPB	NOT REPORTABLE
G1045CVBK	NOT REPORTABLE
G1045DIDEM	NOT REPORTABLE
G1045DIDF	NOT REPORTABLE
G1045DIECC1	NOT REPORTABLE
G1045DIECIDM	NOT REPORTABLE
G1045KBFSKB	NOT REPORTABLE
G1045PZFP	NOT REPORTABLE
G1045PZFPO	NOT REPORTABLE
G1045R1DDLD	NOT REPORTABLE
G1045R1DEM	NOT REPORTABLE
G1045R1DMG	NOT REPORTABLE
G1045R1DSI	NOT REPORTABLE
G1045R1FSN	NOT REPORTABLE
G1045R1IL	NOT REPORTABLE
G1045R1LD	NOT REPORTABLE
G1045R1LP	NOT REPORTABLE
G1045R1NA	NOT REPORTABLE
G1046CTBK	REPORTABLE
G1049CTHM	NOT REPORTABLE
G1049D8DMG	NOT REPORTABLE
G1049HPDP	NOT REPORTABLE
G1049HPSPB	REPORTABLE
G1049LFTG	NOT REPORTABLE
G1049NEBK	NOT REPORTABLE
G1049NECI	NOT REPORTABLE
G1049NEDACT	NOT REPORTABLE
G1049NEDF	NOT REPORTABLE
G1049NEDFR	NOT REPORTABLE
G1049NEDI	NOT REPORTABLE
G1049NEDMG	NOT REPORTABLE
G1049NEDPDV	NOT REPORTABLE
G1049NEDPFDY	NOT REPORTABLE
G1049NEFOS	NOT REPORTABLE
G1049NELIC	NOT REPORTABLE
G1049NENTP	NOT REPORTABLE
G1049S6DFR	NOT REPORTABLE
G1049S6DI	NOT REPORTABLE
G1049S6DMG	NOT REPORTABLE
G1049SFRTC	NOT REPORTABLE
G1049SPCS	NOT REPORTABLE
G1049SPFDY	NOT REPORTABLE
G1049SPMSA	NOT REPORTABLE
G1049SPPMD	NOT REPORTABLE
G1049SYCK	NOT REPORTABLE
G1050CTHM	NOT REPORTABLE
G1050D8DMG	NOT REPORTABLE
G1050HPDP	NOT REPORTABLE
G1050HPSPB	REPORTABLE
G1050LFTG	NOT REPORTABLE
G1050NEBK	NOT REPORTABLE
G1050NECI	NOT REPORTABLE
G1050NEDACT	NOT REPORTABLE
G1050NEDF	NOT REPORTABLE
G1050NEDFR	NOT REPORTABLE
G1050NEDI	NOT REPORTABLE
G1050NEDMG	NOT REPORTABLE
G1050NEDPDV	NOT REPORTABLE
G1050NEDPFDY	NOT REPORTABLE
G1050NEFOS	NOT REPORTABLE
G1050NELIC	NOT REPORTABLE
G1050NENTP	NOT REPORTABLE
G1050S6DFR	NOT REPORTABLE
G1050S6DI	NOT REPORTABLE
G1050S6DMG	NOT REPORTABLE
G1050SFRTC	NOT REPORTABLE
G1050SYCK	NOT REPORTABLE
G1051CECN	NOT REPORTABLE
G1051CTBK	NOT REPORTABLE
G1052CTCDI	NOT REPORTABLE
G1052CTBK	NOT REPORTABLE
G1052CTDF	NOT REPORTABLE
G1052CTDFR	NOT REPORTABLE
G1052CTDI	NOT REPORTABLE
G1051ETDMG	NOT REPORTABLE
G1051GNBK	NOT REPORTABLE
G1052BADFI	NOT REPORTABLE
G1052CECN	NOT REPORTABLE
G1052BAFINF	NOT REPORTABLE
G1051CTCDI	NOT REPORTABLE
G1051CTDF	NOT REPORTABLE
G1051CTDFR	REPORTABLE
G1051CTDI	NOT REPORTABLE
G1051CTDMG	NOT REPORTABLE
G1051ETDLM	NOT REPORTABLE
G1051ECDP	NOT REPORTABLE
G1051D2FRI	NOT REPORTABLE
G1051CTDSI	NOT REPORTABLE
G1051CTFLA	NOT REPORTABLE
G1052CTDMG	NOT REPORTABLE
G1052CTDSI	NOT REPORTABLE
G1052CTFLA	NOT REPORTABLE
G1052CTHM	NOT REPORTABLE
G1052CTKK	REPORTABLE
G1052D2FRI	NOT REPORTABLE
G1052ECDP	NOT REPORTABLE
G1052ETDLM	REPORTABLE
G1052ETDMG	NOT REPORTABLE
G1052ETFUU	NOT REPORTABLE
G1052ETUR	REPORTABLE
G1053C1DACT	NOT REPORTABLE
G1053C1DG	NOT REPORTABLE
G1053C1PMDY	NOT REPORTABLE
G1053C1SIFP	NOT REPORTABLE
G1053CTDFR	REPORTABLE
G1053D3DPU	NOT REPORTABLE
G1053D4FLK	NOT REPORTABLE
G1053S5FEX	NOT REPORTABLE
G1053S5FOS	NOT REPORTABLE
G1053S5MR	NOT REPORTABLE
G1053S5MTF	NOT REPORTABLE
G1053SUBK	NOT REPORTABLE
G1053SUDTC	REPORTABLE
G1055CECN	NOT REPORTABLE
G1055CTBK	NOT REPORTABLE
G1055CTCDI	NOT REPORTABLE
G1055CTDF	NOT REPORTABLE
G1055CTDFR	NOT REPORTABLE
G1055CTDI	NOT REPORTABLE
G1055CTDMG	NOT REPORTABLE
G1055CTDPU	NOT REPORTABLE
G1055CTDSI	NOT REPORTABLE
G1055CTFCB	NOT REPORTABLE
G1055CTFLA	NOT REPORTABLE
G1055D2FRI	NOT REPORTABLE
G1055ECDP	NOT REPORTABLE
G1055ETDLM	NOT REPORTABLE
G1055ETDMG	NOT REPORTABLE
G1056GWDPU	NOT REPORTABLE
G2033CTHM	NOT REPORTABLE
G2033D8DMG	NOT REPORTABLE
G2033HPDP	NOT REPORTABLE
G2033HPSPB	REPORTABLE
G2033LGFTG	NOT REPORTABLE
G2033NEBK	NOT REPORTABLE
G2033NECI	NOT REPORTABLE
G2033NEDACT	NOT REPORTABLE
G2033NEDF	NOT REPORTABLE
G2033NEDFR	NOT REPORTABLE
G2033NEDI	NOT REPORTABLE
G2033NEDMG	NOT REPORTABLE
G2033NEDPDV	NOT REPORTABLE
G2033NEDPFDY	NOT REPORTABLE
G2033NEFOS	NOT REPORTABLE
G2033NELIC	NOT REPORTABLE
G2033NENTP	NOT REPORTABLE
G2033S6DFR	NOT REPORTABLE
G2033S6DI	NOT REPORTABLE
G2033S6DMG	NOT REPORTABLE
G2033SFRTC	NOT REPORTABLE
G2033SYCK	NOT REPORTABLE
G2273BHAL	NOT REPORTABLE
G2273BTPS	NOT REPORTABLE
G2273COFA	NOT REPORTABLE
G2273DRDOP	NOT REPORTABLE
G2273ENSI	NOT REPORTABLE
G2273IFDE	NOT REPORTABLE
G2273LUAD	NOT REPORTABLE
G2273MGECUNK	NOT REPORTABLE
G2273MONDF	NOT REPORTABLE
G2273MONDI	NOT REPORTABLE
G2273NELI	NOT REPORTABLE
G2273PENTA	NOT REPORTABLE
G2273PSTF	NOT REPORTABLE
G2273PUPMP	NOT REPORTABLE
G2273S7APF	NOT REPORTABLE
G2273S7AR	NOT REPORTABLE
G2273S7BK	NOT REPORTABLE
G2273S7DPU	NOT REPORTABLE
G2273S7DTC	NOT REPORTABLE
G2273S7ECUNK	NOT REPORTABLE
G2273S7FP	NOT REPORTABLE
G2273S7FSKB	NOT REPORTABLE
G2273S7FTR	NOT REPORTABLE
G2273S7IF	NOT REPORTABLE
G2273S7IN	NOT REPORTABLE
G2273S7MCN	NOT REPORTABLE
G2273SFTS	NOT REPORTABLE
G2273STUC	NOT REPORTABLE
G2273SYDOP	NOT REPORTABLE
G2273SYLI	NOT REPORTABLE
G2273URSEM	NOT REPORTABLE
G2273UTIE	NOT REPORTABLE
G2273VRFA	NOT REPORTABLE
G2273Z6DVI	NOT REPORTABLE
G2274X5PS	NOT REPORTABLE
G2275CATB	NOT REPORTABLE
G2275CBLK	NOT REPORTABLE
G2275CHPR	NOT REPORTABLE
G2275CLPR	NOT REPORTABLE
G2275CRUL	NOT REPORTABLE
G2275CTBK	NOT REPORTABLE
G2275CTBQ	NOT REPORTABLE
G2275CTCE	NOT REPORTABLE
G2275CTDEM	NOT REPORTABLE
G2275CTDPU	NOT REPORTABLE
G2275CTDSP	NOT REPORTABLE
G2275CTIIR	NOT REPORTABLE
G2275CTLK	NOT REPORTABLE
G2275CTMDF	NOT REPORTABLE
G2275CTNDI	NOT REPORTABLE
G2275CTOOS	NOT REPORTABLE
G2275CTPR	NOT REPORTABLE
G2275CTSH	NOT REPORTABLE
G2275CTSIFP	NOT REPORTABLE
G2275CTUOR	NOT REPORTABLE
G2275CWLK	NOT REPORTABLE
G2275ETBK	NOT REPORTABLE
G2275INDR	REPORTABLE
G2275INDRA	NOT REPORTABLE
G2275S4FRI	NOT REPORTABLE
G2275SYND	NOT REPORTABLE
G2275SYPF	NOT REPORTABLE
G2275TSF	NOT REPORTABLE
G2808MANOD	NOT REPORTABLE
G28091CMDF	REPORTABLE
G2809CTCE	NOT REPORTABLE
G2809CTDFI	NOT REPORTABLE
G2809CTDFR	REPORTABLE
G2809CTDMG	NOT REPORTABLE
G2809CTDSN	NOT REPORTABLE
G2809CTFCB	NOT REPORTABLE
G2809CTIF	NOT REPORTABLE
G2809CTMDSTP	NOT REPORTABLE
G2809CTPSI	NOT REPORTABLE
G2809D1CDAT	NOT REPORTABLE
G2809D1FLC	NOT REPORTABLE
G2809D1FSN	NOT REPORTABLE
G2809D1HMP	NOT REPORTABLE
G2809D1II	NOT REPORTABLE
G2809D1IRP	NOT REPORTABLE
G2809D1LD	NOT REPORTABLE
G2809D1LMP	NOT REPORTABLE
G2809D1PQI	NOT REPORTABLE
G2809MCFSP	NOT REPORTABLE
G2809MCND	NOT REPORTABLE
G2809MCSDI	NOT REPORTABLE
G2809MCVH	NOT REPORTABLE
G2809MMCD	NOT REPORTABLE
G2809MMFC	NOT REPORTABLE
G2809MPRF	NOT REPORTABLE
G2809MSEM	NOT REPORTABLE
G2809MSNS	NOT REPORTABLE
G2809S4PSI	NOT REPORTABLE
G2809S4SW	NOT REPORTABLE
G2809S7CM	NOT REPORTABLE
G2809S7DAT	NOT REPORTABLE
G2809S7DF	NOT REPORTABLE
G2809S7DFR	NOT REPORTABLE
G2809S7DMG	NOT REPORTABLE
G2809S7LIC	NOT REPORTABLE
G2809S7NDT	NOT REPORTABLE
G2809S7PS	NOT REPORTABLE
G2809WHDMG	NOT REPORTABLE
G2811B1CN	NOT REPORTABLE
G2811B1NDT	NOT REPORTABLE
G2811BTIL	NOT REPORTABLE
G2811C1DF	NOT REPORTABLE
G2811C1NDT	NOT REPORTABLE
G2811CHACHG	NOT REPORTABLE
G2811CHFCH	NOT REPORTABLE
G2811CVBK	NOT REPORTABLE
G2811D1CDAT	NOT REPORTABLE
G2811D1DAT	NOT REPORTABLE
G2811D1DO	NOT REPORTABLE
G2811D1FIZ	NOT REPORTABLE
G2811D1FLC	NOT REPORTABLE
G2811D1FTR	NOT REPORTABLE
G2811D1IRP	NOT REPORTABLE
G2811D1LD	NOT REPORTABLE
G2811D1ODT	NOT REPORTABLE
G2811D1PQI	NOT REPORTABLE
G2811D1SART	NOT REPORTABLE
G2811D1UASD	NOT REPORTABLE
G2811DIDEM	NOT REPORTABLE
G2811DIEC51	NOT REPORTABLE
G2811S1DF	NOT REPORTABLE
G2811R1NA	NOT REPORTABLE
G2811S1DMG	NOT REPORTABLE
G2811S4APF	NOT REPORTABLE
G2811S4DEM	NOT REPORTABLE
G2811R1DSI	NOT REPORTABLE
G2811R1FDS	NOT REPORTABLE
G2811R1FIZ	NOT REPORTABLE
G2811R1LP	NOT REPORTABLE
G2811R1IL	NOT REPORTABLE
G2811DIECSDM	NOT REPORTABLE
G2811DINDF	NOT REPORTABLE
G2811KBFSKB	NOT REPORTABLE
G2811PRBI	NOT REPORTABLE
G2811PRWNRS	NOT REPORTABLE
G2811R1DMG	NOT REPORTABLE
G2811R1DDLD	NOT REPORTABLE
G2811R1CM	NOT REPORTABLE
G2811PZFP	NOT REPORTABLE
G2811R1APF	NOT REPORTABLE
G2811S4PSI	NOT REPORTABLE
G2811S7DFR	NOT REPORTABLE
G2811S7FCH	NOT REPORTABLE
G2811S7FP	NOT REPORTABLE
G2811S7IL	NOT REPORTABLE
G2811S7NDT	NOT REPORTABLE
G2811SNBK	NOT REPORTABLE
G2811SNMFR	NOT REPORTABLE
G2811SRDMG	NOT REPORTABLE
G2812C1CM	NOT REPORTABLE
G2812C1CMT	NOT REPORTABLE
G2812C1DMG	NOT REPORTABLE
G2812C1FOB	NOT REPORTABLE
G2812C1FP	NOT REPORTABLE
G2812C1HD	REPORTABLE
G2812C1MTF	REPORTABLE
G2812C1NTP	REPORTABLE
G2812C1NTP14	REPORTABLE
G2813A1BK	NOT REPORTABLE
G2813A1DEM	NOT REPORTABLE
G2813A1DMG	NOT REPORTABLE
G2813BTIL	NOT REPORTABLE
G2813C3DF	NOT REPORTABLE
G2813C3NDT	NOT REPORTABLE
G2813CHFCH	NOT REPORTABLE
G2813CHLB	NOT REPORTABLE
G2813CLBK	NOT REPORTABLE
G2813CVBK	NOT REPORTABLE
G2813D1CDAT	NOT REPORTABLE
G2813D1DAT	NOT REPORTABLE
G2813D1DDLD	NOT REPORTABLE
G2813D1DO	NOT REPORTABLE
G2813D1FLC	NOT REPORTABLE
G2813D1FTR	NOT REPORTABLE
G2813D1IRP	NOT REPORTABLE
G2813D1LD	NOT REPORTABLE
G2813D1PQI	NOT REPORTABLE
G2813D1SART	NOT REPORTABLE
G2813D1UASD	NOT REPORTABLE
G2813DIDEM	NOT REPORTABLE
G2813DIECSDM	NOT REPORTABLE
G2813KBFSKB	NOT REPORTABLE
G2813R1DMG	NOT REPORTABLE
G2813R1DSI	NOT REPORTABLE
G2813R1FP	NOT REPORTABLE
G2813R1LP	NOT REPORTABLE
G2813R1PB	NOT REPORTABLE
G2813S4APF	NOT REPORTABLE
G2813S4DEM	NOT REPORTABLE
G2813S4PSI	NOT REPORTABLE
G2813S7DFR	NOT REPORTABLE
G2813S7FCH	NOT REPORTABLE
G2813S7FP	NOT REPORTABLE
G2813S7IL	NOT REPORTABLE
G2813S7NDT	NOT REPORTABLE
G2813SNDF	NOT REPORTABLE
G2814C1CMT	NOT REPORTABLE
G2814C1FCB	NOT REPORTABLE
G2814C1FP	NOT REPORTABLE
G2814C1FTR	NOT REPORTABLE
G2814C1HD	NOT REPORTABLE
G2814C1MTF	REPORTABLE
G2814C1NTP	REPORTABLE
G2815ABM5	NOT REPORTABLE
G2815C1CMT	NOT REPORTABLE
G2815C1DATT	REPORTABLE
G2815C1DMG	NOT REPORTABLE
G2815C1DTC	NOT REPORTABLE
G2815C1FCB	NOT REPORTABLE
G2815C1FDH	REPORTABLE
G2815C1FTR	REPORTABLE
G2815C1MTF	REPORTABLE
G2815C1NTP	REPORTABLE
G2816BTFCH	NOT REPORTABLE
G2816BTIL	NOT REPORTABLE
G2816CDCM	NOT REPORTABLE
G2816CDDMG	NOT REPORTABLE
G2816CHFCH	NOT REPORTABLE
G2816CHLB	NOT REPORTABLE
G2816CHPB	NOT REPORTABLE
G2816CLBK	NOT REPORTABLE
G2816CLLIC	NOT REPORTABLE
G2816D1CDAT	NOT REPORTABLE
G2816D1DDLD	NOT REPORTABLE
G2816D1FTR	NOT REPORTABLE
G2816D1IIR	NOT REPORTABLE
G2816D1IRP	NOT REPORTABLE
G2816D1LD	NOT REPORTABLE
G2816D1NDI	NOT REPORTABLE
G2816D1PQI	NOT REPORTABLE
G2816D1SART	NOT REPORTABLE
G2816D1UASD	NOT REPORTABLE
G2816DDRSST	NOT REPORTABLE
G2816DIDEM	NOT REPORTABLE
G2816DIEC10	NOT REPORTABLE
G2816DIEC8	NOT REPORTABLE
G2816DRF	NOT REPORTABLE
G2816DRFR	NOT REPORTABLE
G2816DRFRC	NOT REPORTABLE
G2816DRNRS	NOT REPORTABLE
G2816DRSI	NOT REPORTABLE
G2816DRTO	NOT REPORTABLE
G2816DSL	NOT REPORTABLE
G2816DSMI	NOT REPORTABLE
G2817NEMTW	NOT REPORTABLE
G2817LRI	NOT REPORTABLE
G2817SFCPCI	NOT REPORTABLE
G2817SPCS	NOT REPORTABLE
G2817SPFDY	NOT REPORTABLE
G2816S4PSI	NOT REPORTABLE
G2816S7DFR	NOT REPORTABLE
G2816S7FP	NOT REPORTABLE
G2816SHA	NOT REPORTABLE
G2816S7NDT	NOT REPORTABLE
G2816IIOD	REPORTABLE
G2816KBFSKB	NOT REPORTABLE
G2816PUDF	NOT REPORTABLE
G2816PUDMG	NOT REPORTABLE
G2816PUDNHP	NOT REPORTABLE
G2816S4DEM	NOT REPORTABLE
G2816S4APF	NOT REPORTABLE
G2816R1FCB	NOT REPORTABLE
G2816PZFP	NOT REPORTABLE
G2816R1DMG	NOT REPORTABLE
G2817SPMSA	NOT REPORTABLE
G2817SPPMD	NOT REPORTABLE
G3302DATMIS	NOT REPORTABLE
G3302DATMISS	NOT REPORTABLE
G3302LDSTUD	NOT REPORTABLE
G3302OPNFHCA	NOT REPORTABLE
G3302OPNFHCL	NOT REPORTABLE
G3302OPNFHCP	NOT REPORTABLE
G3302OPNFPSA	NOT REPORTABLE
G3302OPNFPSS	NOT REPORTABLE
G3302OPNFSTD	NOT REPORTABLE
G3302OPNFSTU	NOT REPORTABLE
G3302PDINC	NOT REPORTABLE
G3320OHCPINA	NOT REPORTABLE
G3320OPNFADM	NOT REPORTABLE
G5089EQRSF	NOT REPORTABLE
G5089GSACO	NOT REPORTABLE
G5089GSAFTE	NOT REPORTABLE
G5089GSAVCF	NOT REPORTABLE
G5089GSWDFC	NOT REPORTABLE
G5089IADPC	NOT REPORTABLE
G5089PCLNR	NOT REPORTABLE
G5089PGDF	NOT REPORTABLE
G5089PGDOA	NOT REPORTABLE
G5089PGDSB	NOT REPORTABLE
G5089PGGSF	NOT REPORTABLE
G5089PGGSW	NOT REPORTABLE
G5089PGILIL	NOT REPORTABLE
G5089PGIS	NOT REPORTABLE
G5089PGLAD	NOT REPORTABLE
G5089PGLCCI	NOT REPORTABLE
G5089PGLCES	NOT REPORTABLE
G5089PGLCOD	NOT REPORTABLE
G5089PGLD	NOT REPORTABLE
G5089PGLDDP	NOT REPORTABLE
G5089PGLRDP	NOT REPORTABLE
G5089PGLSR	NOT REPORTABLE
G5089QRIM	NOT REPORTABLE
G5089RTVAF	NOT REPORTABLE
G5089RTVALD	NOT REPORTABLE
G5089RTVCETE	NOT REPORTABLE
G5089UCLIN	NOT REPORTABLE
GA2NA	NOT REPORTABLE
GA2NN	NOT REPORTABLE
GD3BK	NOT REPORTABLE
GD3BRN	NOT REPORTABLE
GD3DPU	NOT REPORTABLE
GD3FMP	NOT REPORTABLE
GD3HUMDEV	NOT REPORTABLE
GD3MF	NOT REPORTABLE
GD3ML	NOT REPORTABLE
GD3OH	NOT REPORTABLE
GD3SMK	NOT REPORTABLE
GD3SX	NOT REPORTABLE
GD3TPFR	REPORTABLE
GDCCS	NOT REPORTABLE
GDCDSGC	REPORTABLE
GDCDSGR	REPORTABLE
GDCNA	NOT REPORTABLE
GDFR	NOT REPORTABLE
GEARSK	NOT REPORTABLE
GENDISTISSUE	NOT REPORTABLE
GENENDOISSUE	NOT REPORTABLE
GFACT	NOT REPORTABLE
GFOOB	NOT REPORTABLE
GGIGDCCN	NOT REPORTABLE
GGIGDCDFDCA	NOT REPORTABLE
GGIGDCOT	NOT REPORTABLE
GGIGDIOTNDF	NOT REPORTABLE
GGIGDPSACT	NOT REPORTABLE
GGIGELFSN	NOT REPORTABLE
GGIGFAMC	NOT REPORTABLE
GGIGKPDF	NOT REPORTABLE
GGIGMCNAUD	NOT REPORTABLE
GGIGMZDMG	NOT REPORTABLE
GGIGOTIVS	NOT REPORTABLE
GGIGPZEC	NOT REPORTABLE
GGIGPZELFP	NOT REPORTABLE
GGIGS4DFDEM1	NOT REPORTABLE
GGIGS4DFDEM2	NOT REPORTABLE
GGIGS4DFDEM3	NOT REPORTABLE
GGIGS4OT	NOT REPORTABLE
GGIGS4SW	NOT REPORTABLE
GGIGS7DPDACT	NOT REPORTABLE
GGIGS7ELFP	NOT REPORTABLE
GINCP	NOT REPORTABLE
GISCONCOMP	NOT REPORTABLE
GISEUNRTRN	NOT REPORTABLE
GISNOREPT	NOT REPORTABLE
GISNOTCOM	NOT REPORTABLE
GISUNRELATED	NOT REPORTABLE
GLADMGL	NOT REPORTABLE
GLAEDE	NOT REPORTABLE
GLINC	NOT REPORTABLE
GLMIS	NOT REPORTABLE
GMSCGO	NOT REPORTABLE
GMTW	NOT REPORTABLE
GP1DRP	NOT REPORTABLE
GP1DUS	REPORTABLE
GP1EMP	NOT REPORTABLE
GP1INCQ	NOT REPORTABLE
GP1PTMT	NOT REPORTABLE
GP1PZ	NOT REPORTABLE
GP1TPK	NOT REPORTABLE
GP1UDP	NOT REPORTABLE
GPDI	NOT REPORTABLE
GPLLCAPVUAGE	NOT REPORTABLE
GPLLCC1BP	NOT REPORTABLE
GPLLCC1LK	NOT REPORTABLE
GPLLCC1OH	NOT REPORTABLE
GPLLCCSSGEN	NOT REPORTABLE
GPLLCDATFAI	NOT REPORTABLE
GPLLCDATREP	NOT REPORTABLE
GPLLCDATRES	NOT REPORTABLE
GPLLCDATWRO	NOT REPORTABLE
GPLLCFAHCPW	NOT REPORTABLE
GPLLCFLPGWS	NOT REPORTABLE
GPLLCFLPSC	NOT REPORTABLE
GPLLCGHCF	NOT REPORTABLE
GPLLCGMASIF	NOT REPORTABLE
GPLLCGPFTA	NOT REPORTABLE
GPLLCGPIDF	NOT REPORTABLE
GPLLCGPOH	NOT REPORTABLE
GPLLCIMF	NOT REPORTABLE
GPLLCINGDA	NOT REPORTABLE
GPLLCINGMA	NOT REPORTABLE
GPLLCLDDAT	NOT REPORTABLE
GPLLCOPNFERR	NOT REPORTABLE
GPLLCPFSWS	NOT REPORTABLE
GPLLCS4CSS	NOT REPORTABLE
GPLLCS4DAT	NOT REPORTABLE
GPLLCS4ID	NOT REPORTABLE
GPLLCS4MDAT	NOT REPORTABLE
GPLLCS4NLP	NOT REPORTABLE
GPLLCUACUNA	NOT REPORTABLE
GPLLCUACUSE	NOT REPORTABLE
GPLLCVDNDI	NOT REPORTABLE
GPRDGCDAR	NOT REPORTABLE
GPRDGCDAWNR	REPORTABLE
GPRDGDDPPRD	NOT REPORTABLE
GPRDGDP	NOT REPORTABLE
GPRDGLTDP	NOT REPORTABLE
GPRDGMDF	NOT REPORTABLE
GPRDGP2DFR	REPORTABLE
GPRDGPDF	NOT REPORTABLE
GPRDGTDII	NOT REPORTABLE
GPRDGTDRI	NOT REPORTABLE
GPRDGUATAPA	NOT REPORTABLE
GPRDGUNETI	REPORTABLE
GPRDGWRDP	NOT REPORTABLE
GPRDGWRET	NOT REPORTABLE
GPRDGWRFDY	NOT REPORTABLE
GPRDGWRIT	NOT REPORTABLE
GRASPE	REPORTABLE
GS4CSS	NOT REPORTABLE
GSMTPC1DMG	NOT REPORTABLE
GSMTPD1IIR	NOT REPORTABLE
GSMTPDIECIDM	NOT REPORTABLE
GUINW	REPORTABLE
HEADMV	REPORTABLE
HEAVY	NOT REPORTABLE
HFSRE	REPORTABLE
HNDBIN	NOT REPORTABLE
HNDBKN	NOT REPORTABLE
IDRVPO	REPORTABLE
IDUENT	REPORTABLE
IDUMVE	REPORTABLE
IDUOH	NOT REPORTABLE
IGDDNF	NOT REPORTABLE
INACIM	REPORTABLE
INADMV	REPORTABLE
INADRO	REPORTABLE
INCIFU	NOT REPORTABLE
INCNDQ	REPORTABLE
INCOLR	NOT REPORTABLE
INCORP	REPORTABLE
INCQTY	NOT REPORTABLE
INCSDP	NOT REPORTABLE
INISDF	REPORTABLE
INLENG	NOT REPORTABLE
INMADD	REPORTABLE
INOACH	NOT REPORTABLE
INOREQ	REPORTABLE
INPUDF	REPORTABLE
INPULK	REPORTABLE
INPUTA	REPORTABLE
INPUTC	NOT REPORTABLE
INSTID	REPORTABLE
INSTI	REPORTABLE
INSTNC	REPORTABLE
INSTPP	REPORTABLE
INSTRB	REPORTABLE
INSMEL	REPORTABLE
INSNOI	NOT REPORTABLE
INSODR	NOT REPORTABLE
INSTDR	REPORTABLE
INSTAL	NOT REPORTABLE
INSACT	REPORTABLE
INSBKN	REPORTABLE
INSBNT	NOT REPORTABLE
INSCRE	NOT REPORTABLE
INSDNF	REPORTABLE
INSLCK	REPORTABLE
INSFTW	NOT REPORTABLE
INSEDG	REPORTABLE
INSDNG	NOT REPORTABLE
INSDNW	NOT REPORTABLE
INSTRD	REPORTABLE
INSTRE	NOT REPORTABLE
INSVIB	NOT REPORTABLE
INTFLR	REPORTABLE
INTPRE	NOT REPORTABLE
INTRUC	REPORTABLE
JAMMED	REPORTABLE
JAWDAM	REPORTABLE
JAWER	REPORTABLE
JAWMIS	REPORTABLE
JAWNCC	REPORTABLE
JAWNCL	REPORTABLE
JAWNCS	NOT REPORTABLE
JAWNOC	NOT REPORTABLE
JAWNOS	NOT REPORTABLE
JAWNRC	NOT REPORTABLE
JAWWNO	REPORTABLE
KDNADV	NOT REPORTABLE
KNFBKN	REPORTABLE
KNFDNAS	NOT REPORTABLE
KNFDUL	NOT REPORTABLE
KNFEXP	REPORTABLE
KNOBBKN	NOT REPORTABLE
KNTDTT	NOT REPORTABLE
KNTSLP	REPORTABLE
L1057CTBK	NOT REPORTABLE
L1057CTCAI	NOT REPORTABLE
L1057CTDF	NOT REPORTABLE
L1057CTDMGP	NOT REPORTABLE
L1057CTDOP	NOT REPORTABLE
L1057CTFMP	NOT REPORTABLE
L1057CTFV	NOT REPORTABLE
L1057CTKK	NOT REPORTABLE
L1057CTMTF	REPORTABLE
L1057CTPOS	NOT REPORTABLE
L1057CTRTC	NOT REPORTABLE
L1057CURV	NOT REPORTABLE
L1057SUCT	NOT REPORTABLE
L1059CTDSN	NOT REPORTABLE
L1059CTMCPOS	NOT REPORTABLE
L1060CTAR	NOT REPORTABLE
L1060CTDEM	NOT REPORTABLE
L1060CTDMGP	NOT REPORTABLE
L1060CTDTC	REPORTABLE
L1060CTDUS	REPORTABLE
L1060CTER	NOT REPORTABLE
L1060CTFMP	NOT REPORTABLE
L1060CTFV	NOT REPORTABLE
L1060CTINCP	NOT REPORTABLE
L1060CTKK	NOT REPORTABLE
L1060CTNAI	NOT REPORTABLE
L1060CTOMV	REPORTABLE
L1060CTPOS	NOT REPORTABLE
L1060CTRTC	NOT REPORTABLE
L1060CTUOSPA	REPORTABLE
L1060CTUSED	NOT REPORTABLE
L1062B2FV	NOT REPORTABLE
L1062CTCAI	NOT REPORTABLE
L1062CTDCOUP	NOT REPORTABLE
L1062CTDOP	NOT REPORTABLE
L1062CTFMP	NOT REPORTABLE
L1062CTKK	NOT REPORTABLE
L1062CTMCPOS	NOT REPORTABLE
L1062CTPOS	NOT REPORTABLE
L1062CTRTC	NOT REPORTABLE
L1062CURVE	NOT REPORTABLE
L1062DTIP	REPORTABLE
L1063ADCAI	NOT REPORTABLE
L1063ADUM	NOT REPORTABLE
L1065TELDISC	NOT REPORTABLE
L1066PATCH	NOT REPORTABLE
L1067B2FMP	NOT REPORTABLE
L1067B2FV	NOT REPORTABLE
L1067B2KK	NOT REPORTABLE
L1067B2POS	NOT REPORTABLE
L1067B2RTC	NOT REPORTABLE
L1067BROKE	NOT REPORTABLE
L1067DTIP	REPORTABLE
L1067PEN	NOT REPORTABLE
L1068B2DOC	NOT REPORTABLE
L1068B2FMP	NOT REPORTABLE
L1068B2FV	NOT REPORTABLE
L1068B2KK	NOT REPORTABLE
L1068B2POS	NOT REPORTABLE
L1068B2RTC	NOT REPORTABLE
L1069B2FDY	NOT REPORTABLE
L1069B2FMP	NOT REPORTABLE
L1069B2FV	NOT REPORTABLE
L1069B2KK	NOT REPORTABLE
L1069B2POS	NOT REPORTABLE
L1069B2RTC	NOT REPORTABLE
L1069BRUSHDE	REPORTABLE
L1070B2FDY	NOT REPORTABLE
L1070B2FMP	NOT REPORTABLE
L1070B2FV	NOT REPORTABLE
L1070B2KK	NOT REPORTABLE
L1070B2MS	REPORTABLE
L1070B2NTIP	NOT REPORTABLE
L1070B2POS	NOT REPORTABLE
L1070B2RTC	NOT REPORTABLE
L1070STYLET	NOT REPORTABLE
L1071B2FMP	NOT REPORTABLE
L1071B2GEN	NOT REPORTABLE
L1071B2KK	NOT REPORTABLE
L1086DEPLOY	NOT REPORTABLE
L1086CTPOS	NOT REPORTABLE
L1086DTIP	REPORTABLE
L1086F1CORR	NOT REPORTABLE
L1086F1PMDY	NOT REPORTABLE
L1083F1MGD	NOT REPORTABLE
L1083F1PMDY	NOT REPORTABLE
L1086B2FV	NOT REPORTABLE
L1086BROKE	NOT REPORTABLE
L1086B2RTC	NOT REPORTABLE
L1071B2POS	NOT REPORTABLE
L1071B2RTC	NOT REPORTABLE
L1071DTIP	REPORTABLE
L1074L4CS	NOT REPORTABLE
L1074L4UM	NOT REPORTABLE
L1083F1CORR	NOT REPORTABLE
L1083F1CAI	NOT REPORTABLE
L1083DEPLOY	NOT REPORTABLE
L1076CCDOP	NOT REPORTABLE
L1076CCIITR	NOT REPORTABLE
L1086FM	NOT REPORTABLE
L1086GWIRE	NOT REPORTABLE
L1086KINK	NOT REPORTABLE
L1087L3CDAT	NOT REPORTABLE
L1087L3CSS	NOT REPORTABLE
L1087L3DMGP	NOT REPORTABLE
L1087L3DOP	NOT REPORTABLE
L1087L3DSI	NOT REPORTABLE
L1087L3FP	NOT REPORTABLE
L1087L3IE	NOT REPORTABLE
L1087L3IITR	NOT REPORTABLE
L1087L3PGM	NOT REPORTABLE
L1087L3SLO	NOT REPORTABLE
L1087L3SW	NOT REPORTABLE
L1087L3WC	NOT REPORTABLE
L1088M3DF	NOT REPORTABLE
L1088S7AUD	NOT REPORTABLE
L1088S7CAI	NOT REPORTABLE
L1088S7CM	NOT REPORTABLE
L1088S7CN	NOT REPORTABLE
L1088S7CORR	NOT REPORTABLE
L1088S7CSS	NOT REPORTABLE
L1088S7DAT	NOT REPORTABLE
L1088S7DQL	NOT REPORTABLE
L1088S7DSI	REPORTABLE
L1088S7EI	NOT REPORTABLE
L1088S7ID	NOT REPORTABLE
L1088S7IE	NOT REPORTABLE
L1088S7IIPM	NOT REPORTABLE
L1088S7IITR	NOT REPORTABLE
L1088S7LB	NOT REPORTABLE
L1088S7NDT	NOT REPORTABLE
L1088S7OPNF	NOT REPORTABLE
L1088S7PQI	NOT REPORTABLE
L1088S7SLO	NOT REPORTABLE
L1088S7SW	NOT REPORTABLE
L1088S7UASD	NOT REPORTABLE
L1088S7UOSP2	NOT REPORTABLE
L1088S7WC	NOT REPORTABLE
L1CDDRIVE	NOT REPORTABLE
L1PSTSEN	NOT REPORTABLE
L1USBPORT	NOT REPORTABLE
L2825CTMTF	REPORTABLE
LABELM	NOT REPORTABLE
LABINC	NOT REPORTABLE
LABMIS	NOT REPORTABLE
LABMSG	NOT REPORTABLE
LASERB	NOT REPORTABLE
LASERE	NOT REPORTABLE
LATCHE	REPORTABLE
LCANPROC	REPORTABLE
LCKLBK	NOT REPORTABLE
LCOSDAM	NOT REPORTABLE
LCSHAD	REPORTABLE
LD3NN	NOT REPORTABLE
LD3UDSX	NOT REPORTABLE
LDFDEM	NOT REPORTABLE
LEAKSS	NOT REPORTABLE
LEDPKE	NOT REPORTABLE
LEWCLOCJMP	NOT REPORTABLE
LEXHOSP	REPORTABLE
LEXPORT	NOT REPORTABLE
LFIRESMK	REPORTABLE
LGNTWK	NOT REPORTABLE
LHKDNA	NOT REPORTABLE
LHOOKX	NOT REPORTABLE
LINFOLABEL	REPORTABLE
LKLDNW	NOT REPORTABLE
LLMBKN	NOT REPORTABLE
LLMFNC	NOT REPORTABLE
LLMNL	NOT REPORTABLE
LMISSLABEL	REPORTABLE
LOAUIN	REPORTABLE
LOFHZN	NOT REPORTABLE
LOINDO	REPORTABLE
LOLEDI	REPORTABLE
LOOLED	REPORTABLE
LOOPBKN	NOT REPORTABLE
LOSCAH	NOT REPORTABLE
LPACKREMOV	NOT REPORTABLE
LPCFAN	NOT REPORTABLE
LROOPN	NOT REPORTABLE
LS0001	
LS0002	
LS0003	
LS0004	
LS0005	
LS0006	
LS0007	
LS0008	
LS0009	
LS0010	
LS0011	
LS0012	
LS0013	
LS0014	
LS0015	
LS0016	
LS0017	
LS0018	
LS0019	
LS0020	
LS0021	
LS0023	
LS0024	
LS0025	
LS0026	
LS0027	
LS0028	
LS0029	
LS0030	
LS0031	
LS0032	
LS0033	
LS0034	
LS0035	
LS0036	
LS0037	
LS0038	
LS0039	
LS0040	
LS0041	
LS0042	
LS0043	
LS0044	
LS0045	
LS0046	
LS0047	
LS0048	
LSBNH	REPORTABLE
LSBURN	REPORTABLE
LSOVERHEAT	NOT REPORTABLE
LTSQRA	NOT REPORTABLE
LTSQRH	NOT REPORTABLE
LTSQRR	NOT REPORTABLE
LUBEXC	NOT REPORTABLE
LUSEISSUE	NOT REPORTABLE
LUSESHOK	REPORTABLE
LVISABLEFL	NOT REPORTABLE
MANUAL	REPORTABLE
MDIFAD	REPORTABLE
MECORE	REPORTABLE
MEDCRT	REPORTABLE
MESHDEG	REPORTABLE
MESHRK	REPORTABLE
MIGRATE	REPORTABLE
MISBARB	NOT REPORTABLE
MISCNA	REPORTABLE
MISFIR	REPORTABLE
MNFLUSH	REPORTABLE
MNTMDF	NOT REPORTABLE
MOISTU	NOT REPORTABLE
MONADT	NOT REPORTABLE
MRACMINRMS	NOT REPORTABLE
MRAIR15CB	REPORTABLE
MRAIR15CNDIF	REPORTABLE
MRAIRAUDNOIS	REPORTABLE
MRAIRAUDNRD	NOT REPORTABLE
MRAIRBLUECAP	REPORTABLE
MRAIRBREAKAG	REPORTABLE
MRAIRBREAKNR	NOT REPORTABLE
MRAIRBRKFLAG	REPORTABLE
MRAIRCANLENG	REPORTABLE
MRAIRCANROU	REPORTABLE
MRAIRCAPAIR	REPORTABLE
MRAIRCAPOBST	NOT REPORTABLE
MRAIRCATSTCK	REPORTABLE
MRAIRCHIPCRK	REPORTABLE
MRAIRCIRDISC	REPORTABLE
MRAIRCNDNFF	NOT REPORTABLE
MRAIRCNTFRNG	REPORTABLE
MRAIRCNTFRNR	NOT REPORTABLE
MRAIRCOMPTRN	REPORTABLE
MRAIRCONNSEP	REPORTABLE
MRAIRCOSDAM	REPORTABLE
MRAIRCRCKCNR	REPORTABLE
MRAIRCTRADIM	REPORTABLE
MRAIRCUFFBRT	REPORTABLE
MRAIRCUFFDIS	REPORTABLE
MRAIRCUFFHER	REPORTABLE
MRAIRCUFFIND	REPORTABLE
MRAIRCUFFLK	REPORTABLE
MRAIRCUFFPIN	REPORTABLE
MRAIRCUFFSEA	REPORTABLE
MRAIRCUFFSPL	REPORTABLE
MRAIRCURVE	REPORTABLE
MRAIRCUTTEAR	REPORTABLE
MRAIRFOOB	REPORTABLE
MRAIRFLTBS	REPORTABLE
MRAIRFRAUD	NOT REPORTABLE
MRAIRH20LEAK	REPORTABLE
MRAIRHDDISCN	REPORTABLE
MRAIREVACSEP	REPORTABLE
MRAIREXPIRED	REPORTABLE
MRAIRFENALGN	REPORTABLE
MRAIRFLHUBS	REPORTABLE
MRAIRFENALNR	NOT REPORTABLE
MRAIRCWDFL	REPORTABLE
MRAIRCWIFL	REPORTABLE
MRAIRDIMDIAM	REPORTABLE
MRAIRDISCLNR	NOT REPORTABLE
MRAIRDISCLRD	REPORTABLE
MRAIREMPTY	NOT REPORTABLE
MRAIREINPACT	REPORTABLE
MRAIRDUDRPR	REPORTABLE
MRAIRDROPPED	REPORTABLE
MRAIRDUDRPNR	NOT REPORTABLE
MRAIRHOTFLME	REPORTABLE
MRAIRHOTFLNR	NOT REPORTABLE
MRAIRHUMDESG	REPORTABLE
MRAIRHUMFUNC	REPORTABLE
MRAIRHUMUNR	NOT REPORTABLE
MRAIRHUMUSE	REPORTABLE
MRAIRICANINT	REPORTABLE
MRAIRICANSEP	REPORTABLE
MRAIRINCFENE	REPORTABLE
MRAIRINCPRDT	REPORTABLE
MRAIRINCPRNR	NOT REPORTABLE
MRAIRINSTALL	REPORTABLE
MRAIRLABDAM	REPORTABLE
MRAIRLABEL	REPORTABLE
MRAIRLABNR	NOT REPORTABLE
MRAIRLANZDEF	REPORTABLE
MRAIRLKEVAC	REPORTABLE
MRAIRLPLBAL	REPORTABLE
MRAIRMALFORM	REPORTABLE
MRAIRMECHFAI	REPORTABLE
MRAIRMECHTB	REPORTABLE
MRAIRMISFENE	REPORTABLE
MRAIRMISLABL	REPORTABLE
MRAIRMISLANR	NOT REPORTABLE
MRAIRMRKDAM	REPORTABLE
MRAIRNCOLRCH	REPORTABLE
MRAIROBBRKSP	REPORTABLE
MRAIROBSTOBS	REPORTABLE
MRAIROBSTRT	REPORTABLE
MRAIRPCKDEF	NOT REPORTABLE
MRAIRPLBALSM	REPORTABLE
MRAIRPLLINE	REPORTABLE
MRAIRPLVALV	REPORTABLE
MRAIRREBRAND	REPORTABLE
MRAIRREBRANR	NOT REPORTABLE
MRAIRRESFLOW	REPORTABLE
MRAIRSKIN	REPORTABLE
MRAIRSKINNR	NOT REPORTABLE
MRAIRSPONTAN	REPORTABLE
MRAIRSPONTNR	NOT REPORTABLE
MRAIRSTICKY	NOT REPORTABLE
MRAIRSTYSHEA	REPORTABLE
MRAIRTBHUBS	REPORTABLE
MRAIRTBKINK	REPORTABLE
MRAIRTWISTLK	REPORTABLE
MRAIRVLLK	REPORTABLE
MRBIOACTIS	NOT REPORTABLE
MRBIOADHFAL	NOT REPORTABLE
MRBIOADHHAR	NOT REPORTABLE
MRBIOADHIRT	NOT REPORTABLE
MRBIOADHTER	NOT REPORTABLE
MRBIOALINQ	NOT REPORTABLE
MRBIOALWIS	NOT REPORTABLE
MRBIOAPCL	NOT REPORTABLE
MRBIOBLFL	NOT REPORTABLE
MRBIOBLMCON	NOT REPORTABLE
MRBIOBRFQIS	NOT REPORTABLE
MRBIOBRINQ	NOT REPORTABLE
MRBIOBTEOL	NOT REPORTABLE
MRBIOBTFL	NOT REPORTABLE
MRBIOCFGIS	NOT REPORTABLE
MRBIOCRFL	NOT REPORTABLE
MRBIOCRSAP	NOT REPORTABLE
MRBIODAMPC	NOT REPORTABLE
MRBIODELDAT	NOT REPORTABLE
MRBIODISISS	NOT REPORTABLE
MRBIODMGPKG	NOT REPORTABLE
MRBIODOA	NOT REPORTABLE
MRBIODUPREG	NOT REPORTABLE
MRBIOETHNC	NOT REPORTABLE
MRBIOETWFNC	NOT REPORTABLE
MRBIOGENINQ	NOT REPORTABLE
MRBIOHUBIS	NOT REPORTABLE
MRBIOLABEL	NOT REPORTABLE
MRBIOLEDINQ	NOT REPORTABLE
MRBIOLIQDMG	NOT REPORTABLE
MRBIOLOCNET	NOT REPORTABLE
MRBIOLSTH	NOT REPORTABLE
MRBIOMISIT	NOT REPORTABLE
MRBIOMISPC	NOT REPORTABLE
MRBIOMSMINQ	NOT REPORTABLE
MRBIONDISDA	NOT REPORTABLE
MRBIONONETW	NOT REPORTABLE
MRBIONORES	NOT REPORTABLE
MRBIONOSYNC	NOT REPORTABLE
MRBIONOTCH	NOT REPORTABLE
MRBIOOREXP	NOT REPORTABLE
MRBIOORIS	NOT REPORTABLE
MRBIOOTHIS	NOT REPORTABLE
MRBIOPAIERR	NOT REPORTABLE
MRBIOPHYSDM	NOT REPORTABLE
MRBIOREGCOD	NOT REPORTABLE
MRBIOSIMACT	NOT REPORTABLE
MRBIOSWINTIS	NOT REPORTABLE
MRBIOTHERR	NOT REPORTABLE
MRBIOUICLIS	NOT REPORTABLE
MRBIOWAIOR	NOT REPORTABLE
MRBIOWIFINC	NOT REPORTABLE
MRBIOWRDT	NOT REPORTABLE
MRBISALARMR	REPORTABLE
MRBISAUTOCYC	NOT REPORTABLE
MRBISAWARE	REPORTABLE
MRBISB1000	NOT REPORTABLE
MRBISB109	NOT REPORTABLE
MRBISB5000	NOT REPORTABLE
MRBISB500	NOT REPORTABLE
MRBISB502	NOT REPORTABLE
MRBISB503	NOT REPORTABLE
MRBISB504	NOT REPORTABLE
MRBISB3000	NOT REPORTABLE
MRBISB31	NOT REPORTABLE
MRBISB33	NOT REPORTABLE
MRBISB4000	NOT REPORTABLE
MRBISB34	NOT REPORTABLE
MRBISB13	NOT REPORTABLE
MRBISB14	NOT REPORTABLE
MRBISB16	NOT REPORTABLE
MRBISB2000	NOT REPORTABLE
MRBISB202	NOT REPORTABLE
MRBISB30	NOT REPORTABLE
MRBISB2902	NOT REPORTABLE
MRBISB29	NOT REPORTABLE
MRBISB27	NOT REPORTABLE
MRBISB28	NOT REPORTABLE
MRBISB505	NOT REPORTABLE
MRBISB507	NOT REPORTABLE
MRBISB508	NOT REPORTABLE
MRBISB510	NOT REPORTABLE
MRBISB511	NOT REPORTABLE
MRBISB513	NOT REPORTABLE
MRBISB516	NOT REPORTABLE
MRBISB517	NOT REPORTABLE
MRBISB522	NOT REPORTABLE
MRBISB523	NOT REPORTABLE
MRBISB524	NOT REPORTABLE
MRBISB527	NOT REPORTABLE
MRBISB531	NOT REPORTABLE
MRBISB532	NOT REPORTABLE
MRBISB533	NOT REPORTABLE
MRBISB534	NOT REPORTABLE
MRBISB536	NOT REPORTABLE
MRBISB537	NOT REPORTABLE
MRBISB538	NOT REPORTABLE
MRBISB539	NOT REPORTABLE
MRBISB540	NOT REPORTABLE
MRBISB541	NOT REPORTABLE
MRBISB544	NOT REPORTABLE
MRBISB545	NOT REPORTABLE
MRBISB548	NOT REPORTABLE
MRBISB549	NOT REPORTABLE
MRBISB6000	NOT REPORTABLE
MRBISB83	NOT REPORTABLE
MRBISB92	NOT REPORTABLE
MRBISB94	NOT REPORTABLE
MRBISB95	NOT REPORTABLE
MRBISB96	NOT REPORTABLE
MRBISBISHRER	REPORTABLE
MRBISBISLRED	REPORTABLE
MRBISBISXNR	NOT REPORTABLE
MRBISBRKNCNT	NOT REPORTABLE
MRBISCABDAMM	NOT REPORTABLE
MRBISCABDAMP	NOT REPORTABLE
MRBISCHEMEX	REPORTABLE
MRBISCMPTVIR	NOT REPORTABLE
MRBISCNDNFF	NOT REPORTABLE
MRBISCNFM	NOT REPORTABLE
MRBISCNFSC	NOT REPORTABLE
MRBISCNTFRNG	NOT REPORTABLE
MRBISCNTFRNR	REPORTABLE
MRBISCOMPDEF	NOT REPORTABLE
MRBISCONTISS	NOT REPORTABLE
MRBISCYBER	NOT REPORTABLE
MRBISDATFAIL	NOT REPORTABLE
MRBISDISDAM	NOT REPORTABLE
MRBISDISDEF	NOT REPORTABLE
MRBISDISINVT	NOT REPORTABLE
MRBISDNWBTPW	NOT REPORTABLE
MRBISDROPNR	NOT REPORTABLE
MRBISDROPR	REPORTABLE
MRBISDUDRPNR	NOT REPORTABLE
MRBISDUDRPR	REPORTABLE
MRBISERROR	NOT REPORTABLE
MRBISFANNOIS	NOT REPORTABLE
MRBISFLUIDSC	NOT REPORTABLE
MRBISFOOB	NOT REPORTABLE
MRBISFOOS	NOT REPORTABLE
MRBISFRAUD	NOT REPORTABLE
MRBISHACKING	NOT REPORTABLE
MRBISHEAT	NOT REPORTABLE
MRBISHOTFLME	REPORTABLE
MRBISHYPCDAM	NOT REPORTABLE
MRBISHYPCLOO	NOT REPORTABLE
MRBISIMPCKFA	NOT REPORTABLE
MRBISIMPHIGH	NOT REPORTABLE
MRBISINCPRDT	NOT REPORTABLE
MRBISINCREAD	REPORTABLE
MRBISKYFAI	NOT REPORTABLE
MRBISLABEL	NOT REPORTABLE
MRBISMSF	NOT REPORTABLE
MRBISNOGEL	NOT REPORTABLE
MRBISNOREAD	NOT REPORTABLE
MRBISOFFPRGM	NOT REPORTABLE
MRBISPCKDEF	NOT REPORTABLE
MRBISPHYSCAL	NOT REPORTABLE
MRBISPICFAI	NOT REPORTABLE
MRBISSFTWERR	NOT REPORTABLE
MRBISSHOCK	REPORTABLE
MRBISSKIN	REPORTABLE
MRBISSNNTREC	NOT REPORTABLE
MRBISUNERR	NOT REPORTABLE
MRBISUSBNTRE	NOT REPORTABLE
MRBISWTOFF	NOT REPORTABLE
MRBISWTON	NOT REPORTABLE
MRBSAIRLK	REPORTABLE
MRBSBAGFTC	REPORTABLE
MRBSBAGPINH	REPORTABLE
MRBSBREAKAG	REPORTABLE
MRBSBREAKNR	NOT REPORTABLE
MRBSBRKNCNT	NOT REPORTABLE
MRBSCASEDEF	NOT REPORTABLE
MRBSCHIPCRK	REPORTABLE
MRBSCIRDISC	REPORTABLE
MRBSCIRHOLE	REPORTABLE
MRBSCNDNFF	NOT REPORTABLE
MRBSCNTFRNG	NOT REPORTABLE
MRBSCOMPTRN	REPORTABLE
MRBSCONISSU	NOT REPORTABLE
MRBSCONNSEP	REPORTABLE
MRBSCUTTEAR	REPORTABLE
MRBSDEFORM	NOT REPORTABLE
MRBSDEFORMC	NOT REPORTABLE
MRBSDISCLRD	NOT REPORTABLE
MRBSDNHUMI	NOT REPORTABLE
MRBSDUDRPNR	NOT REPORTABLE
MRBSDUDRPR	REPORTABLE
MRBSEVLALRM	NOT REPORTABLE
MRBSEVLNCL	REPORTABLE
MRBSFLBLKD	NOT REPORTABLE
MRBSFLEAKT	REPORTABLE
MRBSFLMALF	NOT REPORTABLE
MRBSFOOB	NOT REPORTABLE
MRBSFRAUD	NOT REPORTABLE
MRBSH20DEF	NOT REPORTABLE
MRBSH20LEAK	NOT REPORTABLE
MRBSHEAT	NOT REPORTABLE
MRBSHOTFLME	REPORTABLE
MRBSINASSMB	NOT REPORTABLE
MRBSINCPRDT	NOT REPORTABLE
MRBSLABEL	NOT REPORTABLE
MRBSLOOSECN	NOT REPORTABLE
MRBSMALFORM	NOT REPORTABLE
MRBSMECHFAI	NOT REPORTABLE
MRBSMISLABL	NOT REPORTABLE
MRBSOBSTRT	NOT REPORTABLE
MRBSPCKDEF	NOT REPORTABLE
MRBSPHYSCAL	NOT REPORTABLE
MRBSSUCISSU	NOT REPORTABLE
MRBSTBHUBS	NOT REPORTABLE
MRBSVALDNW	NOT REPORTABLE
MRBSWNTINT	NOT REPORTABLE
MRCAPALARM	NOT REPORTABLE
MRCAPAUDNOIS	NOT REPORTABLE
MRCAPAUTOCYC	NOT REPORTABLE
MRCAPBATTERY	NOT REPORTABLE
MRCAPCABDAM	NOT REPORTABLE
MRCAPCALBRF	NOT REPORTABLE
MRCAPCALBRR	NOT REPORTABLE
MRCAPCLOGN	NOT REPORTABLE
MRCAPCMPTVIR	NOT REPORTABLE
MRCAPCNDNFF	NOT REPORTABLE
MRCAPCNTFRNG	REPORTABLE
MRCAPCNTFRNR	NOT REPORTABLE
MRCAPCOMFAI	NOT REPORTABLE
MRCAPCOMPDEF	NOT REPORTABLE
MRCAPCYBER	NOT REPORTABLE
MRCAPDEFSPKR	REPORTABLE
MRCAPDISDAM	NOT REPORTABLE
MRCAPDISDEF	NOT REPORTABLE
MRCAPDNCMPT	NOT REPORTABLE
MRCAPDROPNR	NOT REPORTABLE
MRCAPDROPPED	NOT REPORTABLE
MRCAPDROPR	REPORTABLE
MRCAPDUDRPNR	NOT REPORTABLE
MRCAPDUDRPR	REPORTABLE
MRCAPEIPI	REPORTABLE
MRCAPERRBRDC	NOT REPORTABLE
MRCAPERRCKCO	NOT REPORTABLE
MRCAPERRCKUT	NOT REPORTABLE
MRCAPERREADG	REPORTABLE
MRCAPERREADO	NOT REPORTABLE
MRCAPERROR	NOT REPORTABLE
MRCAPERRSO2	NOT REPORTABLE
MRCAPFLBLKD	NOT REPORTABLE
MRCAPFLBLKR	REPORTABLE
MRCAPFLNDIS	REPORTABLE
MRCAPFLNOTRG	NOT REPORTABLE
MRCAPFOOB	NOT REPORTABLE
MRCAPFOOS	NOT REPORTABLE
MRCAPFRAUD	NOT REPORTABLE
MRCAPGLEDB	NOT REPORTABLE
MRCAPHACKING	NOT REPORTABLE
MRCAPHEAT	NOT REPORTABLE
MRCAPHIPI	REPORTABLE
MRCAPHIREADG	REPORTABLE
MRCAPHIREADO	REPORTABLE
MRCAPHOTFLME	REPORTABLE
MRCAPHUMFUNC	NOT REPORTABLE
MRCAPINCPRDT	NOT REPORTABLE
MRCAPINCREAD	REPORTABLE
MRCAPKYFAI	NOT REPORTABLE
MRCAPLABEL	NOT REPORTABLE
MRCAPSPOSNCN	NOT REPORTABLE
MRCAPSNNTREC	NOT REPORTABLE
MRCAPSTUPMEM	NOT REPORTABLE
MRCAPUPGRADE	NOT REPORTABLE
MRCAPVOLUME	NOT REPORTABLE
MRCAPOBSTRR	REPORTABLE
MRCAPOBSTRT	NOT REPORTABLE
MRCAPOFFPRGM	NOT REPORTABLE
MRCAPPHYSCAL	NOT REPORTABLE
MRCAPPCKDEF	NOT REPORTABLE
MRCAPLIPI	REPORTABLE
MRCAPLOOSECN	NOT REPORTABLE
MRCAPLREADG	REPORTABLE
MRCAPLREADO	REPORTABLE
MRCAPMECHFAI	NOT REPORTABLE
MRCAPNOREADO	NOT REPORTABLE
MRCAPNOREADG	NOT REPORTABLE
MRCAPNOALMR	REPORTABLE
MRCAPMNCHB	NOT REPORTABLE
MRCAPNIPI	REPORTABLE
MRCAPWTOFF	NOT REPORTABLE
MRCAPWTON	NOT REPORTABLE
MRCGCIDNR	NOT REPORTABLE
MRCGCOUFE	NOT REPORTABLE
MRCGCOVI	NOT REPORTABLE
MRCGCYAT	NOT REPORTABLE
MRCGDCDWN	NOT REPORTABLE
MRCGDEVNA	NOT REPORTABLE
MRCGDUDRPR	REPORTABLE
MRCGERRM	NOT REPORTABLE
MRCGFOOB	NOT REPORTABLE
MRCGFOOS	NOT REPORTABLE
MRCGHACK	NOT REPORTABLE
MRCGHUMFAC	NOT REPORTABLE
MRCGIHL7	NOT REPORTABLE
MRCGIPADD	NOT REPORTABLE
MRCGLANCO	NOT REPORTABLE
MRCGLANHD	NOT REPORTABLE
MRCGLNVS	NOT REPORTABLE
MRCGLOWDIS	NOT REPORTABLE
MRCGMDBFA	NOT REPORTABLE
MRCGMECFAI	NOT REPORTABLE
MRCGMISPP	NOT REPORTABLE
MRCGNOMEM	NOT REPORTABLE
MRCGNOPOW	NOT REPORTABLE
MRCGNOUPP	NOT REPORTABLE
MRCGPATP	NOT REPORTABLE
MRCGSERDOW	NOT REPORTABLE
MRCGSLOWP	NOT REPORTABLE
MRCGSRVRF	NOT REPORTABLE
MRCGTRAING	NOT REPORTABLE
MREUNRTRN	NOT REPORTABLE
MRINHADMDIS	NOT REPORTABLE
MRINHAIRLK	NOT REPORTABLE
MRINHALARM	NOT REPORTABLE
MRINHALRMCNT	NOT REPORTABLE
MRINHALRMCON	NOT REPORTABLE
MRINHAUDNOIS	NOT REPORTABLE
MRINHBATTDEF	NOT REPORTABLE
MRINHBATTERY	NOT REPORTABLE
MRINHBOOTFAI	NOT REPORTABLE
MRINHBREAKAG	NOT REPORTABLE
MRINHCASEDEF	NOT REPORTABLE
MRINHCLBRIDG	NOT REPORTABLE
MRINHCNDNFF	NOT REPORTABLE
MRINHCNTFRNG	NOT REPORTABLE
MRINHCOMFAI	NOT REPORTABLE
MRINHCOMPDEF	NOT REPORTABLE
MRINHCONISSU	NOT REPORTABLE
MRINHCONNSEP	NOT REPORTABLE
MRINHCRCKMLD	NOT REPORTABLE
MRINHCUSTNET	NOT REPORTABLE
MRINHDISBLK	NOT REPORTABLE
MRINHDISCLRD	NOT REPORTABLE
MRINHDISDEF	NOT REPORTABLE
MRINHDROPPED	NOT REPORTABLE
MRINHDUDRPNR	NOT REPORTABLE
MRINHDUDRPR	REPORTABLE
MRINHERROR	NOT REPORTABLE
MRINHEXITED	NOT REPORTABLE
MRINHFANNOIS	NOT REPORTABLE
MRINHFOOB	NOT REPORTABLE
MRINHFRAUD	NOT REPORTABLE
MRINHGAINACC	NOT REPORTABLE
MRINHGALEAK	NOT REPORTABLE
MRINHGCDNW	NOT REPORTABLE
MRINHH20DAM	NOT REPORTABLE
MRINHH20LEAK	NOT REPORTABLE
MRINHHEATDEF	NOT REPORTABLE
MRINHHOTFLM	REPORTABLE
MRINHHUMUSE	NOT REPORTABLE
MRINHINASSMB	NOT REPORTABLE
MRINHINCPRDT	NOT REPORTABLE
MRINHINGLIQD	NOT REPORTABLE
MRINHLABEL	NOT REPORTABLE
MRINHLEAKS	NOT REPORTABLE
MRINHLINBRK	NOT REPORTABLE
MRINHLOCKUP	NOT REPORTABLE
MRINHMECHFAI	NOT REPORTABLE
MRINHMELTCOM	NOT REPORTABLE
MRINHMISALIN	NOT REPORTABLE
MRINHNEBULIZ	NOT REPORTABLE
MRINHNOFLOW	NOT REPORTABLE
MRINHOBSTRT	NOT REPORTABLE
MRINHP10	NOT REPORTABLE
MRINHPCBDEF	NOT REPORTABLE
MRINHPCKDEF	NOT REPORTABLE
MRINHPHYSCAL	NOT REPORTABLE
MRINHPPCBDEF	NOT REPORTABLE
MRINHPRNTDEF	NOT REPORTABLE
MRINHPWRSWTH	NOT REPORTABLE
MRINHSFTWLCK	NOT REPORTABLE
MRINHSWDEF	NOT REPORTABLE
MRINHSYSERR	NOT REPORTABLE
MRINHWNNEB	NOT REPORTABLE
MRINHWORN	NOT REPORTABLE
MRINHWTON	NOT REPORTABLE
MRINVALARM	NOT REPORTABLE
MRINVAUDNOIS	NOT REPORTABLE
MRINVAUTOCYC	NOT REPORTABLE
MRINVBATTERY	NOT REPORTABLE
MRINVCABDAM	NOT REPORTABLE
MRINVCABDEFW	NOT REPORTABLE
MRINVCMPTVIR	NOT REPORTABLE
MRINVDUDRPNR	NOT REPORTABLE
MRINVDROPR	REPORTABLE
MRINVDUDRPR	REPORTABLE
MRINVERREADO	NOT REPORTABLE
MRINVERREADR	REPORTABLE
MRINVDISGON	NOT REPORTABLE
MRINVDISOFFG	NOT REPORTABLE
MRINVDNCMPT	NOT REPORTABLE
MRINVDROPPED	NOT REPORTABLE
MRINVDROPNR	NOT REPORTABLE
MRINVCNDNFF	NOT REPORTABLE
MRINVCNTFRNG	REPORTABLE
MRINVCNTFRNR	NOT REPORTABLE
MRINVCOMFAI	NOT REPORTABLE
MRINVCOMPDAM	NOT REPORTABLE
MRINVDISDEF	NOT REPORTABLE
MRINVDISDAM	NOT REPORTABLE
MRINVDISBLK	NOT REPORTABLE
MRINVCOMPDEF	NOT REPORTABLE
MRINVCYBER	NOT REPORTABLE
MRINVERROR	NOT REPORTABLE
MRINVFOOB	NOT REPORTABLE
MRINVFOOS	NOT REPORTABLE
MRINVFRAUD	NOT REPORTABLE
MRINVFUNTEST	NOT REPORTABLE
MRINVHACKING	NOT REPORTABLE
MRINVHEAT	NOT REPORTABLE
MRINVHIREADO	REPORTABLE
MRINVHOTFLME	REPORTABLE
MRINVINCPRDT	NOT REPORTABLE
MRINVINCREAD	REPORTABLE
MRINVKYFAI	NOT REPORTABLE
MRINVLABEL	NOT REPORTABLE
MRINVLOOSECN	NOT REPORTABLE
MRINVLREADO	REPORTABLE
MRINVMECHFAI	NOT REPORTABLE
MRINVMISALIN	NOT REPORTABLE
MRINVMNCHB	NOT REPORTABLE
MRINVNBATTPW	NOT REPORTABLE
MRINVNOALRM	REPORTABLE
MRINVNOREADO	NOT REPORTABLE
MRINVOFFPRGM	NOT REPORTABLE
MRINVPCKDEF	NOT REPORTABLE
MRINVPHYSCAL	NOT REPORTABLE
MRINVPRADH	NOT REPORTABLE
MRINVSFTWERR	NOT REPORTABLE
MRINVSKIN	REPORTABLE
MRINVSNNTREC	NOT REPORTABLE
MRINVSTUPMEM	NOT REPORTABLE
MRINVUSBISSU	NOT REPORTABLE
MRINVWTOFF	NOT REPORTABLE
MRINVWTON	NOT REPORTABLE
MRMCGBATTERY	NOT REPORTABLE
MRMCGBLADEFG	REPORTABLE
MRMCGBREAKAG	REPORTABLE
MRMCGBRSP	NOT REPORTABLE
MRMCGCNDNFF	NOT REPORTABLE
MRMCGCONTISS	NOT REPORTABLE
MRMCGDISBKLG	NOT REPORTABLE
MRMCGDISBLK	REPORTABLE
MRMCGDISDEF	NOT REPORTABLE
MRMCGDISERRA	NOT REPORTABLE
MRMCGDISLINE	NOT REPORTABLE
MRMCGDISPBLR	NOT REPORTABLE
MRMCGDISPCOL	NOT REPORTABLE
MRMCGDISPFAI	NOT REPORTABLE
MRMCGDUDRPNR	NOT REPORTABLE
MRMCGDUDRPR	REPORTABLE
MRMCGEXPIREL	NOT REPORTABLE
MRMCGFILEMAN	NOT REPORTABLE
MRMCGFITPRBL	NOT REPORTABLE
MRMCGFOOB	NOT REPORTABLE
MRMCGFRAUD	NOT REPORTABLE
MRMCGH20DAM	NOT REPORTABLE
MRMCGHOTFLME	REPORTABLE
MRMCGLABEL	NOT REPORTABLE
MRMCGMECHFAI	NOT REPORTABLE
MRMCGPCKDEF	NOT REPORTABLE
MRMCGPHYSCAL	NOT REPORTABLE
MRMCGREAKNR	NOT REPORTABLE
MRMCGRELBTCH	NOT REPORTABLE
MRMCGRELBTDP	NOT REPORTABLE
MRMCGRELCON	NOT REPORTABLE
MRMCGRELWTON	NOT REPORTABLE
MRMCGSETDIFF	NOT REPORTABLE
MRMCGSTIMAG	NOT REPORTABLE
MRMCGSTREAM	NOT REPORTABLE
MRMCGSWUPRL	NOT REPORTABLE
MRMCGSWUPVL	NOT REPORTABLE
MRMCGTCHSCR	NOT REPORTABLE
MRMCGUNSBAT	NOT REPORTABLE
MRMCGVIDREC	NOT REPORTABLE
MRMCGWTOFF	NOT REPORTABLE
MRMCGWTON	NOT REPORTABLE
MRNOREPT	NOT REPORTABLE
MRNOTCOM	NOT REPORTABLE
MROEMCABDEFW	NOT REPORTABLE
MROEMCMPTVIR	NOT REPORTABLE
MROEMCNTFRNG	NOT REPORTABLE
MROEMCOMFAI	NOT REPORTABLE
MROEMCOMPDAM	NOT REPORTABLE
MROEMCYBER	NOT REPORTABLE
MROEMDUDRPNR	NOT REPORTABLE
MROEMDUDRPR	REPORTABLE
MROEMERR526	NOT REPORTABLE
MROEMERREDO	NOT REPORTABLE
MROEMERROR	NOT REPORTABLE
MROEMFBURNT	NOT REPORTABLE
MROEMFOOB	NOT REPORTABLE
MROEMFOOS	NOT REPORTABLE
MROEMFRAUD	NOT REPORTABLE
MROEMFUNTEST	NOT REPORTABLE
MROEMHACKING	NOT REPORTABLE
MROEMHEAT	NOT REPORTABLE
MROEMHIREADO	REPORTABLE
MROEMHOTFLME	REPORTABLE
MROEMINCPRDT	NOT REPORTABLE
MROEMINCREAD	REPORTABLE
MROEMLABEL	NOT REPORTABLE
MROEMLREADR	REPORTABLE
MROEMMECHFAI	NOT REPORTABLE
MROEMNOREADO	NOT REPORTABLE
MROEMP10	NOT REPORTABLE
MROEMPCKDEF	NOT REPORTABLE
MROEMSFTWERR	NOT REPORTABLE
MROEMSNNTREC	NOT REPORTABLE
MROEMSPOSNCN	NOT REPORTABLE
MROEMSTUPMEM	NOT REPORTABLE
MRPULALARMR	REPORTABLE
MRPULALOGFAI	NOT REPORTABLE
MRPULALRMCON	NOT REPORTABLE
MRPULALRMLEV	NOT REPORTABLE
MRPULAUDNOIS	NOT REPORTABLE
MRPULAUTOCYC	NOT REPORTABLE
MRPULBATTCNT	NOT REPORTABLE
MRPULBATTDEF	NOT REPORTABLE
MRPULBATTERY	NOT REPORTABLE
MRPULBRKNCNT	NOT REPORTABLE
MRPULBRSP	NOT REPORTABLE
MRPULCABDAM	NOT REPORTABLE
MRPULCALBRF	NOT REPORTABLE
MRPULCMPTVIR	NOT REPORTABLE
MRPULCNDNFF	NOT REPORTABLE
MRPULCNTFRNG	REPORTABLE
MRPULCNTFRNR	NOT REPORTABLE
MRPULCOMFAI	NOT REPORTABLE
MRPULCOMPDAM	NOT REPORTABLE
MRPULCOMPDEF	NOT REPORTABLE
MRPULCOMSCON	NOT REPORTABLE
MRPULCYBER	NOT REPORTABLE
MRPULDATALST	NOT REPORTABLE
MRPULDEFMB	NOT REPORTABLE
MRPULDEFSPKN	NOT REPORTABLE
MRPULDEFSPKR	REPORTABLE
MRPULDISDEF	NOT REPORTABLE
MRPULDNCMPT	NOT REPORTABLE
MRPULDNWBTPW	NOT REPORTABLE
MRPULDROPNR	NOT REPORTABLE
MRPULDROPPED	NOT REPORTABLE
MRPULDROPR	REPORTABLE
MRPULDSPO2NR	NOT REPORTABLE
MRPULDSPO2RT	REPORTABLE
MRPULDUDRPNR	NOT REPORTABLE
MRPULDUDRPR	REPORTABLE
MRPULE999	NOT REPORTABLE
MRPULERR526	NOT REPORTABLE
MRPULERR528	NOT REPORTABLE
MRPULERRBTMS	NOT REPORTABLE
MRPULERREADO	NOT REPORTABLE
MRPULERROR	NOT REPORTABLE
MRPULEXPIRED	NOT REPORTABLE
MRPULFANNOIS	NOT REPORTABLE
MRPULFOOB	NOT REPORTABLE
MRPULFOOS	NOT REPORTABLE
MRPULFRAUD	NOT REPORTABLE
MRPULHEAT	NOT REPORTABLE
MRPULHIREADO	REPORTABLE
MRPULHOTFLME	REPORTABLE
MRPULHUMFUNC	NOT REPORTABLE
MRPULHUMUSE	NOT REPORTABLE
MRPULIMPCKFA	NOT REPORTABLE
MRPULINCPRDT	NOT REPORTABLE
MRPULINCREAD	REPORTABLE
MRPULINVTIME	NOT REPORTABLE
MRPULJOGDIAL	NOT REPORTABLE
MRPULKYFAI	NOT REPORTABLE
MRPULLABEL	NOT REPORTABLE
MRPULLOOSECN	NOT REPORTABLE
MRPULLREADO	REPORTABLE
MRPULMNCHB	NOT REPORTABLE
MRPULNOREADO	NOT REPORTABLE
MRPULNRCPFAI	NOT REPORTABLE
MRPULP1	NOT REPORTABLE
MRPULP10	NOT REPORTABLE
MRPULP12	NOT REPORTABLE
MRPULP17	NOT REPORTABLE
MRPULP18	NOT REPORTABLE
MRPULP2	NOT REPORTABLE
MRPULP225	NOT REPORTABLE
MRPULP256	NOT REPORTABLE
MRPULP257	NOT REPORTABLE
MRPULP258	NOT REPORTABLE
MRPULP259	NOT REPORTABLE
MRPULP260	NOT REPORTABLE
MRPULP261	NOT REPORTABLE
MRPULP262	NOT REPORTABLE
MRPULP263	NOT REPORTABLE
MRPULP282	NOT REPORTABLE
MRPULP281	NOT REPORTABLE
MRPULP283	NOT REPORTABLE
MRPULP284	NOT REPORTABLE
MRPULP285	NOT REPORTABLE
MRPULP274	NOT REPORTABLE
MRPULP275	NOT REPORTABLE
MRPULP276	NOT REPORTABLE
MRPULP280	NOT REPORTABLE
MRPULP277	NOT REPORTABLE
MRPULP264	NOT REPORTABLE
MRPULP265	NOT REPORTABLE
MRPULP266	NOT REPORTABLE
MRPULP267	NOT REPORTABLE
MRPULP268	NOT REPORTABLE
MRPULP273	NOT REPORTABLE
MRPULP272	NOT REPORTABLE
MRPULP271	NOT REPORTABLE
MRPULP269	NOT REPORTABLE
MRPULP270	NOT REPORTABLE
MRPULP286	NOT REPORTABLE
MRPULP287	NOT REPORTABLE
MRPULP288	NOT REPORTABLE
MRPULP289	NOT REPORTABLE
MRPULP3	NOT REPORTABLE
MRPULP4	NOT REPORTABLE
MRPULP48	NOT REPORTABLE
MRPULP5	NOT REPORTABLE
MRPULP50	NOT REPORTABLE
MRPULP51	NOT REPORTABLE
MRPULP512	NOT REPORTABLE
MRPULP513	NOT REPORTABLE
MRPULP514	NOT REPORTABLE
MRPULP516	NOT REPORTABLE
MRPULP517	NOT REPORTABLE
MRPULP518	NOT REPORTABLE
MRPULP519	NOT REPORTABLE
MRPULP52	NOT REPORTABLE
MRPULP520	NOT REPORTABLE
MRPULP521	NOT REPORTABLE
MRPULP522	NOT REPORTABLE
MRPULP523	NOT REPORTABLE
MRPULP524	NOT REPORTABLE
MRPULP525	NOT REPORTABLE
MRPULP527	NOT REPORTABLE
MRPULP529	NOT REPORTABLE
MRPULP53	NOT REPORTABLE
MRPULP535	NOT REPORTABLE
MRPULP575	NOT REPORTABLE
MRPULP6	NOT REPORTABLE
MRPULP718	NOT REPORTABLE
MRPULP722	NOT REPORTABLE
MRPULP804	NOT REPORTABLE
MRPULP9	NOT REPORTABLE
MRPULP901	NOT REPORTABLE
MRPULP902	NOT REPORTABLE
MRPULP903	NOT REPORTABLE
MRPULP904	NOT REPORTABLE
MRPULP905	NOT REPORTABLE
MRPULP907	NOT REPORTABLE
MRPULP908	NOT REPORTABLE
MRPULP909	NOT REPORTABLE
MRPULP910	NOT REPORTABLE
MRPULP912	NOT REPORTABLE
MRPULP913	NOT REPORTABLE
MRPULP920	NOT REPORTABLE
MRPULPCKDEF	NOT REPORTABLE
MRPULPHYSCAL	NOT REPORTABLE
MRPULPRADH	NOT REPORTABLE
MRPULPULSIND	NOT REPORTABLE
MRPULPULTIME	NOT REPORTABLE
MRPULREBRAND	NOT REPORTABLE
MRPULSENFAI	NOT REPORTABLE
MRPULSFTWERR	NOT REPORTABLE
MRPULSKIN	REPORTABLE
MRPULSNNTREC	NOT REPORTABLE
MRPULSNOFFPT	NOT REPORTABLE
MRPULSNPRTCN	NOT REPORTABLE
MRPULSPDALRT	NOT REPORTABLE
MRPULSPOSNCN	NOT REPORTABLE
MRPULSRLCOM	NOT REPORTABLE
MRPULSTUPMEM	NOT REPORTABLE
MRPULTCHDEF	NOT REPORTABLE
MRPULWTOFF	NOT REPORTABLE
MRPULWTON	NOT REPORTABLE
MRRESALARM	NOT REPORTABLE
MRRESALINDOF	NOT REPORTABLE
MRRESALNOACT	NOT REPORTABLE
MRRESALOGFAI	NOT REPORTABLE
MRRESALRMCON	NOT REPORTABLE
MRRESALRMLEV	NOT REPORTABLE
MRRESANNOTCR	NOT REPORTABLE
MRRESAUDNOIS	NOT REPORTABLE
MRRESAUTOCYC	NOT REPORTABLE
MRRESBATTCNT	NOT REPORTABLE
MRRESBATTDEF	NOT REPORTABLE
MRRESBATTERY	NOT REPORTABLE
MRRESBRKNCNT	NOT REPORTABLE
MRRESBRSP	NOT REPORTABLE
MRRESBUTNOWO	NOT REPORTABLE
MRRESCABDAM	NOT REPORTABLE
MRRESCABDEFW	NOT REPORTABLE
MRRESCALBRF	NOT REPORTABLE
MRRESCALBRR	NOT REPORTABLE
MRRESCMPTVIR	NOT REPORTABLE
MRRESCNDNFF	NOT REPORTABLE
MRRESCNTFRNG	NOT REPORTABLE
MRRESCNTFRNR	NOT REPORTABLE
MRRESCOMFAI	NOT REPORTABLE
MRRESCOMPDAM	NOT REPORTABLE
MRRESCOMPDEF	NOT REPORTABLE
MRRESCOMSCON	NOT REPORTABLE
MRRESCONTISS	NOT REPORTABLE
MRRESCOWFABN	NOT REPORTABLE
MRRESCOWFSTP	NOT REPORTABLE
MRRESCYBER	NOT REPORTABLE
MRRESDATALST	NOT REPORTABLE
MRRESDEFMB	NOT REPORTABLE
MRRESDEFORM	NOT REPORTABLE
MRRESDEFSPKR	NOT REPORTABLE
MRRESDISBKLG	NOT REPORTABLE
MRRESDISBLK	NOT REPORTABLE
MRRESDISDAM	NOT REPORTABLE
MRRESDISDEF	NOT REPORTABLE
MRRESDISDIM	NOT REPORTABLE
MRRESERRSO2	NOT REPORTABLE
MRRESERROR	NOT REPORTABLE
MRRESEXPIRED	NOT REPORTABLE
MRRESFANNOIS	NOT REPORTABLE
MRRESFLBLKD	NOT REPORTABLE
MRRESECGWFAB	NOT REPORTABLE
MRRESERRBTMS	NOT REPORTABLE
MRRESERRCKUT	NOT REPORTABLE
MRRESERREADO	NOT REPORTABLE
MRRESERREADG	NOT REPORTABLE
MRRESDISLINE	NOT REPORTABLE
MRRESDISPFRZ	NOT REPORTABLE
MRRESDISSEGM	NOT REPORTABLE
MRRESDNCMPT	NOT REPORTABLE
MRRESDNWBTPW	NOT REPORTABLE
MRRESDUDRPR	NOT REPORTABLE
MRRESDUDRPNR	NOT REPORTABLE
MRRESDSPO2RT	NOT REPORTABLE
MRRESDROPNR	NOT REPORTABLE
MRRESDROPPED	NOT REPORTABLE
MRRESFLNOTRG	NOT REPORTABLE
MRRESFOOB	NOT REPORTABLE
MRRESFOOS	NOT REPORTABLE
MRRESFRAUD	NOT REPORTABLE
MRRESHACKING	NOT REPORTABLE
MRRESHIREADG	NOT REPORTABLE
MRRESHIREADO	NOT REPORTABLE
MRRESHOTFLME	NOT REPORTABLE
MRRESHRNOPR	NOT REPORTABLE
MRRESHUMFUNC	NOT REPORTABLE
MRRESHUMUSE	NOT REPORTABLE
MRRESIMPCKFA	NOT REPORTABLE
MRRESINATEMP	NOT REPORTABLE
MRRESINCPRDT	NOT REPORTABLE
MRRESINCREAD	NOT REPORTABLE
MRRESINECGWF	NOT REPORTABLE
MRRESINVTIME	NOT REPORTABLE
MRRESKYFAI	NOT REPORTABLE
MRRESLABEL	NOT REPORTABLE
MRRESLIPI	NOT REPORTABLE
MRRESLOOSECN	NOT REPORTABLE
MRRESLREADG	NOT REPORTABLE
MRRESLREADO	NOT REPORTABLE
MRRESMECHFAI	NOT REPORTABLE
MRRESMNCHB	NOT REPORTABLE
MRRESMONSWOF	NOT REPORTABLE
MRRESNOCOWF	NOT REPORTABLE
MRRESNOECGWF	NOT REPORTABLE
MRRESNOMEANI	NOT REPORTABLE
MRRESNOREADG	NOT REPORTABLE
MRRESNOREADO	NOT REPORTABLE
MRRESNORESWF	NOT REPORTABLE
MRRESNOSPOWF	NOT REPORTABLE
MRRESNOTEMP	NOT REPORTABLE
MRRESNRCPFAI	NOT REPORTABLE
MRRESOBSTRT	NOT REPORTABLE
MRRESOFFPRGM	NOT REPORTABLE
MRRESPCKDEF	NOT REPORTABLE
MRRESPHYSCAL	NOT REPORTABLE
MRRESPRADH	NOT REPORTABLE
MRRESPULSIND	NOT REPORTABLE
MRRESPULTIME	NOT REPORTABLE
MRRESREADBP	NOT REPORTABLE
MRRESREBRAND	NOT REPORTABLE
MRRESSENFAI	NOT REPORTABLE
MRRESSFTWERR	NOT REPORTABLE
MRRESSKIN	NOT REPORTABLE
MRRESSNNTREC	NOT REPORTABLE
MRRESSNOFFPT	NOT REPORTABLE
MRRESSNPRTCN	NOT REPORTABLE
MRRESSPOSNCN	NOT REPORTABLE
MRRESSRLCOM	NOT REPORTABLE
MRRESSTUPMEM	NOT REPORTABLE
MRRESTCHDEF	NOT REPORTABLE
MRRESUPGRADE	NOT REPORTABLE
MRRESVALNOAC	NOT REPORTABLE
MRRESVOLUME	NOT REPORTABLE
MRRESWFABN	NOT REPORTABLE
MRRESWTOFF	NOT REPORTABLE
MRRESWTON	NOT REPORTABLE
MRRRESINSPOW	NOT REPORTABLE
MRTMPALARM	NOT REPORTABLE
MRTMPALRMCNT	NOT REPORTABLE
MRTMPAUDNOIS	NOT REPORTABLE
MRTMPAUTOCYC	NOT REPORTABLE
MRTMPBLKSEAL	NOT REPORTABLE
MRTMPBLWRDEF	NOT REPORTABLE
MRTMPCABDAM	NOT REPORTABLE
MRTMPCALBRF	NOT REPORTABLE
MRTMPCNDNFF	NOT REPORTABLE
MRTMPCNTFRNG	NOT REPORTABLE
MRTMPCNTFRNR	REPORTABLE
MRTMPCOMPDEF	NOT REPORTABLE
MRTMPCONISSU	NOT REPORTABLE
MRTMPCUFFBRT	REPORTABLE
MRTMPCUFFISS	NOT REPORTABLE
MRTMPCUFFSPL	REPORTABLE
MRTMPCWDFL	REPORTABLE
MRTMPCWIFL	REPORTABLE
MRTMPDAMNOZ	NOT REPORTABLE
MRTMPDEFORM	NOT REPORTABLE
MRTMPDISDAM	NOT REPORTABLE
MRTMPDISDEF	NOT REPORTABLE
MRTMPDROPPED	NOT REPORTABLE
MRTMPDUDRPNR	NOT REPORTABLE
MRTMPDUDRPR	REPORTABLE
MRTMPERRNRPT	NOT REPORTABLE
MRTMPERROR	NOT REPORTABLE
MRTMPFOOB	NOT REPORTABLE
MRTMPFOOS	NOT REPORTABLE
MRTMPFRAUD	NOT REPORTABLE
MRTMPHEAT	NOT REPORTABLE
MRTMPHEATDEF	NOT REPORTABLE
MRTMPHIRPT	REPORTABLE
MRTMPHOTFLME	REPORTABLE
MRTMPINASSMB	NOT REPORTABLE
MRTMPINCPRDT	NOT REPORTABLE
MRTMPINCREAD	REPORTABLE
MRTMPKYFAI	NOT REPORTABLE
MRTMPLONRPT	NOT REPORTABLE
MRTMPLOOSECN	NOT REPORTABLE
MRTMPLORPT	REPORTABLE
MRTMPMECHFAI	NOT REPORTABLE
MRTMPMISLABL	NOT REPORTABLE
MRTMPNOALRM	REPORTABLE
MRTMPNOREADT	NOT REPORTABLE
MRTMPNOZHOSE	NOT REPORTABLE
MRTMPOHIRPT	REPORTABLE
MRTMPOLOWRPT	REPORTABLE
MRTMPOVRTEMP	NOT REPORTABLE
MRTMPPCKDEF	NOT REPORTABLE
MRTMPPHYSCAL	NOT REPORTABLE
MRTMPPHYSCLR	REPORTABLE
MRTMPPWRALRM	NOT REPORTABLE
MRTMPREBRAND	NOT REPORTABLE
MRTMPRPFL	NOT REPORTABLE
MRTMPSFTWFAI	NOT REPORTABLE
MRTMPSHIPDAM	NOT REPORTABLE
MRTMPSKIN	REPORTABLE
MRTMPW131	NOT REPORTABLE
MRTMPW132	NOT REPORTABLE
MRTMPW133	NOT REPORTABLE
MRTMPW138	NOT REPORTABLE
MRTMPW140	NOT REPORTABLE
MRTMPW144	NOT REPORTABLE
MRTMPW145	NOT REPORTABLE
MRTMPW152	NOT REPORTABLE
MRTMPW153	NOT REPORTABLE
MRTMPW157	NOT REPORTABLE
MRTMPW158	NOT REPORTABLE
MRTMPW159	NOT REPORTABLE
MRTMPW165	NOT REPORTABLE
MRTMPW175	NOT REPORTABLE
MRTMPW176	NOT REPORTABLE
MRTMPW177	NOT REPORTABLE
MRTMPW178	NOT REPORTABLE
MRTMPW179	NOT REPORTABLE
MRTMPW181	NOT REPORTABLE
MRTMPW182	NOT REPORTABLE
MRTMPW184	NOT REPORTABLE
MRTMPW186	NOT REPORTABLE
MRTMPW202	NOT REPORTABLE
MRTMPW204	NOT REPORTABLE
MRTMPW205	NOT REPORTABLE
MRTMPW207	NOT REPORTABLE
MRTMPW211	NOT REPORTABLE
MRTMPW213	NOT REPORTABLE
MRTMPW214	NOT REPORTABLE
MRTMPW215	NOT REPORTABLE
MRTMPWKBUTT	NOT REPORTABLE
MRTMPWT11	NOT REPORTABLE
MRTMPWT12	NOT REPORTABLE
MRTMPWT13	NOT REPORTABLE
MRTMPWT14	NOT REPORTABLE
MRTMPWT15	NOT REPORTABLE
MRTMPWT16	NOT REPORTABLE
MRTMPWT17	NOT REPORTABLE
MRTMPWT28	NOT REPORTABLE
MRTMPWT29	NOT REPORTABLE
MRTMPWT3	NOT REPORTABLE
MRTMPWT30	NOT REPORTABLE
MRTMPWT31	NOT REPORTABLE
MRTMPWT32	NOT REPORTABLE
MRTMPWT33	NOT REPORTABLE
MRTMPWT38	NOT REPORTABLE
MRTMPWT4	NOT REPORTABLE
MRTMPWT45	NOT REPORTABLE
MRTMPWT46	NOT REPORTABLE
MRTMPWT48	NOT REPORTABLE
MRTMPWT49	NOT REPORTABLE
MRTMPWT5	NOT REPORTABLE
MRTMPWT51	NOT REPORTABLE
MRTMPWT53	NOT REPORTABLE
MRTMPWT6	NOT REPORTABLE
MRTMPWTON	NOT REPORTABLE
MRUNRELATED	NOT REPORTABLE
MRVITALRMCNT	NOT REPORTABLE
MRVITALRMCON	NOT REPORTABLE
MRVITALRMLEV	NOT REPORTABLE
MRVITCNS	NOT REPORTABLE
MRVITDATAC	NOT REPORTABLE
MRVITFALRM	NOT REPORTABLE
MRVITFLRNL	NOT REPORTABLE
MRVITHARD	NOT REPORTABLE
MRVITIADT	NOT REPORTABLE
MRVITIARS	NOT REPORTABLE
MRVITIHL7	NOT REPORTABLE
NDLAPP	NOT REPORTABLE
MVMTER	REPORTABLE
NDLBKN	REPORTABLE
NDLBNT	NOT REPORTABLE
NDLDET	REPORTABLE
MRVITROOM	NOT REPORTABLE
MRVITSQLF	NOT REPORTABLE
MRVITSRVRF	NOT REPORTABLE
MSHTRN	REPORTABLE
MRVITVSC	NOT REPORTABLE
MRVITIPADD	NOT REPORTABLE
MRVITIPIMGR	NOT REPORTABLE
MRVITLANC	NOT REPORTABLE
MRVITLANH	NOT REPORTABLE
MRVITLNVS	NOT REPORTABLE
MRVITPATP	NOT REPORTABLE
MRVITNSTRT	NOT REPORTABLE
MRVITNSRVR	NOT REPORTABLE
MRVITLOWDIS	NOT REPORTABLE
MRVITNOMEM	NOT REPORTABLE
NDLDETNR	NOT REPORTABLE
NDLDSG	REPORTABLE
NDLDUL	NOT REPORTABLE
NDLPRK	NOT REPORTABLE
NDLPTP	NOT REPORTABLE
NDLWRG	NOT REPORTABLE
NOADFB	NOT REPORTABLE
NOCAUT	NOT REPORTABLE
NOCODE	NOT REPORTABLE
NOCUTT	REPORTABLE
NOEXPD	NOT REPORTABLE
NOINST	NOT REPORTABLE
NOIRRG	NOT REPORTABLE
NOISYS	NOT REPORTABLE
NOKNIF	NOT REPORTABLE
NOLOTN	NOT REPORTABLE
NOMORR	REPORTABLE
NOMVM	REPORTABLE
NONDLE	REPORTABLE
NOPSE	REPORTABLE
NORCH	REPORTABLE
NOSOLU	NOT REPORTABLE
NOSUCT	NOT REPORTABLE
NOTACFB	NOT REPORTABLE
NOTCHS	NOT REPORTABLE
NRECER	REPORTABLE
OANVDFU	REPORTABLE
OANVDNT	REPORTABLE
OANVDTA	REPORTABLE
ODOR	NOT REPORTABLE
OPBWND	NOT REPORTABLE
ORADRT	REPORTABLE
ORTIME	REPORTABLE
ORTIMESR	REPORTABLE
ORVILDSG	REPORTABLE
OSJWNC	NOT REPORTABLE
OVRCLP	REPORTABLE
PACKFOROBJ	NOT REPORTABLE
PARCUT	REPORTABLE
PATMAT	NOT REPORTABLE
PDATAE	NOT REPORTABLE
PFBRXN	REPORTABLE
PHREDT	NOT REPORTABLE
PINCH	NOT REPORTABLE
PKGAPP	NOT REPORTABLE
PKGDAM	NOT REPORTABLE
PKGEMP	NOT REPORTABLE
PKGINC	NOT REPORTABLE
PKGSBK	NOT REPORTABLE
PNEULK	REPORTABLE
PORIMQ	REPORTABLE
PRDAPP	NOT REPORTABLE
PRDDAM	NOT REPORTABLE
PRDSHV	REPORTABLE
PREEOL	NOT REPORTABLE
PREMLF	NOT REPORTABLE
PRFLOF	REPORTABLE
PRMFMD	NOT REPORTABLE
PTLBRK	NOT REPORTABLE
PTPDIS	REPORTABLE
PTSLPK	NOT REPORTABLE
PTSMIS	NOT REPORTABLE
PWHANR	NOT REPORTABLE
PWRCD	REPORTABLE
PWSHNR	NOT REPORTABLE
PWUNKER	NOT REPORTABLE
PWUNKNR	NOT REPORTABLE
QCNDSG	NOT REPORTABLE
RAENOIDENISS	REPORTABLE
RASACA	NOT REPORTABLE
RASAJS	NOT REPORTABLE
RASANC	NOT REPORTABLE
RASANP	NOT REPORTABLE
RASANT	NOT REPORTABLE
RASAOH	NOT REPORTABLE
RASAPP	REPORTABLE
RASASD	REPORTABLE
RBLCOAIDETAL	NOT REPORTABLE
RBLCOAIRPRES	NOT REPORTABLE
RBLCOALNOVIS	NOT REPORTABLE
RBLCOBAGPROB	NOT REPORTABLE
RBLCOBATPROB	NOT REPORTABLE
RBLCOBIOCPIS	NOT REPORTABLE
RBLCOBIOPROB	NOT REPORTABLE
RBLCOBLDAL	NOT REPORTABLE
RBLCOBLDLKIN	NOT REPORTABLE
RBLCOBLDPFIS	NOT REPORTABLE
RBLCOBLDPRAL	NOT REPORTABLE
RBLCOBRKACC	NOT REPORTABLE
RBLCOCASAL	NOT REPORTABLE
RBLCOCLMPAL	NOT REPORTABLE
RBLCOCNCNPRB	NOT REPORTABLE
RBLCOCNPMPRB	NOT REPORTABLE
RBLCOCODEVIN	NOT REPORTABLE
RBLCOCOINGRE	NOT REPORTABLE
RBLCOCONDAL	NOT REPORTABLE
RBLCOCONNISS	NOT REPORTABLE
RBLCOCONTAM	NOT REPORTABLE
RBLCOCRTFLEM	NOT REPORTABLE
RBLCOCUVPROB	NOT REPORTABLE
RBLCOCYBSEC	NOT REPORTABLE
RBLCODEGPPRB	NOT REPORTABLE
RBLCODELPPRB	NOT REPORTABLE
RBLCODIAPPRB	NOT REPORTABLE
RBLCOHOOPRB	NOT REPORTABLE
RBLCOHMDRPRB	NOT REPORTABLE
RBLCOHTRPRB	NOT REPORTABLE
RBLCOHYDAL	NOT REPORTABLE
RBLCOHYDLK	NOT REPORTABLE
RBLCOFLDTST	NOT REPORTABLE
RBLCOFLPOWUP	NOT REPORTABLE
RBLCOFLTPRB	NOT REPORTABLE
RBLCOHEPPFIS	NOT REPORTABLE
RBLCOGENPMIS	NOT REPORTABLE
RBLCODIFSTPR	NOT REPORTABLE
RBLCODISFLW	NOT REPORTABLE
RBLCODISINF	NOT REPORTABLE
RBLCODVFDPR	NOT REPORTABLE
RBLCOEFFPPRB	NOT REPORTABLE
RBLCOFICNPRB	NOT REPORTABLE
RBLCOEXPKGPB	NOT REPORTABLE
RBLCOEXPDTIS	NOT REPORTABLE
RBLCOELTSTFL	NOT REPORTABLE
RBLCOEXBLDLK	NOT REPORTABLE
RBLCOIMINMET	NOT REPORTABLE
RBLCOINALACT	NOT REPORTABLE
RBLCOINDCSHP	NOT REPORTABLE
RBLCOINFLFLW	NOT REPORTABLE
RBLCOINFNPRB	NOT REPORTABLE
RBLCOINFPFPB	NOT REPORTABLE
RBLCOINMSPKG	NOT REPORTABLE
RBLCOLOSPWR	NOT REPORTABLE
RBLCOLVLAL	NOT REPORTABLE
RBLCOLWAUDAL	NOT REPORTABLE
RBLCOMATHOL	NOT REPORTABLE
RBLCOMISASMB	NOT REPORTABLE
RBLCOMISASUS	NOT REPORTABLE
RBLCOMLTDVCO	NOT REPORTABLE
RBLCOMOISDAM	NOT REPORTABLE
RBLCOMONPROB	NOT REPORTABLE
RBLCOMSASMFG	NOT REPORTABLE
RBLCONOAUDAL	NOT REPORTABLE
RBLCONOISAUD	NOT REPORTABLE
RBLCOOBBAPRB	NOT REPORTABLE
RBLCOOCCOBS	NOT REPORTABLE
RBLCOPARTIC	NOT REPORTABLE
RBLCOPRSCHK	NOT REPORTABLE
RBLCOPRSNPRB	NOT REPORTABLE
RBLCOPRSOTRG	NOT REPORTABLE
RBLCORFINDEV	NOT REPORTABLE
RBLCOSDPRDP	NOT REPORTABLE
RBLCOSMKG	REPORTABLE
RBLCOSNCVPRB	NOT REPORTABLE
RBLCOSPDGPB	NOT REPORTABLE
RBLCOSPHYPB	NOT REPORTABLE
RBLCOSYSERR	NOT REPORTABLE
RBLCOTEMP	NOT REPORTABLE
RBLCOTNKPB	NOT REPORTABLE
RBLCOULTFAL	NOT REPORTABLE
RBLCOULTFPRB	NOT REPORTABLE
RBLCOUNDEVIS	NOT REPORTABLE
RBLCOUNSLDPK	NOT REPORTABLE
RBLCOWATRAL	NOT REPORTABLE
RBLCOWGTERR	NOT REPORTABLE
RBLCOWGTGTR	REPORTABLE
RBLCOWGTLWR	NOT REPORTABLE
RBLCOWHLPRB	NOT REPORTABLE
RCTKK	REPORTABLE
RD3NN	NOT REPORTABLE
RDFLOD	REPORTABLE
REDLED	NOT REPORTABLE
RELDIC	NOT REPORTABLE
RELDNR	NOT REPORTABLE
RELYSL	NOT REPORTABLE
RETPBK	REPORTABLE
RETPMA	NOT REPORTABLE
REUNRTRN	NOT REPORTABLE
RGHCUT	NOT REPORTABLE
RKBRKN	REPORTABLE
RLLOOS	NOT REPORTABLE
RMCCOMER	NOT REPORTABLE
RMCCOSD	NOT REPORTABLE
RMCCTFDBK	NOT REPORTABLE
RMCCYBSEC	NOT REPORTABLE
RMCDMDFC	NOT REPORTABLE
RMCDRDM	NOT REPORTABLE
RMCDTOI	NOT REPORTABLE
RMCELSHK	REPORTABLE
RMCEMI	NOT REPORTABLE
RMCFHOT	NOT REPORTABLE
RMCFOOB	NOT REPORTABLE
RMCFORMT	NOT REPORTABLE
RMCFTDISP	NOT REPORTABLE
RMCFTPO	NOT REPORTABLE
RMCIMPDS	NOT REPORTABLE
RMCINCDAT	REPORTABLE
RMCLABINC	NOT REPORTABLE
RMCNWDC	NOT REPORTABLE
RMCPCKDM	NOT REPORTABLE
RMCPWRIS	NOT REPORTABLE
RMCSMFSR	REPORTABLE
RMCSWER	NOT REPORTABLE
RMCUNSPC	NOT REPORTABLE
RNOREPT	NOT REPORTABLE
RNOTCOM	NOT REPORTABLE
ROTINS	NOT REPORTABLE
RPDLPN	REPORTABLE
RPTABLBTLONG	REPORTABLE
RPTABLBTRAD	REPORTABLE
RPTABLBTUNK	REPORTABLE
RPTABLDEFTM	NOT REPORTABLE
RPTABLINFTM	NOT REPORTABLE
RPTABLPTRMIS	NOT REPORTABLE
RPTABLRET	NOT REPORTABLE
RPTABLUNREWR	NOT REPORTABLE
RPTACBMNGWPT	NOT REPORTABLE
RPTACBMNIFPV	NOT REPORTABLE
RPTACMFLINJ	NOT REPORTABLE
RPTACNMNBLPT	NOT REPORTABLE
RPTACNMNGWPT	NOT REPORTABLE
RPTACNMNIFVL	NOT REPORTABLE
RPTACRBRUNK	NOT REPORTABLE
RPTACTSTISS	NOT REPORTABLE
RPTADETBALL	REPORTABLE
RPTADETTIP	REPORTABLE
RPTADETUNK	REPORTABLE
RPTAFLADEXPT	NOT REPORTABLE
RPTAGWSHISS	NOT REPORTABLE
RPTAKKSHDST	NOT REPORTABLE
RPTAKKSHMID	NOT REPORTABLE
RPTAKKSHPROX	NOT REPORTABLE
RPTAKKUNK	NOT REPORTABLE
RPTALKBL	NOT REPORTABLE
RPTALKMNBLPT	NOT REPORTABLE
RPTALKMNIFVL	NOT REPORTABLE
RPTALKSHDS	NOT REPORTABLE
RPTALKSHMID	NOT REPORTABLE
RPTALKSHPR	NOT REPORTABLE
RPTALKUNK	NOT REPORTABLE
RPTALRVLFLR	NOT REPORTABLE
RPTAMKBDALGN	NOT REPORTABLE
RPTAMNLBLISS	NOT REPORTABLE
RPTASFTTIP	NOT REPORTABLE
RRNLA1CDF	REPORTABLE
RRNLAADCK	REPORTABLE
RRNLAADDF	NOT REPORTABLE
RRNLAADDFC	NOT REPORTABLE
RRNLAADDTC	REPORTABLE
RRNLAADMP	REPORTABLE
RRNLAADMZ	NOT REPORTABLE
RRNLAADMZDMG	REPORTABLE
RRNLACEDF	REPORTABLE
RRNLACFDTC	REPORTABLE
RRNLACFMGD	REPORTABLE
RRNLACHAM	NOT REPORTABLE
RRNLACMDF	REPORTABLE
RRNLACNDMG	REPORTABLE
RRNLACNLK	NOT REPORTABLE
RRNLACNMC	NOT REPORTABLE
RRNLACTBUBBL	NOT REPORTABLE
RRNLACTDC	REPORTABLE
RRNLACTDFC	NOT REPORTABLE
RRNLACTDIST	NOT REPORTABLE
RRNLACTHBFL	REPORTABLE
RRNLACTHDSCN	REPORTABLE
RRNLACTIFUFZ	REPORTABLE
RRNLACTIPDET	REPORTABLE
RRNLACTLK	REPORTABLE
RRNLACTOCWD	REPORTABLE
RRNLACTOPAQ	NOT REPORTABLE
RRNLACTPLDET	REPORTABLE
RRNLAD3CTM	NOT REPORTABLE
RRNLAD3DX	NOT REPORTABLE
RRNLAD3EDE	NOT REPORTABLE
RRNLAD3MC	NOT REPORTABLE
RRNLAD3MD	NOT REPORTABLE
RRNLAD3MSA	NOT REPORTABLE
RRNLAD3MZ	NOT REPORTABLE
RRNLAD3SX	REPORTABLE
RRNLAD5BKD	REPORTABLE
RRNLAD5BKP	NOT REPORTABLE
RRNLAD5DF	NOT REPORTABLE
RRNLAETLCBH	REPORTABLE
RRNLAETLCLA	REPORTABLE
RRNLAGWBK	REPORTABLE
RRNLAGWDF	NOT REPORTABLE
RRNLAGWDFR	REPORTABLE
RRNLAGWMFR	
RRNLAHBDF	NOT REPORTABLE
RRNLAINTLMLK	REPORTABLE
RRNLALADK	NOT REPORTABLE
RRNLALGDF	NOT REPORTABLE
RRNLANEBN	NOT REPORTABLE
RRNLANEDF	NOT REPORTABLE
RRNLANEDFC	NOT REPORTABLE
RRNLANEDP	NOT REPORTABLE
RRNLANEDSL	REPORTABLE
RRNLANEDTC	REPORTABLE
RRNLANEFS	REPORTABLE
RRNLANELK	NOT REPORTABLE
RRNLAP1DFS	REPORTABLE
RRNLAP1PKG	NOT REPORTABLE
RRNLAS2DF	NOT REPORTABLE
RRNLAS2DPU	REPORTABLE
RRNLAS2MTF	REPORTABLE
RRNLAS6BK	REPORTABLE
RRNLAS6DF	NOT REPORTABLE
RRNLASFDMG	REPORTABLE
RRNLASURDAM	NOT REPORTABLE
RRNLAT2BK	REPORTABLE
RRNLAT2DF	NOT REPORTABLE
SADHIMP	NOT REPORTABLE
SACCCUT	REPORTABLE
SADPDNC	NOT REPORTABLE
SADPTNR	NOT REPORTABLE
SADPTSR	NOT REPORTABLE
RUNLOD	NOT REPORTABLE
RUNRELATED	NOT REPORTABLE
S3067V12LEAK	NOT REPORTABLE
SABSORP	REPORTABLE
SABSLOW	NOT REPORTABLE
RRNLATUDTC	REPORTABLE
RRNLATULK	REPORTABLE
RRNLATUMPR	NOT REPORTABLE
RRNLATUMZ	NOT REPORTABLE
RRNLAV1BK	REPORTABLE
RTNBKN	REPORTABLE
RSTCRS	NOT REPORTABLE
RRNLAYPDMG	REPORTABLE
RRNLAV1DF	NOT REPORTABLE
RRNLAV1MZ	NOT REPORTABLE
SADPYSL	NOT REPORTABLE
SANCINS	NOT REPORTABLE
SANCTBB	REPORTABLE
SANTLPR	REPORTABLE
SANVDNT	REPORTABLE
SANVDSG	REPORTABLE
SANVDTA	REPORTABLE
SANVDTG	NOT REPORTABLE
SANVDTU	REPORTABLE
SARJBKN	NOT REPORTABLE
SARTINS	NOT REPORTABLE
SARTNSM	NOT REPORTABLE
SARTSTRDF	REPORTABLE
SATWANV	REPORTABLE
SAUTCLV	NOT REPORTABLE
SB3505INSD	NOT REPORTABLE
SBABLHA1IF	REPORTABLE
SBABLHA1MZ	REPORTABLE
SBABLHNEMZ	NOT REPORTABLE
SBACHDNW	NOT REPORTABLE
SBAGDET	NOT REPORTABLE
SBAGSEP	REPORTABLE
SBAGTRN	REPORTABLE
SBALLDIS	REPORTABLE
SBALLEK	NOT REPORTABLE
SBALSEP	REPORTABLE
SBALWND	NOT REPORTABLE
SBALWNI	REPORTABLE
SBATDNW	NOT REPORTABLE
SBATLEAK	NOT REPORTABLE
SBATNCH	NOT REPORTABLE
SBBRKN	REPORTABLE
SBEC0	NOT REPORTABLE
SBEC1	NOT REPORTABLE
SBEC10	NOT REPORTABLE
SBEC100	NOT REPORTABLE
SBEC102	NOT REPORTABLE
SBEC103	NOT REPORTABLE
SBEC104	NOT REPORTABLE
SBEC105	NOT REPORTABLE
SBEC106	NOT REPORTABLE
SBEC11	NOT REPORTABLE
SBEC111	NOT REPORTABLE
SBEC112	NOT REPORTABLE
SBEC114	NOT REPORTABLE
SBEC115	NOT REPORTABLE
SBEC116	NOT REPORTABLE
SBEC117	NOT REPORTABLE
SBEC12	NOT REPORTABLE
SBEC120	NOT REPORTABLE
SBEC121	NOT REPORTABLE
SBEC122	NOT REPORTABLE
SBEC124	NOT REPORTABLE
SBEC125	NOT REPORTABLE
SBEC126	NOT REPORTABLE
SBEC127	NOT REPORTABLE
SBEC128	NOT REPORTABLE
SBEC129	NOT REPORTABLE
SBEC13	NOT REPORTABLE
SBEC132	NOT REPORTABLE
SBEC135	NOT REPORTABLE
SBEC136	NOT REPORTABLE
SBEC139	NOT REPORTABLE
SBEC14	NOT REPORTABLE
SBEC140	NOT REPORTABLE
SBEC146	NOT REPORTABLE
SBEC148	NOT REPORTABLE
SBEC15	NOT REPORTABLE
SBEC150	NOT REPORTABLE
SBEC151	NOT REPORTABLE
SBEC153	NOT REPORTABLE
SBEC154	NOT REPORTABLE
SBEC155	NOT REPORTABLE
SBEC156	NOT REPORTABLE
SBEC157	NOT REPORTABLE
SBEC158	NOT REPORTABLE
SBEC159	NOT REPORTABLE
SBEC16	NOT REPORTABLE
SBEC160	NOT REPORTABLE
SBEC161	NOT REPORTABLE
SBEC162	NOT REPORTABLE
SBEC163	NOT REPORTABLE
SBEC164	NOT REPORTABLE
SBEC165	NOT REPORTABLE
SBEC166	NOT REPORTABLE
SBEC167	NOT REPORTABLE
SBEC168	NOT REPORTABLE
SBEC169	NOT REPORTABLE
SBEC17	NOT REPORTABLE
SBEC170	NOT REPORTABLE
SBEC171	NOT REPORTABLE
SBEC175	NOT REPORTABLE
SBEC179	NOT REPORTABLE
SBEC18	NOT REPORTABLE
SBEC180	NOT REPORTABLE
SBEC181	NOT REPORTABLE
SBEC182	NOT REPORTABLE
SBEC183	NOT REPORTABLE
SBEC184	NOT REPORTABLE
SBEC185	NOT REPORTABLE
SBEC187	NOT REPORTABLE
SBEC188	NOT REPORTABLE
SBEC189	NOT REPORTABLE
SBEC19	NOT REPORTABLE
SBEC204	NOT REPORTABLE
SBEC203	NOT REPORTABLE
SBEC205	NOT REPORTABLE
SBEC206	NOT REPORTABLE
SBEC21	NOT REPORTABLE
SBEC2	NOT REPORTABLE
SBEC20	NOT REPORTABLE
SBEC200	NOT REPORTABLE
SBEC202	NOT REPORTABLE
SBEC201	NOT REPORTABLE
SBEC190	NOT REPORTABLE
SBEC191	NOT REPORTABLE
SBEC192	NOT REPORTABLE
SBEC193	NOT REPORTABLE
SBEC194	NOT REPORTABLE
SBEC199	NOT REPORTABLE
SBEC198	NOT REPORTABLE
SBEC197	NOT REPORTABLE
SBEC195	NOT REPORTABLE
SBEC196	NOT REPORTABLE
SBEC210	NOT REPORTABLE
SBEC211	NOT REPORTABLE
SBEC212	NOT REPORTABLE
SBEC213	NOT REPORTABLE
SBEC214	NOT REPORTABLE
SBEC215	NOT REPORTABLE
SBEC216	NOT REPORTABLE
SBEC217	NOT REPORTABLE
SBEC218	NOT REPORTABLE
SBEC219	NOT REPORTABLE
SBEC22	NOT REPORTABLE
SBEC222	NOT REPORTABLE
SBEC223	NOT REPORTABLE
SBEC224	NOT REPORTABLE
SBEC225	NOT REPORTABLE
SBEC226	NOT REPORTABLE
SBEC227	NOT REPORTABLE
SBEC228	NOT REPORTABLE
SBEC229	NOT REPORTABLE
SBEC23	NOT REPORTABLE
SBEC230	NOT REPORTABLE
SBEC231	NOT REPORTABLE
SBEC232	NOT REPORTABLE
SBEC233	NOT REPORTABLE
SBEC234	NOT REPORTABLE
SBEC235	NOT REPORTABLE
SBEC236	NOT REPORTABLE
SBEC238	NOT REPORTABLE
SBEC239	NOT REPORTABLE
SBEC24	NOT REPORTABLE
SBEC240	NOT REPORTABLE
SBEC241	NOT REPORTABLE
SBEC242	NOT REPORTABLE
SBEC243	NOT REPORTABLE
SBEC245	NOT REPORTABLE
SBEC246	NOT REPORTABLE
SBEC247	NOT REPORTABLE
SBEC248	NOT REPORTABLE
SBEC249	NOT REPORTABLE
SBEC25	NOT REPORTABLE
SBEC251	NOT REPORTABLE
SBEC252	NOT REPORTABLE
SBEC254	NOT REPORTABLE
SBEC255	NOT REPORTABLE
SBEC256	NOT REPORTABLE
SBEC257	NOT REPORTABLE
SBEC258	NOT REPORTABLE
SBEC259	NOT REPORTABLE
SBEC26	NOT REPORTABLE
SBEC260	NOT REPORTABLE
SBEC261	NOT REPORTABLE
SBEC262	NOT REPORTABLE
SBEC263	NOT REPORTABLE
SBEC265	NOT REPORTABLE
SBEC266	NOT REPORTABLE
SBEC267	NOT REPORTABLE
SBEC268	NOT REPORTABLE
SBEC27	NOT REPORTABLE
SBEC270	NOT REPORTABLE
SBEC271	NOT REPORTABLE
SBEC272	NOT REPORTABLE
SBEC273	NOT REPORTABLE
SBEC274	NOT REPORTABLE
SBEC275	NOT REPORTABLE
SBEC276	NOT REPORTABLE
SBEC277	NOT REPORTABLE
SBEC278	NOT REPORTABLE
SBEC279	NOT REPORTABLE
SBEC28	NOT REPORTABLE
SBEC280	NOT REPORTABLE
SBEC281	NOT REPORTABLE
SBEC283	NOT REPORTABLE
SBEC284	NOT REPORTABLE
SBEC285	NOT REPORTABLE
SBEC287	NOT REPORTABLE
SBEC288	NOT REPORTABLE
SBEC289	NOT REPORTABLE
SBEC29	NOT REPORTABLE
SBEC291	NOT REPORTABLE
SBEC292	NOT REPORTABLE
SBEC293	NOT REPORTABLE
SBEC294	NOT REPORTABLE
SBEC297	NOT REPORTABLE
SBEC298	NOT REPORTABLE
SBEC299	NOT REPORTABLE
SBEC3	NOT REPORTABLE
SBEC30	NOT REPORTABLE
SBEC300	NOT REPORTABLE
SBEC301	NOT REPORTABLE
SBEC302	NOT REPORTABLE
SBEC303	NOT REPORTABLE
SBEC304	NOT REPORTABLE
SBEC305	NOT REPORTABLE
SBEC306	NOT REPORTABLE
SBEC308	NOT REPORTABLE
SBEC309	NOT REPORTABLE
SBEC31	NOT REPORTABLE
SBEC310	NOT REPORTABLE
SBEC311	NOT REPORTABLE
SBEC312	NOT REPORTABLE
SBEC313	NOT REPORTABLE
SBEC314	NOT REPORTABLE
SBEC315	NOT REPORTABLE
SBEC316	NOT REPORTABLE
SBEC317	NOT REPORTABLE
SBEC318	NOT REPORTABLE
SBEC319	NOT REPORTABLE
SBEC32	NOT REPORTABLE
SBEC320	NOT REPORTABLE
SBEC322	NOT REPORTABLE
SBEC323	NOT REPORTABLE
SBEC324	NOT REPORTABLE
SBEC325	NOT REPORTABLE
SBEC326	NOT REPORTABLE
SBEC328	NOT REPORTABLE
SBEC33	NOT REPORTABLE
SBEC330	NOT REPORTABLE
SBEC331	NOT REPORTABLE
SBEC332	NOT REPORTABLE
SBEC333	NOT REPORTABLE
SBEC334	NOT REPORTABLE
SBEC335	NOT REPORTABLE
SBEC336	NOT REPORTABLE
SBEC337	NOT REPORTABLE
SBEC339	NOT REPORTABLE
SBEC340	NOT REPORTABLE
SBEC341	NOT REPORTABLE
SBEC342	NOT REPORTABLE
SBEC343	NOT REPORTABLE
SBEC344	NOT REPORTABLE
SBEC345	NOT REPORTABLE
SBEC346	NOT REPORTABLE
SBEC347	NOT REPORTABLE
SBEC349	NOT REPORTABLE
SBEC35	NOT REPORTABLE
SBEC350	NOT REPORTABLE
SBEC351	NOT REPORTABLE
SBEC353	NOT REPORTABLE
SBEC354	NOT REPORTABLE
SBEC355	NOT REPORTABLE
SBEC356	NOT REPORTABLE
SBEC357	NOT REPORTABLE
SBEC36	NOT REPORTABLE
SBEC360	NOT REPORTABLE
SBEC361	NOT REPORTABLE
SBEC365	NOT REPORTABLE
SBEC366	NOT REPORTABLE
SBEC37	NOT REPORTABLE
SBEC374	NOT REPORTABLE
SBEC382	NOT REPORTABLE
SBEC397	NOT REPORTABLE
SBEC399	NOT REPORTABLE
SBEC4	NOT REPORTABLE
SBEC40	NOT REPORTABLE
SBEC400	NOT REPORTABLE
SBEC401	NOT REPORTABLE
SBEC402	NOT REPORTABLE
SBEC403	NOT REPORTABLE
SBEC404	NOT REPORTABLE
SBEC405	NOT REPORTABLE
SBEC407	NOT REPORTABLE
SBEC408	NOT REPORTABLE
SBEC411	NOT REPORTABLE
SBEC412	NOT REPORTABLE
SBEC413	NOT REPORTABLE
SBEC414	NOT REPORTABLE
SBEC415	NOT REPORTABLE
SBEC416	NOT REPORTABLE
SBEC419	NOT REPORTABLE
SBEC420	NOT REPORTABLE
SBEC421	NOT REPORTABLE
SBEC425	NOT REPORTABLE
SBEC431	NOT REPORTABLE
SBEC434	NOT REPORTABLE
SBEC435	NOT REPORTABLE
SBEC436	NOT REPORTABLE
SBEC45	NOT REPORTABLE
SBEC451	NOT REPORTABLE
SBEC48	NOT REPORTABLE
SBEC481	NOT REPORTABLE
SBEC493	NOT REPORTABLE
SBEC5	NOT REPORTABLE
SBEC50	NOT REPORTABLE
SBEC500	NOT REPORTABLE
SBEC504	NOT REPORTABLE
SBEC512	NOT REPORTABLE
SBEC518	NOT REPORTABLE
SBEC8	NOT REPORTABLE
SBEC775	NOT REPORTABLE
SBEC80	NOT REPORTABLE
SBEC81	NOT REPORTABLE
SBEC83	NOT REPORTABLE
SBEC66	NOT REPORTABLE
SBEC67	NOT REPORTABLE
SBEC7	NOT REPORTABLE
SBEC71	NOT REPORTABLE
SBEC70	NOT REPORTABLE
SBEC529	NOT REPORTABLE
SBEC534	NOT REPORTABLE
SBEC54	NOT REPORTABLE
SBEC6	NOT REPORTABLE
SBEC60	NOT REPORTABLE
SBEC65	NOT REPORTABLE
SBEC64	NOT REPORTABLE
SBEC617	NOT REPORTABLE
SBEC61	NOT REPORTABLE
SBEC613	NOT REPORTABLE
SBEC86	NOT REPORTABLE
SBEC860	NOT REPORTABLE
SBEC88	NOT REPORTABLE
SBEC888	NOT REPORTABLE
SBEC9	NOT REPORTABLE
SBEC90	NOT REPORTABLE
SBEC91	NOT REPORTABLE
SBEC92	NOT REPORTABLE
SBEC93	NOT REPORTABLE
SBEC94	NOT REPORTABLE
SBEC948	NOT REPORTABLE
SBEC95	NOT REPORTABLE
SBEC96	NOT REPORTABLE
SBEC97	NOT REPORTABLE
SBEC98	NOT REPORTABLE
SBEESHWDP	REPORTABLE
SBEESHWOTE	NOT REPORTABLE
SBESACDPPS	NOT REPORTABLE
SBESACGLMZ	NOT REPORTABLE
SBESACGLPD	NOT REPORTABLE
SBESACPDDP	NOT REPORTABLE
SBESHWFSOT	NOT REPORTABLE
SBESHWGNOT	NOT REPORTABLE
SBESHWPOOT	REPORTABLE
SBESHWUNOT	NOT REPORTABLE
SBGYNID3DP	REPORTABLE
SBGYNID3IF	NOT REPORTABLE
SBGYNID3IU	NOT REPORTABLE
SBGYNID3MZF	REPORTABLE
SBGYNID3MZR	REPORTABLE
SBGYNID3OT	NOT REPORTABLE
SBGYNISFHD	NOT REPORTABLE
SBGYNITUI2	NOT REPORTABLE
SBIOHAZ	REPORTABLE
SBKNSHW	REPORTABLE
SBLGVSJWOT	REPORTABLE
SBLLNBK	REPORTABLE
SBLLNDT	NOT REPORTABLE
SBLLNWH	NOT REPORTABLE
SBNSTK	NOT REPORTABLE
SBSIACFA	NOT REPORTABLE
SBSONCBCEP	NOT REPORTABLE
SBSONCBTEP	NOT REPORTABLE
SBSONCD3OT	NOT REPORTABLE
SBSONCNACT	NOT REPORTABLE
SBSONCSEIN	REPORTABLE
SBUTBKN	NOT REPORTABLE
SBWLLEK	REPORTABLE
SCALDNS	NOT REPORTABLE
SCALSLW	NOT REPORTABLE
SCAPCPL	REPORTABLE
SCARMR	NOT REPORTABLE
SCARTNR	NOT REPORTABLE
SCAUTNL	NOT REPORTABLE
SCDULL	NOT REPORTABLE
SCFIRE	REPORTABLE
SCFTBKN	NOT REPORTABLE
SCHBAER	NOT REPORTABLE
SCHGRED	NOT REPORTABLE
SCKBKN	NOT REPORTABLE
SCLBWND	NOT REPORTABLE
SCLCINC	NOT REPORTABLE
SCLPBKN	REPORTABLE
SCLPDNF	NOT REPORTABLE
SCLPFRM	REPORTABLE
SCLPNLP	REPORTABLE
SCLPSCZ	REPORTABLE
SCLPSEP	NOT REPORTABLE
SCLPSLP	REPORTABLE
SCLPSPT	REPORTABLE
SCMLAG	REPORTABLE
SCMPBIO	REPORTABLE
SCMPDIS	REPORTABLE
SCNDTHB	NOT REPORTABLE
SCOH	NOT REPORTABLE
SCOMBIO	NOT REPORTABLE
SCONOUT	REPORTABLE
SCORDAM	NOT REPORTABLE
SCORRST	NOT REPORTABLE
SCORT	REPORTABLE
SCPP	NOT REPORTABLE
SCPVNC	NOT REPORTABLE
SCREEN	NOT REPORTABLE
SCSERSC	NOT REPORTABLE
SCTRYCR	NOT REPORTABLE
SCUTSGI	REPORTABLE
SDAMAGE	REPORTABLE
SDBLIDX	REPORTABLE
SDEVBRN	REPORTABLE
SDEVNTO	NOT REPORTABLE
SDEVPWF	NOT REPORTABLE
SDFAADP	NOT REPORTABLE
SDFINPH	NOT REPORTABLE
SDFINPT	REPORTABLE
SDFOPKG	NOT REPORTABLE
SDFRADP	NOT REPORTABLE
SDGRDNW	NOT REPORTABLE
SDIFAPX	REPORTABLE
SDIFART	NOT REPORTABLE
SDIFASY	NOT REPORTABLE
SDIFCLS	NOT REPORTABLE
SDIFDAS	NOT REPORTABLE
SDIFDEP	NOT REPORTABLE
SDIFDES	NOT REPORTABLE
SDIFSTG	REPORTABLE
SDIFSAF	REPORTABLE
SDIFTGL	NOT REPORTABLE
SDIFUNL	NOT REPORTABLE
SDIREST	NOT REPORTABLE
SDIFPOR	NOT REPORTABLE
SDIFPPN	NOT REPORTABLE
SDIFRCV	REPORTABLE
SDIFRKB	REPORTABLE
SDIFREM	REPORTABLE
SDIFFIR	NOT REPORTABLE
SDIFGRP	NOT REPORTABLE
SDIFHPA	REPORTABLE
SDIFIIN	REPORTABLE
SDIFINJ	NOT REPORTABLE
SDIFPKG	NOT REPORTABLE
SDIFOPN	NOT REPORTABLE
SDIFLOD	NOT REPORTABLE
SDIFINS	NOT REPORTABLE
SDIFLCK	NOT REPORTABLE
SDISSHO	NOT REPORTABLE
SDMPHHS	NOT REPORTABLE
SDNCALB	NOT REPORTABLE
SDNINMS	REPORTABLE
SDSPIRG	NOT REPORTABLE
SDTAIDA	NOT REPORTABLE
SDTLOOP	REPORTABLE
SE2991EP	NOT REPORTABLE
SE2991MZMPR	REPORTABLE
SE2991MZPL	REPORTABLE
SE2992MZPL	NOT REPORTABLE
SE2993MZPL	NOT REPORTABLE
SE2994MZPL	NOT REPORTABLE
SE2995MZPL	NOT REPORTABLE
SE2996MZPL	NOT REPORTABLE
SE2997MZPL	NOT REPORTABLE
SE2998MZPL	NOT REPORTABLE
SE2999MZPL	REPORTABLE
SE3000MZPL	REPORTABLE
SEABLHA1TP	REPORTABLE
SEABLHGNTP	NOT REPORTABLE
SEABLHMZBK	NOT REPORTABLE
SEABLHTP	NOT REPORTABLE
SEALDMG	REPORTABLE
SEBIMC	NOT REPORTABLE
SEBIMZMTW	NOT REPORTABLE
SECBFCB	NOT REPORTABLE
SECDMZ	NOT REPORTABLE
SECECH	NOT REPORTABLE
SECECN	NOT REPORTABLE
SECHDEO	NOT REPORTABLE
SECNLIC	NOT REPORTABLE
SED3CN	NOT REPORTABLE
SED3DSCTM	NOT REPORTABLE
SED3HDDSP	NOT REPORTABLE
SED3IUNAI	NOT REPORTABLE
SED3MSDMS	NOT REPORTABLE
SED3MZBK	NOT REPORTABLE
SED3MZMTW	NOT REPORTABLE
SED3NN	REPORTABLE
SED3OTIEO	NOT REPORTABLE
SED3OTOEINR	NOT REPORTABLE
SEDCMCDTC	REPORTABLE
SEDCMSCS	NOT REPORTABLE
SEDCMSDPU	NOT REPORTABLE
SEDCMZDAM	NOT REPORTABLE
SEDCMZDH	NOT REPORTABLE
SEDCNA	NOT REPORTABLE
SEDDRESP	NOT REPORTABLE
SEDIFOPN	NOT REPORTABLE
SEDPDFR	NOT REPORTABLE
SEDPSACT	REPORTABLE
SEDRAP	REPORTABLE
SEDRRC	NOT REPORTABLE
SEDSCTM	NOT REPORTABLE
SEDSDCI	NOT REPORTABLE
SEELDRA	REPORTABLE
SEELECTDAM	REPORTABLE
SEELEISS	NOT REPORTABLE
SEELEMC	NOT REPORTABLE
SEELEVISDIS	NOT REPORTABLE
SEELEVISLIT	NOT REPORTABLE
SEEPAC	NOT REPORTABLE
SEEPFP	NOT REPORTABLE
SEEPISHK	NOT REPORTABLE
SEEPUE	REPORTABLE
SEESACCHCDI	NOT REPORTABLE
SEESACDPDFR	NOT REPORTABLE
SEESACEP	NOT REPORTABLE
SEESACMZMD	NOT REPORTABLE
SEESACMZPL	REPORTABLE
SEESHWBRNSM	NOT REPORTABLE
SEESHWCBFCB	NOT REPORTABLE
SEESHWCM	NOT REPORTABLE
SEESHWCN	NOT REPORTABLE
SEESHWCNMOP	NOT REPORTABLE
SEESHWCNREM	NOT REPORTABLE
SEESHWECEPP	NOT REPORTABLE
SEESHWELES	REPORTABLE
SEESHWEPFCH	NOT REPORTABLE
SEESHWEPFP	NOT REPORTABLE
SEESHWMCFLK	NOT REPORTABLE
SEESHWMCFLN	NOT REPORTABLE
SEESHWMSDFC	NOT REPORTABLE
SEESHWOT	NOT REPORTABLE
SEESHWOTESI	NOT REPORTABLE
SEESHWOTFDE	NOT REPORTABLE
SEESHWOTHR	NOT REPORTABLE
SEESHWOTIEO	NOT REPORTABLE
SEESHWOTOEI	REPORTABLE
SEESHWPOCN	NOT REPORTABLE
SEESHWUDMMR	NOT REPORTABLE
SEGYNCLOG	NOT REPORTABLE
SEGYNCOT	NOT REPORTABLE
SEGYNFLU	REPORTABLE
SEGYNID3DP	NOT REPORTABLE
SEGYNID3DPDP	REPORTABLE
SEGYNID3MCVB	NOT REPORTABLE
SEGYNID3MZFL	NOT REPORTABLE
SEGYNIDCPMFS	NOT REPORTABLE
SEGYNIESDPDI	NOT REPORTABLE
SEGYNIFLOR	NOT REPORTABLE
SEGYNIH1MZBK	NOT REPORTABLE
SEGYNILGDP	NOT REPORTABLE
SEGYNILNMZBK	NOT REPORTABLE
SEGYNIMZMDF	NOT REPORTABLE
SEGYNIMZOPAQ	NOT REPORTABLE
SEGYNISFMZBK	REPORTABLE
SEGYNISHD	NOT REPORTABLE
SEGYNISKMZBK	NOT REPORTABLE
SEGYNITUMZBK	NOT REPORTABLE
SEGYNLEV	NOT REPORTABLE
SEGYNOSFAIL	NOT REPORTABLE
SEGYNPRM	NOT REPORTABLE
SEGYNSKP	NOT REPORTABLE
SEGYNVAC	NOT REPORTABLE
SEHDDSP	NOT REPORTABLE
SEIFDFA	REPORTABLE
SEIFSU	NOT REPORTABLE
SEIUEDE	NOT REPORTABLE
SEKNMZBK	REPORTABLE
SEKNPM	REPORTABLE
SELAIUDMGL	NOT REPORTABLE
SELAMSCS	NOT REPORTABLE
SELDSG	REPORTABLE
SELGVSDP	NOT REPORTABLE
SELGVSDPSTK	REPORTABLE
SELGVSMC	NOT REPORTABLE
SELGVSMCDOC	REPORTABLE
SELGVSMCUIC	REPORTABLE
SELGVSMZBK	NOT REPORTABLE
SELGVSOTOEI	REPORTABLE
SEMCDOC	NOT REPORTABLE
SEMCFF	NOT REPORTABLE
SEMCFLN	NOT REPORTABLE
SEMCLK	NOT REPORTABLE
SEMCNA	NOT REPORTABLE
SEMCRTC	REPORTABLE
SEMCSUCO	NOT REPORTABLE
SEMCSUIN	NOT REPORTABLE
SEMINIM	REPORTABLE
SEMINOR	NOT REPORTABLE
SEMISPRT	NOT REPORTABLE
SEMSCM	NOT REPORTABLE
SEMSDMS	NOT REPORTABLE
SEMSDOR	NOT REPORTABLE
SEMSDUS	NOT REPORTABLE
SEMSDVI	NOT REPORTABLE
SEMSINCP	NOT REPORTABLE
SEMSRECO	NOT REPORTABLE
SEMSTPK	NOT REPORTABLE
SEMSUDP	NOT REPORTABLE
SEMXUSH	NOT REPORTABLE
SEMXUSR	NOT REPORTABLE
SEMZBK	NOT REPORTABLE
SEMZMDF	NOT REPORTABLE
SEMZML	NOT REPORTABLE
SEMZMS	NOT REPORTABLE
SEMZMTW	NOT REPORTABLE
SEMZPL	NOT REPORTABLE
SENN	NOT REPORTABLE
SENNBRN	REPORTABLE
SEOFCBL	REPORTABLE
SEOTIE	NOT REPORTABLE
SEOTNVP	NOT REPORTABLE
SEOTOEI	REPORTABLE
SEP1MSCS	NOT REPORTABLE
SEP1MSDUS	NOT REPORTABLE
SEP1MSINCP	NOT REPORTABLE
SEPDHDPDI	NOT REPORTABLE
SEPMDAS	NOT REPORTABLE
SEPMFDS	NOT REPORTABLE
SEPMUEXR	NOT REPORTABLE
SEPOCN	NOT REPORTABLE
SEPRAE	NOT REPORTABLE
SERFSACNLIC	NOT REPORTABLE
SERFSAMSPDQ	NOT REPORTABLE
SERFSAMZMFR	NOT REPORTABLE
SERFSAMZMTF	REPORTABLE
SERFSAMZSM	NOT REPORTABLE
SERFSAOT	NOT REPORTABLE
SERFSAOTFNR	REPORTABLE
SERFSAOTFPR	REPORTABLE
SERFSAOTSCER	NOT REPORTABLE
SERFSAOTSRVC	NOT REPORTABLE
SERFSASSD	REPORTABLE
SES4SW	NOT REPORTABLE
SESONCPMPEL	NOT REPORTABLE
SESONCOTNDI	NOT REPORTABLE
SESONCTPSMK	NOT REPORTABLE
SETPFR	REPORTABLE
SETPOH	NOT REPORTABLE
SESONCJWC	NOT REPORTABLE
SESONCMZCR	NOT REPORTABLE
SESONCMZMDF	NOT REPORTABLE
SESONCMZPL	NOT REPORTABLE
SESONCMZMTW	NOT REPORTABLE
SESENSBTN	NOT REPORTABLE
SESHORT	NOT REPORTABLE
SESIBODSNR	NOT REPORTABLE
SESIBOHDRP	REPORTABLE
SESIBOMCNR	NOT REPORTABLE
SESONCJAWGR	NOT REPORTABLE
SESONCJAWDE	REPORTABLE
SESONCDS	NOT REPORTABLE
SESIBOMZNR	NOT REPORTABLE
SESONCCPB	NOT REPORTABLE
SEUNDPDACT	NOT REPORTABLE
SEUNIUMSI	NOT REPORTABLE
SEUNNN	REPORTABLE
SEUNRTRN	NOT REPORTABLE
SEVSMLT	REPORTABLE
SEVSSMK	REPORTABLE
SEXHEAT	NOT REPORTABLE
SEXLODD	REPORTABLE
SEXPPRD	NOT REPORTABLE
SEXTINC	REPORTABLE
SFALDEV	NOT REPORTABLE
SFIRPAR	REPORTABLE
SFIRSLW	NOT REPORTABLE
SFLDACL	NOT REPORTABLE
SFOROBJ	NOT REPORTABLE
SFRSINC	REPORTABLE
SFTSDA	REPORTABLE
SFTSDR	NOT REPORTABLE
SGEARSK	NOT REPORTABLE
SHARPI	REPORTABLE
SHFLOO	NOT REPORTABLE
SHKWTN	REPORTABLE
SHNDBIN	NOT REPORTABLE
SHNDBKN	NOT REPORTABLE
SHPWDG	NOT REPORTABLE
SHPWEJ	NOT REPORTABLE
SHTCSL	NOT REPORTABLE
SHTDAM	REPORTABLE
SIDRVPO	REPORTABLE
SIGDDNF	NOT REPORTABLE
SIGDNI	NOT REPORTABLE
SIGSPD	NOT REPORTABLE
SIGWIE	NOT REPORTABLE
SIMNF	REPORTABLE
SIMPDIS	NOT REPORTABLE
SIMSLP	REPORTABLE
SIMSTK	REPORTABLE
SINCIFU	NOT REPORTABLE
SINCNDQ	REPORTABLE
SINCOLR	NOT REPORTABLE
SINCORP	REPORTABLE
SINCQTY	NOT REPORTABLE
SINLENG	NOT REPORTABLE
SINSBKN	REPORTABLE
SINSBNT	NOT REPORTABLE
SINSDNF	REPORTABLE
SINSDNG	NOT REPORTABLE
SINSDNW	NOT REPORTABLE
SINSEDG	REPORTABLE
SINSFTW	NOT REPORTABLE
SINSMEL	REPORTABLE
SINSNOI	NOT REPORTABLE
SINSODR	NOT REPORTABLE
SINTFLR	REPORTABLE
SINTPRE	NOT REPORTABLE
SIRRCON	NOT REPORTABLE
SIRRDIS	NOT REPORTABLE
SIRRFAI	NOT REPORTABLE
SJAMMED	REPORTABLE
SJAWDAM	REPORTABLE
SJAWMIS	REPORTABLE
SJAWNCC	REPORTABLE
SJAWNCL	REPORTABLE
SJAWNCS	NOT REPORTABLE
SJAWNOC	NOT REPORTABLE
SJAWNOS	NOT REPORTABLE
SJAWNRC	NOT REPORTABLE
SJAWWNO	REPORTABLE
SKDNADV	NOT REPORTABLE
SKINBR	NOT REPORTABLE
SKNFBKN	REPORTABLE
SKNFDNAS	NOT REPORTABLE
SKNFDUL	NOT REPORTABLE
SKNFEXP	REPORTABLE
SKNOBBKN	NOT REPORTABLE
SKNTDTT	NOT REPORTABLE
SKNTSLP	REPORTABLE
SLABINC	NOT REPORTABLE
SLABMIS	NOT REPORTABLE
SLABMSG	NOT REPORTABLE
SLCAMC	REPORTABLE
SLCKLBK	NOT REPORTABLE
SLCSHAD	REPORTABLE
SLDBLT	NOT REPORTABLE
SLEAKSS	NOT REPORTABLE
SLEVEB	NOT REPORTABLE
SLEVET	NOT REPORTABLE
SLFTST	NOT REPORTABLE
SLGBUT	NOT REPORTABLE
SLGNTWK	NOT REPORTABLE
SLHKDNA	NOT REPORTABLE
SLHOOKX	NOT REPORTABLE
SLIMOVDU	NOT REPORTABLE
SLKLDNW	NOT REPORTABLE
SLOOPBKN	REPORTABLE
SLOSCAH	NOT REPORTABLE
SLPNEU	REPORTABLE
SLROOPN	NOT REPORTABLE
SLTSQRA	NOT REPORTABLE
SLTSQRH	NOT REPORTABLE
SLTSQRR	NOT REPORTABLE
SLTTEO	NOT REPORTABLE
SLUBEXC	NOT REPORTABLE
SLUDSG	REPORTABLE
SNDLBNT	NOT REPORTABLE
SNDLBKN	REPORTABLE
SNDLDET	REPORTABLE
SNDLDETNR	NOT REPORTABLE
SNDLDSG	REPORTABLE
SMOKE	NOT REPORTABLE
SMOKIN	NOT REPORTABLE
SMSHTRN	REPORTABLE
SNDLAPP	NOT REPORTABLE
SNARE	NOT REPORTABLE
SLVDAM	REPORTABLE
SMDIFAD	REPORTABLE
SMEDCRT	REPORTABLE
SMESHDEG	REPORTABLE
SMESHRK	REPORTABLE
SMOISTU	NOT REPORTABLE
SMNFLUSH	REPORTABLE
SMISFIR	REPORTABLE
SMIGRATE	REPORTABLE
SMISBARB	NOT REPORTABLE
SNDLDUL	NOT REPORTABLE
SNDLPRK	NOT REPORTABLE
SNDLPTP	NOT REPORTABLE
SNDLWRG	NOT REPORTABLE
SNOADFB	NOT REPORTABLE
SNOCAUT	NOT REPORTABLE
SNOCUTT	REPORTABLE
SNOEXPD	NOT REPORTABLE
SNOINST	NOT REPORTABLE
SNOIRRG	NOT REPORTABLE
SNOKNIF	NOT REPORTABLE
SNOLOTN	NOT REPORTABLE
SNONDLE	REPORTABLE
SNOREPT	NOT REPORTABLE
SNOSOLU	NOT REPORTABLE
SNOSUCT	NOT REPORTABLE
SNOTACFB	NOT REPORTABLE
SNOTCOM	NOT REPORTABLE
SOANVDFU	REPORTABLE
SOANVDNT	REPORTABLE
SOANVDTA	REPORTABLE
SONARLEAKS	NOT REPORTABLE
SONMACCY	NOT REPORTABLE
SONMALVTQ	NOT REPORTABLE
SONMBTCH	NOT REPORTABLE
SONMCOMM	NOT REPORTABLE
SONMCONAL	NOT REPORTABLE
SONMCONIS	NOT REPORTABLE
SONMCOSDM	NOT REPORTABLE
SONMCSFDBK	NOT REPORTABLE
SONMDAM	NOT REPORTABLE
SONMDISC	NOT REPORTABLE
SONMDISEC	NOT REPORTABLE
SONMFCAL	NOT REPORTABLE
SONMFOMT	NOT REPORTABLE
SONMFOOB	NOT REPORTABLE
SONMFTDIS	NOT REPORTABLE
SONMFTKP	NOT REPORTABLE
SONMLABINC	NOT REPORTABLE
SONMLMHW	NOT REPORTABLE
SONMNACP	NOT REPORTABLE
SONMOCC	NOT REPORTABLE
SONMPACDM	NOT REPORTABLE
SONMSENSF	NOT REPORTABLE
SONMSWIS	NOT REPORTABLE
SONMSWRES	NOT REPORTABLE
SONMSYSCK	NOT REPORTABLE
SONMTOUNX	NOT REPORTABLE
SONMUNKIS	NOT REPORTABLE
SONMWOPOF	NOT REPORTABLE
SONMWOST	NOT REPORTABLE
SOPBWND	NOT REPORTABLE
SORADRT	REPORTABLE
SORTIME	REPORTABLE
SORVILDSG	REPORTABLE
SOSJWNC	NOT REPORTABLE
SPARCUT	REPORTABLE
SPARKS	REPORTABLE
SPATMAT	NOT REPORTABLE
SPFORB	NOT REPORTABLE
SPGRBKN	NOT REPORTABLE
SPHATC	NOT REPORTABLE
SPHBER	NOT REPORTABLE
SPHBUP	NOT REPORTABLE
SPHCON	NOT REPORTABLE
SPHDNF	REPORTABLE
SPHDNS	NOT REPORTABLE
SPHNCH	NOT REPORTABLE
SPHNER	NOT REPORTABLE
SPHREDT	NOT REPORTABLE
SPHSHO	REPORTABLE
SPHYSL	NOT REPORTABLE
SPKGAPP	NOT REPORTABLE
SPKGDAM	NOT REPORTABLE
SPKGEMP	NOT REPORTABLE
SPKGINC	NOT REPORTABLE
SPKGSBK	NOT REPORTABLE
SPNFIR	REPORTABLE
SPORMIS	NOT REPORTABLE
SPRDDAM	NOT REPORTABLE
SPRDSHV	REPORTABLE
SPREEOL	NOT REPORTABLE
SPRFLOF	REPORTABLE
SPRMFMD	NOT REPORTABLE
SPTPDIS	REPORTABLE
SPTSLPK	NOT REPORTABLE
SPTSMIS	NOT REPORTABLE
SPWHANR	NOT REPORTABLE
SPWSHNR	NOT REPORTABLE
SPWUNKER	NOT REPORTABLE
SPWUNKNR	NOT REPORTABLE
SQCNDSG	NOT REPORTABLE
SRASADJ	REPORTABLE
SRASASJ	REPORTABLE
SRDFLOD	REPORTABLE
SREDLED	NOT REPORTABLE
SRELDIC	NOT REPORTABLE
SRELDNR	NOT REPORTABLE
SRELISS	NOT REPORTABLE
SRELYSL	NOT REPORTABLE
SRETPBK	REPORTABLE
SRETPMA	NOT REPORTABLE
SRGHCUT	NOT REPORTABLE
SRKBRKN	REPORTABLE
SRLABEL	REPORTABLE
SRLLOOS	NOT REPORTABLE
SROTINS	NOT REPORTABLE
SRPDLPN	REPORTABLE
SRTNBKN	REPORTABLE
SRUNLOD	NOT REPORTABLE
SSBNSTK	NOT REPORTABLE
SSCDNE	NOT REPORTABLE
SSCDULL	NOT REPORTABLE
SSCKBKN	NOT REPORTABLE
SSCMIS	NOT REPORTABLE
SSCPVNC	NOT REPORTABLE
SSDBLI	NOT REPORTABLE
SSEALDMG	REPORTABLE
SSEDAAS	NOT REPORTABLE
SSELDSG	REPORTABLE
SSENSDIMDIAM	NOT REPORTABLE
SSFTSDA	REPORTABLE
SSFTSDR	NOT REPORTABLE
SSHBKN	NOT REPORTABLE
SSHFLOO	NOT REPORTABLE
SSHKWTN	REPORTABLE
SSHPWDG	NOT REPORTABLE
SSHPWEJ	NOT REPORTABLE
SSHTCSL	NOT REPORTABLE
SSHTDAM	REPORTABLE
SSIBKN	NOT REPORTABLE
SSIDNF	NOT REPORTABLE
SSIGDNI	NOT REPORTABLE
SSIGRBB	NOT REPORTABLE
SSIGSPD	NOT REPORTABLE
SSIGWIE	NOT REPORTABLE
SSJAMM	NOT REPORTABLE
SSLDBLT	NOT REPORTABLE
SSLFTST	NOT REPORTABLE
SSLGBUT	NOT REPORTABLE
SSLUDSG	REPORTABLE
SSLVDAM	REPORTABLE
SSMISA	NOT REPORTABLE
SSMOKIN	NOT REPORTABLE
SSPARKS	REPORTABLE
SSPFORB	NOT REPORTABLE
SSPGRBKN	NOT REPORTABLE
SSPHATC	NOT REPORTABLE
SSPHBER	NOT REPORTABLE
SSPHBUP	NOT REPORTABLE
SSPHCON	NOT REPORTABLE
SSPHDNF	REPORTABLE
SSPHDNS	NOT REPORTABLE
SSPHNCH	NOT REPORTABLE
SSPHNER	NOT REPORTABLE
SSPHSHO	REPORTABLE
SSPHYSL	NOT REPORTABLE
SSPNFIR	REPORTABLE
SSSDBLI	NOT REPORTABLE
SSSDND	NOT REPORTABLE
SSSFRM	NOT REPORTABLE
SSSHBKN	NOT REPORTABLE
SSSHUP	NOT REPORTABLE
SSSIBKN	NOT REPORTABLE
SSSIDNF	NOT REPORTABLE
SSSJAMM	NOT REPORTABLE
SSSMISA	NOT REPORTABLE
SSSSDND	NOT REPORTABLE
SSSSFRM	NOT REPORTABLE
SSSSHUP	NOT REPORTABLE
SSSURSE	NOT REPORTABLE
SSTPAIR	REPORTABLE
SSTPBKN	REPORTABLE
SSTPBLD	REPORTABLE
SSTPCNT	REPORTABLE
SSTPDND	REPORTABLE
SSTPDNH	REPORTABLE
SSTPFRM	REPORTABLE
SSTPHUP	REPORTABLE
SSTPLIN	REPORTABLE
SSTPMIS	REPORTABLE
SSTPNLP	NOT REPORTABLE
SSTPPEN	REPORTABLE
SSTPPRE	NOT REPORTABLE
SSTPREC	NOT REPORTABLE
SSTRBKN	NOT REPORTABLE
SSTRBRC	NOT REPORTABLE
SSUTINC	NOT REPORTABLE
SSUTHUP	REPORTABLE
SSUTKNT	NOT REPORTABLE
SSUTNFS	NOT REPORTABLE
SSUTREM	NOT REPORTABLE
SSUTDNH	REPORTABLE
SSUTDNR	NOT REPORTABLE
SSUTDSG	NOT REPORTABLE
SSUTFRD	NOT REPORTABLE
SSUTDTR	REPORTABLE
SSTRQUE	NOT REPORTABLE
SSTYDNA	NOT REPORTABLE
SSTYDNR	NOT REPORTABLE
SSUREAC	REPORTABLE
SSURINT	REPORTABLE
SSUTCRK	NOT REPORTABLE
SSUTBKN	REPORTABLE
SSUTAPP	NOT REPORTABLE
SSUSMAS	REPORTABLE
SSUTABS	REPORTABLE
SSUTSPT	REPORTABLE
SSUTTLO	REPORTABLE
SSUTTTG	REPORTABLE
SSVISL	REPORTABLE
SSWEJDIS	NOT REPORTABLE
STACDNH	REPORTABLE
STACPEN	REPORTABLE
STBDKBA	REPORTABLE
STCCINC	NOT REPORTABLE
STCKDNF	NOT REPORTABLE
STCLCBD	NOT REPORTABLE
STEFLON	NOT REPORTABLE
STEMDBL	NOT REPORTABLE
STERLI	REPORTABLE
STFIC	REPORTABLE
STISEXT	REPORTABLE
STISHUP	REPORTABLE
STISLOK	REPORTABLE
STISLOS	REPORTABLE
STISTRA	REPORTABLE
STISTRN	REPORTABLE
STORD	NOT REPORTABLE
STPAIR	REPORTABLE
STPBKN	REPORTABLE
STPBLD	REPORTABLE
STPCNT	REPORTABLE
STPDND	REPORTABLE
STPDNH	REPORTABLE
STPFRM	REPORTABLE
STPHUP	REPORTABLE
STPLAF	REPORTABLE
STPLCT	REPORTABLE
STPLDE	REPORTABLE
STPLIF	REPORTABLE
STPLIN	REPORTABLE
STPLNF	REPORTABLE
STPLRE	NOT REPORTABLE
STPMIS	REPORTABLE
STPNLP	NOT REPORTABLE
STPPEN	REPORTABLE
STPPRE	NOT REPORTABLE
STPREC	NOT REPORTABLE
STRBKN	NOT REPORTABLE
STRBRC	NOT REPORTABLE
STRCDAM	REPORTABLE
STRCWNL	REPORTABLE
STRINDF	NOT REPORTABLE
STRQUE	NOT REPORTABLE
STRSDNR	NOT REPORTABLE
STRSFDF	NOT REPORTABLE
STRSFRG	NOT REPORTABLE
STRSMIA	NOT REPORTABLE
STRSRLP	NOT REPORTABLE
STRSSNS	NOT REPORTABLE
STRSTRN	NOT REPORTABLE
STUBBKN	NOT REPORTABLE
STUBDSG	NOT REPORTABLE
STUBNSEC	NOT REPORTABLE
STUPFLR	NOT REPORTABLE
STYDNA	NOT REPORTABLE
STYDNR	NOT REPORTABLE
SUNACAL	NOT REPORTABLE
SUNATSA	NOT REPORTABLE
SUNCART	REPORTABLE
SUNCCLS	REPORTABLE
SUNCLAM	NOT REPORTABLE
SUNCROT	REPORTABLE
SUNENTFM	NOT REPORTABLE
SUNRADP	NOT REPORTABLE
SUNRELATED	NOT REPORTABLE
SUNSUDI	NOT REPORTABLE
SUNTCPS	REPORTABLE
SUNTOPS	NOT REPORTABLE
SURBLAD	REPORTABLE
SUREAC	REPORTABLE
SURINT	REPORTABLE
SUSBBKN	NOT REPORTABLE
SUSCTIN	NOT REPORTABLE
SUSLUIN	NOT REPORTABLE
SUSPSIN	NOT REPORTABLE
SUSREDE	NOT REPORTABLE
SUTABS	REPORTABLE
SUTAPP	NOT REPORTABLE
SUTBKN	REPORTABLE
SUTCRK	NOT REPORTABLE
SUTDNH	REPORTABLE
SUTDNR	NOT REPORTABLE
SUTDSG	NOT REPORTABLE
SUTDTR	REPORTABLE
SUTFRD	NOT REPORTABLE
SUTHUP	REPORTABLE
SUTINC	NOT REPORTABLE
SUTKNT	NOT REPORTABLE
SUTNFS	NOT REPORTABLE
SUTREB	REPORTABLE
SUTRED	REPORTABLE
SUTREM	NOT REPORTABLE
SUTSPT	REPORTABLE
SUTTLO	REPORTABLE
SUTTTG	REPORTABLE
SVRSUT	REPORTABLE
SVSTDEG	NOT REPORTABLE
SWEJDIS	NOT REPORTABLE
SWINROT	NOT REPORTABLE
TCKDNF	NOT REPORTABLE
TCCINC	NOT REPORTABLE
TDAPPM	NOT REPORTABLE
TEFLON	NOT REPORTABLE
TEMDBL	NOT REPORTABLE
SYSNTF	REPORTABLE
SYSPFL	REPORTABLE
TACDNH	REPORTABLE
TBDKBA	REPORTABLE
TACPEN	REPORTABLE
SWIPBKN	REPORTABLE
SWNGNBK	NOT REPORTABLE
SWRGPDKT	NOT REPORTABLE
SWRGPRD	NOT REPORTABLE
SWRKFLW	NOT REPORTABLE
SYSFPA	REPORTABLE
SYSFIR	REPORTABLE
SYSBED	NOT REPORTABLE
SYCLPT	REPORTABLE
SYPWBU	NOT REPORTABLE
TISDOCA	REPORTABLE
TISEXT	REPORTABLE
TISHUP	REPORTABLE
TISINV	REPORTABLE
TISLOK	REPORTABLE
TISLOS	REPORTABLE
TISTRA	REPORTABLE
TISTRN	REPORTABLE
TRANSD	NOT REPORTABLE
TRCDAM	REPORTABLE
TRCWNL	REPORTABLE
TRINDF	NOT REPORTABLE
TRNSTO	REPORTABLE
TRSDNR	NOT REPORTABLE
TRSFDF	NOT REPORTABLE
TRSFRG	NOT REPORTABLE
TRSMIA	NOT REPORTABLE
TRSRLP	NOT REPORTABLE
TRSSNS	NOT REPORTABLE
TRSTRN	NOT REPORTABLE
TSIMNW	NOT REPORTABLE
TSIMUF	NOT REPORTABLE
TSOH	NOT REPORTABLE
TSPP	NOT REPORTABLE
TUBBKN	NOT REPORTABLE
TUBDSG	NOT REPORTABLE
TUBNSEC	NOT REPORTABLE
TWRENT	NOT REPORTABLE
TWROH	NOT REPORTABLE
TWRORT	REPORTABLE
UEXLSB	REPORTABLE
UNACAL	NOT REPORTABLE
UNATSA	NOT REPORTABLE
UNCART	REPORTABLE
UNCCLS	REPORTABLE
UNCLAM	NOT REPORTABLE
UNCROT	REPORTABLE
UNELTR	REPORTABLE
UNENTFM	NOT REPORTABLE
UNOPRE	REPORTABLE
UNRADP	NOT REPORTABLE
UNSUDI	NOT REPORTABLE
UNTCPS	REPORTABLE
UNTOPS	NOT REPORTABLE
UPSNW	NOT REPORTABLE
URBLAD	REPORTABLE
USBBKN	NOT REPORTABLE
USCTIN	NOT REPORTABLE
USFRDE	REPORTABLE
USLUIN	NOT REPORTABLE
USPSIN	NOT REPORTABLE
USREDE	NOT REPORTABLE
V1500ALDFDEM	NOT REPORTABLE
V1500ALPMAUD	NOT REPORTABLE
V1500ALPMAV	REPORTABLE
V1500ALPMCOA	NOT REPORTABLE
V1500ALPMIA	NOT REPORTABLE
V1500ALPMRAS	NOT REPORTABLE
V1500BCELFCH	NOT REPORTABLE
V1500BRDFDEM	NOT REPORTABLE
V1500BRPMBL	NOT REPORTABLE
V1500BRPMDC	NOT REPORTABLE
V1500BSMCPOS	NOT REPORTABLE
V1500BSMCSTR	NOT REPORTABLE
V1500BTELBT	NOT REPORTABLE
V1500BTELBTE	NOT REPORTABLE
V1500C4SWDRS	NOT REPORTABLE
V1500DCDFDCA	NOT REPORTABLE
V1500DCMCDCA	NOT REPORTABLE
V1500DIOTER	NOT REPORTABLE
V1500ERMCDSL	NOT REPORTABLE
V1500FLEL	NOT REPORTABLE
V1500GSDFDEM	NOT REPORTABLE
V1500GSDFIVS	NOT REPORTABLE
V1500GSELFLO	NOT REPORTABLE
V1500GSELPR	NOT REPORTABLE
V1500GSICCAI	NOT REPORTABLE
V1500GSMCAS	NOT REPORTABLE
V1500GSMCDCA	NOT REPORTABLE
V1500GSPMFSN	NOT REPORTABLE
V1500GSPMOSP	NOT REPORTABLE
V1500KPELDSN	NOT REPORTABLE
V1500LAIU	NOT REPORTABLE
V1500MEELDAT	NOT REPORTABLE
V1500OSELIVS	NOT REPORTABLE
V1500P1MSPKG	NOT REPORTABLE
V1500PZDFDSI	NOT REPORTABLE
V1500PZELPS	NOT REPORTABLE
V1500PZEPFP	NOT REPORTABLE
V1500PZEPFPO	NOT REPORTABLE
V1500SNELPXS	NOT REPORTABLE
V1500TNELIVS	NOT REPORTABLE
V1500V1MCDCA	NOT REPORTABLE
V1500V2CBFCB	NOT REPORTABLE
V1500V2CNCMT	NOT REPORTABLE
V1500V2CNLIC	NOT REPORTABLE
V1500V2DF	NOT REPORTABLE
V1500V2DFDAT	NOT REPORTABLE
V1500V2DFDEM	NOT REPORTABLE
V1500V2DFFM	NOT REPORTABLE
V1500V2DMMNM	NOT REPORTABLE
V1500V2ELFLO	NOT REPORTABLE
V1500V2FSFDS	NOT REPORTABLE
V1500V2FSPST	NOT REPORTABLE
V1500V2MCFCY	REPORTABLE
V1500V2MCNA	NOT REPORTABLE
V1500V2MSDFC	NOT REPORTABLE
V1500V2MSFOB	NOT REPORTABLE
V1500V2MSPDQ	NOT REPORTABLE
V1500V2PMRST	NOT REPORTABLE
V1500V2SWDAT	NOT REPORTABLE
V1500V2TPBRN	REPORTABLE
V1500VSPMFS	REPORTABLE
V1675ALDFDEM	NOT REPORTABLE
V1675ALPMAUD	NOT REPORTABLE
V1675ALPMAV	REPORTABLE
V1675ALPMCOA	NOT REPORTABLE
V1675ALPMIA	NOT REPORTABLE
V1675ALPMRAS	NOT REPORTABLE
V1675BCELFCH	NOT REPORTABLE
V1675BRDFDEM	NOT REPORTABLE
V1675BRPMBL	NOT REPORTABLE
V1675BRPMDC	NOT REPORTABLE
V1675BSMCPOS	NOT REPORTABLE
V1675BSMCSTR	NOT REPORTABLE
V1675BTELBT	NOT REPORTABLE
V1675BTELBTE	NOT REPORTABLE
V1675C4SWDRS	NOT REPORTABLE
V1675DCDFDCA	NOT REPORTABLE
V1675DCMCDCA	NOT REPORTABLE
V1675DIOTER	NOT REPORTABLE
V1675ERMCDSL	NOT REPORTABLE
V1675FLEL	NOT REPORTABLE
V1675GSDFDEM	NOT REPORTABLE
V1675GSDFIVS	NOT REPORTABLE
V1675GSELFLO	NOT REPORTABLE
V1675GSELPR	NOT REPORTABLE
V1675GSICCAI	NOT REPORTABLE
V1675GSMCAS	NOT REPORTABLE
V1675GSMCDCA	NOT REPORTABLE
V1675GSPMFSN	NOT REPORTABLE
V1675GSPMOSP	NOT REPORTABLE
V1675KPELDSN	NOT REPORTABLE
V1675LAIU	NOT REPORTABLE
V1675MEELDAT	NOT REPORTABLE
V1675OSELIVS	NOT REPORTABLE
V1675P1MSPKG	NOT REPORTABLE
V1675PZDFDSI	NOT REPORTABLE
V1675PZELPS	NOT REPORTABLE
V1675PZEPFP	NOT REPORTABLE
V1675PZEPFPO	NOT REPORTABLE
V1675SNELPXS	NOT REPORTABLE
V1675TNELIVS	NOT REPORTABLE
V1675V1MCDCA	NOT REPORTABLE
V1675V2CBFCB	NOT REPORTABLE
V1675V2CNCMT	NOT REPORTABLE
V1675V2CNLIC	NOT REPORTABLE
V1675V2DF	NOT REPORTABLE
V1675V2DFDAT	NOT REPORTABLE
V1675V2DFDEM	NOT REPORTABLE
V1675V2DFFM	NOT REPORTABLE
V1675V2DMMNM	NOT REPORTABLE
V1675V2ELFLO	NOT REPORTABLE
V1675V2FSFDS	NOT REPORTABLE
V1675V2FSPST	NOT REPORTABLE
V1675V2MCFCY	REPORTABLE
V1675V2MCNA	NOT REPORTABLE
V1675V2MSDFC	NOT REPORTABLE
V1675V2MSFOB	NOT REPORTABLE
V1675V2MSPDQ	NOT REPORTABLE
V1675V2PMRST	NOT REPORTABLE
V1675V2SWDAT	NOT REPORTABLE
V1675V2TPBRN	REPORTABLE
V1675VSPMFS	REPORTABLE
V1676ALDFDEM	NOT REPORTABLE
V1676ALPMAUD	NOT REPORTABLE
V1676ALPMAV	REPORTABLE
V1676ALPMCOA	NOT REPORTABLE
V1676ALPMIA	NOT REPORTABLE
V1676ALPMRAS	NOT REPORTABLE
V1676BCELFCH	NOT REPORTABLE
V1676BRDFDEM	NOT REPORTABLE
V1676BRPMBL	NOT REPORTABLE
V1676BRPMDC	NOT REPORTABLE
V1676BSMCPOS	NOT REPORTABLE
V1676BSMCSTR	NOT REPORTABLE
V1676BTELBT	NOT REPORTABLE
V1676KPELDSN	NOT REPORTABLE
V1676GSPMOSP	NOT REPORTABLE
V1676LAIU	NOT REPORTABLE
V1676MEELDAT	NOT REPORTABLE
V1676OSELIVS	NOT REPORTABLE
V1676GSELPR	NOT REPORTABLE
V1676GSICCAI	NOT REPORTABLE
V1676GSMCAS	NOT REPORTABLE
V1676GSPMFSN	NOT REPORTABLE
V1676GSMCDCA	NOT REPORTABLE
V1676BTELBTE	NOT REPORTABLE
V1676C4SWDRS	NOT REPORTABLE
V1676DCDFDCA	NOT REPORTABLE
V1676DCMCDCA	NOT REPORTABLE
V1676DIOTER	NOT REPORTABLE
V1676GSELFLO	NOT REPORTABLE
V1676GSDFIVS	NOT REPORTABLE
V1676GSDFDEM	NOT REPORTABLE
V1676ERMCDSL	NOT REPORTABLE
V1676FLEL	NOT REPORTABLE
V1676P1MSPKG	NOT REPORTABLE
V1676PZDFDSI	NOT REPORTABLE
V1676PZELPS	NOT REPORTABLE
V1676PZEPFP	NOT REPORTABLE
V1676PZEPFPO	NOT REPORTABLE
V1676SNELPXS	NOT REPORTABLE
V1676TNELIVS	NOT REPORTABLE
V1676V1MCDCA	NOT REPORTABLE
V1676V2CBFCB	NOT REPORTABLE
V1676V2CNCMT	NOT REPORTABLE
V1676V2CNLIC	NOT REPORTABLE
V1676V2DF	NOT REPORTABLE
V1676V2DFDAT	NOT REPORTABLE
V1676V2DFDEM	NOT REPORTABLE
V1676V2DFFM	NOT REPORTABLE
V1676V2DMMNM	NOT REPORTABLE
V1676V2ELFLO	NOT REPORTABLE
V1676V2FSFDS	NOT REPORTABLE
V1676V2FSPST	NOT REPORTABLE
V1676V2MCFCY	REPORTABLE
V1676V2MCNA	NOT REPORTABLE
V1676V2MSDFC	NOT REPORTABLE
V1676V2MSFOB	NOT REPORTABLE
V1676V2MSPDQ	NOT REPORTABLE
V1676V2PMRST	NOT REPORTABLE
V1676V2SWDAT	NOT REPORTABLE
V1676V2TPBRN	REPORTABLE
V1676VSPMFS	REPORTABLE
V1716ALDFDEM	NOT REPORTABLE
V1716ALPMAUD	NOT REPORTABLE
V1716ALPMAV	REPORTABLE
V1716ALPMCOA	NOT REPORTABLE
V1716ALPMIA	NOT REPORTABLE
V1716ALPMRAS	NOT REPORTABLE
V1716BCELFCH	NOT REPORTABLE
V1716BRDFDEM	NOT REPORTABLE
V1716BRPMBL	NOT REPORTABLE
V1716BRPMDC	NOT REPORTABLE
V1716BSMCPOS	NOT REPORTABLE
V1716BSMCSTR	NOT REPORTABLE
V1716BTELBT	NOT REPORTABLE
V1716BTELBTE	NOT REPORTABLE
V1716C4SWDRS	NOT REPORTABLE
V1716DCDFDCA	NOT REPORTABLE
V1716DCMCDCA	NOT REPORTABLE
V1716DIOTER	NOT REPORTABLE
V1716ERMCDSL	NOT REPORTABLE
V1716FLEL	NOT REPORTABLE
V1716GSDFDEM	NOT REPORTABLE
V1716GSDFIVS	NOT REPORTABLE
V1716GSELFLO	NOT REPORTABLE
V1716GSELPR	NOT REPORTABLE
V1716GSICCAI	NOT REPORTABLE
V1716GSMCAS	NOT REPORTABLE
V1716GSMCDCA	NOT REPORTABLE
V1716GSPMFSN	NOT REPORTABLE
V1716GSPMOSP	NOT REPORTABLE
V1716KPELDSN	NOT REPORTABLE
V1716LAIU	NOT REPORTABLE
V1716MEELDAT	NOT REPORTABLE
V1716OSELIVS	NOT REPORTABLE
V1716P1MSPKG	NOT REPORTABLE
V1716PZDFDSI	NOT REPORTABLE
V1716PZELPS	NOT REPORTABLE
V1716PZEPFP	NOT REPORTABLE
V1716PZEPFPO	NOT REPORTABLE
V1716SNELPXS	NOT REPORTABLE
V1716TNELIVS	NOT REPORTABLE
V1716V1MCDCA	NOT REPORTABLE
V1716V2CBFCB	NOT REPORTABLE
V1716V2CNCMT	NOT REPORTABLE
V1716V2CNLIC	NOT REPORTABLE
V1716V2DF	NOT REPORTABLE
V1716V2DFDAT	NOT REPORTABLE
V1716V2DFDEM	NOT REPORTABLE
V1716V2DFFM	NOT REPORTABLE
V1716V2DMMNM	NOT REPORTABLE
V1716V2ELFLO	NOT REPORTABLE
V1716V2FSFDS	NOT REPORTABLE
V1716V2FSPST	NOT REPORTABLE
V1716V2MCFCY	REPORTABLE
V1716V2MCNA	NOT REPORTABLE
V1716V2MSDFC	NOT REPORTABLE
V1716V2MSFOB	NOT REPORTABLE
V1716V2MSPDQ	NOT REPORTABLE
V1716V2PMRST	NOT REPORTABLE
V1716V2SWDAT	NOT REPORTABLE
V1716V2TPBRN	REPORTABLE
V1716VSPMFS	REPORTABLE
V1717ALDFDEM	NOT REPORTABLE
V1717ALPMAUD	NOT REPORTABLE
V1717ALPMAV	REPORTABLE
V1717ALPMCOA	NOT REPORTABLE
V1717ALPMIA	NOT REPORTABLE
V1717ALPMRAS	NOT REPORTABLE
V1717BCELFCH	NOT REPORTABLE
V1717BRDFDEM	NOT REPORTABLE
V1717BRPMBL	NOT REPORTABLE
V1717BRPMDC	NOT REPORTABLE
V1717BSMCPOS	NOT REPORTABLE
V1717BSMCSTR	NOT REPORTABLE
V1717BTELBT	NOT REPORTABLE
V1717BTELBTE	NOT REPORTABLE
V1717C4SWDRS	NOT REPORTABLE
V1717MEELDAT	NOT REPORTABLE
V1717LAIU	NOT REPORTABLE
V1717OSELIVS	NOT REPORTABLE
V1717P1MSPKG	NOT REPORTABLE
V1717PZDFDSI	NOT REPORTABLE
V1717GSMCAS	NOT REPORTABLE
V1717GSMCDCA	NOT REPORTABLE
V1717GSPMFSN	NOT REPORTABLE
V1717KPELDSN	NOT REPORTABLE
V1717GSPMOSP	NOT REPORTABLE
V1717DCDFDCA	NOT REPORTABLE
V1717DCMCDCA	NOT REPORTABLE
V1717DIOTER	NOT REPORTABLE
V1717ERMCDSL	NOT REPORTABLE
V1717FLEL	NOT REPORTABLE
V1717GSICCAI	NOT REPORTABLE
V1717GSELPR	NOT REPORTABLE
V1717GSELFLO	NOT REPORTABLE
V1717GSDFDEM	NOT REPORTABLE
V1717GSDFIVS	NOT REPORTABLE
V1717PZELPS	NOT REPORTABLE
V1717PZEPFP	NOT REPORTABLE
V1717PZEPFPO	NOT REPORTABLE
V1717SNELPXS	NOT REPORTABLE
V1717TNELIVS	NOT REPORTABLE
V1717V1MCDCA	NOT REPORTABLE
V1717V2CBFCB	NOT REPORTABLE
V1717V2CNCMT	NOT REPORTABLE
V1717V2CNLIC	NOT REPORTABLE
V1717V2DF	NOT REPORTABLE
V1717V2DFDAT	NOT REPORTABLE
V1717V2DFDEM	NOT REPORTABLE
V1717V2DFFM	NOT REPORTABLE
V1717V2DMMNM	NOT REPORTABLE
V1717V2ELFLO	NOT REPORTABLE
V1717V2FSFDS	NOT REPORTABLE
V1717V2FSPST	NOT REPORTABLE
V1717V2MCFCY	REPORTABLE
V1717V2MCNA	NOT REPORTABLE
V1717V2MSDFC	NOT REPORTABLE
V1717V2MSFOB	NOT REPORTABLE
V1717V2MSPDQ	NOT REPORTABLE
V1717V2PMRST	NOT REPORTABLE
V1717V2SWDAT	NOT REPORTABLE
V1717V2TPBRN	REPORTABLE
V1717VSPMFS	REPORTABLE
V1718ALDFDEM	NOT REPORTABLE
V1718ALPMAUD	NOT REPORTABLE
V1718ALPMAV	REPORTABLE
V1718ALPMCOA	NOT REPORTABLE
V1718ALPMIA	NOT REPORTABLE
V1718ALPMRAS	NOT REPORTABLE
V1718BCELFCH	NOT REPORTABLE
V1718BRDFDEM	NOT REPORTABLE
V1718BRPMBL	NOT REPORTABLE
V1718BRPMDC	NOT REPORTABLE
V1718BSMCPOS	NOT REPORTABLE
V1718BSMCSTR	NOT REPORTABLE
V1718BTELBT	NOT REPORTABLE
V1718BTELBTE	NOT REPORTABLE
V1718C4SWDRS	NOT REPORTABLE
V1718DCDFDCA	NOT REPORTABLE
V1718DCMCDCA	NOT REPORTABLE
V1718DIOTER	NOT REPORTABLE
V1718ERMCDSL	NOT REPORTABLE
V1718FLEL	NOT REPORTABLE
V1718GSDFDEM	NOT REPORTABLE
V1718GSDFIVS	NOT REPORTABLE
V1718GSELFLO	NOT REPORTABLE
V1718GSELPR	NOT REPORTABLE
V1718GSICCAI	NOT REPORTABLE
V1718GSMCAS	NOT REPORTABLE
V1718GSMCDCA	NOT REPORTABLE
V1718GSPMFSN	NOT REPORTABLE
V1718GSPMOSP	NOT REPORTABLE
V1718KPELDSN	NOT REPORTABLE
V1718LAIU	NOT REPORTABLE
V1718MEELDAT	NOT REPORTABLE
V1718OSELIVS	NOT REPORTABLE
V1718P1MSPKG	NOT REPORTABLE
V1718PZDFDSI	NOT REPORTABLE
V1718PZELPS	NOT REPORTABLE
V1718PZEPFP	NOT REPORTABLE
V1718PZEPFPO	NOT REPORTABLE
V1718SNELPXS	NOT REPORTABLE
V1718TNELIVS	NOT REPORTABLE
V1718V1MCDCA	NOT REPORTABLE
V1718V2CBFCB	NOT REPORTABLE
V1718V2CNCMT	NOT REPORTABLE
V1718V2CNLIC	NOT REPORTABLE
V1718V2DF	NOT REPORTABLE
V1718V2DFDAT	NOT REPORTABLE
V1718V2DFDEM	NOT REPORTABLE
V1718V2DFFM	NOT REPORTABLE
V1718V2DMMNM	NOT REPORTABLE
V1718V2ELFLO	NOT REPORTABLE
V1718V2FSFDS	NOT REPORTABLE
V1718V2FSPST	NOT REPORTABLE
V1718V2MCFCY	REPORTABLE
V1718V2MCNA	NOT REPORTABLE
V1718V2MSDFC	NOT REPORTABLE
V1718V2MSFOB	NOT REPORTABLE
V1718V2MSPDQ	NOT REPORTABLE
V1718V2PMRST	NOT REPORTABLE
V1718V2SWDAT	NOT REPORTABLE
V1718V2TPBRN	REPORTABLE
V1718VSPMFS	REPORTABLE
V1824ALDFDEM	NOT REPORTABLE
V1824ALPMAUD	NOT REPORTABLE
V1824ALPMAV	REPORTABLE
V1824ALPMCOA	NOT REPORTABLE
V1824ALPMIA	NOT REPORTABLE
V1824ALPMRAS	NOT REPORTABLE
V1824BCELFCH	NOT REPORTABLE
V1824BRDFDEM	NOT REPORTABLE
V1824BRPMBL	NOT REPORTABLE
V1824BRPMDC	NOT REPORTABLE
V1824BSMCPOS	NOT REPORTABLE
V1824BSMCSTR	NOT REPORTABLE
V1824BTELBT	NOT REPORTABLE
V1824BTELBTE	NOT REPORTABLE
V1824C4SWDRS	NOT REPORTABLE
V1824DCDFDCA	NOT REPORTABLE
V1824DCMCDCA	NOT REPORTABLE
V1824DIOTER	NOT REPORTABLE
V1824ERMCDSL	NOT REPORTABLE
V1824FLEL	NOT REPORTABLE
V1824GSDFDEM	NOT REPORTABLE
V1824GSDFIVS	NOT REPORTABLE
V1824GSELFLO	NOT REPORTABLE
V1824GSELPR	NOT REPORTABLE
V1824GSICCAI	NOT REPORTABLE
V1824GSMCAS	NOT REPORTABLE
V1824GSMCDCA	NOT REPORTABLE
V1824GSPMFSN	NOT REPORTABLE
V1824GSPMOSP	NOT REPORTABLE
V1824KPELDSN	NOT REPORTABLE
V1824LAIU	NOT REPORTABLE
V1824MEELDAT	NOT REPORTABLE
V1824OSELIVS	NOT REPORTABLE
V1824P1MSPKG	NOT REPORTABLE
V1824PZDFDSI	NOT REPORTABLE
V1824PZELPS	NOT REPORTABLE
V1824PZEPFP	NOT REPORTABLE
V1824PZEPFPO	NOT REPORTABLE
V1824SNELPXS	NOT REPORTABLE
V1824TNELIVS	NOT REPORTABLE
V1824V1MCDCA	NOT REPORTABLE
V1824V2CBFCB	NOT REPORTABLE
V1824V2CNCMT	NOT REPORTABLE
V1824V2CNLIC	NOT REPORTABLE
V1824V2DF	NOT REPORTABLE
V1824V2DFDAT	NOT REPORTABLE
V1824V2DFDEM	NOT REPORTABLE
V1824V2DFFM	NOT REPORTABLE
V1824V2DMMNM	NOT REPORTABLE
V1824V2ELFLO	NOT REPORTABLE
V1824V2FSFDS	NOT REPORTABLE
V1824V2FSPST	NOT REPORTABLE
V1824V2MCFCY	REPORTABLE
V1824V2MCNA	NOT REPORTABLE
V1824V2MSDFC	NOT REPORTABLE
V1824V2MSFOB	NOT REPORTABLE
V1824V2MSPDQ	NOT REPORTABLE
V1824V2PMRST	NOT REPORTABLE
V1824V2SWDAT	NOT REPORTABLE
V1824V2TPBRN	REPORTABLE
V1824VSPMFS	REPORTABLE
V3064ALDFDEM	NOT REPORTABLE
V3064ALPMAUD	NOT REPORTABLE
V3064ALPMAV	REPORTABLE
V3064ALPMCOA	NOT REPORTABLE
V3064ALPMIA	NOT REPORTABLE
V3064ALPMRAS	NOT REPORTABLE
V3064BCELFCH	NOT REPORTABLE
V3064BRDFDEM	NOT REPORTABLE
V3064BRPMBL	NOT REPORTABLE
V3064BRPMDC	NOT REPORTABLE
V3064BSMCPOS	NOT REPORTABLE
V3064BSMCSTR	NOT REPORTABLE
V3064BTELBT	NOT REPORTABLE
V3064BTELBTE	NOT REPORTABLE
V3064C4SWDRS	NOT REPORTABLE
V3064C5IFPMP	NOT REPORTABLE
V3064DCDFDCA	NOT REPORTABLE
V3064DIOTER	NOT REPORTABLE
V3064ERMCDSL	NOT REPORTABLE
V3064FLEL	NOT REPORTABLE
V3064GSDFDEM	NOT REPORTABLE
V3064GSDFIVS	NOT REPORTABLE
V3064GSELFLO	NOT REPORTABLE
V3064GSELPR	NOT REPORTABLE
V3064GSICCAI	NOT REPORTABLE
V3064GSPMAS	NOT REPORTABLE
V3064GSPMDAS	NOT REPORTABLE
V3064GSPMFSN	NOT REPORTABLE
V3064GSPMOSP	NOT REPORTABLE
V3064KPELDSN	NOT REPORTABLE
V3064LAIU	NOT REPORTABLE
V3064MEELDAT	NOT REPORTABLE
V3064OSELIVS	NOT REPORTABLE
V3064P1MSPKG	NOT REPORTABLE
V3064PZDFDSI	NOT REPORTABLE
V3064PZELPS	NOT REPORTABLE
V3064PZEPFP	NOT REPORTABLE
V3064PZEPFPO	NOT REPORTABLE
V3064V2CBFCB	NOT REPORTABLE
V3064V2MSPDQ	NOT REPORTABLE
V3064V2MSFOB	NOT REPORTABLE
V3064V2PMRST	NOT REPORTABLE
V3064V2SWDAT	NOT REPORTABLE
V3064V2TPBRN	REPORTABLE
V3064V2FSPST	NOT REPORTABLE
V3064V2FSSST	NOT REPORTABLE
V3064V2MCFCY	REPORTABLE
V3064V2MSDFC	NOT REPORTABLE
V3064V2MCNA	NOT REPORTABLE
V3064V2CNCMT	NOT REPORTABLE
V3064V2CNLIC	NOT REPORTABLE
V3064V2DF	NOT REPORTABLE
V3064V2DFDAT	NOT REPORTABLE
V3064V2DFDEM	NOT REPORTABLE
V3064V2FSFDS	NOT REPORTABLE
V3064V2FSEST	NOT REPORTABLE
V3064V2ELFLO	NOT REPORTABLE
V3064V2DFFM	NOT REPORTABLE
V3064V2DMMNM	NOT REPORTABLE
V3064VSPMFS	REPORTABLE
V3065ALDFDEM	NOT REPORTABLE
V3065ALPMAUD	NOT REPORTABLE
V3065ALPMAV	REPORTABLE
V3065ALPMCOA	NOT REPORTABLE
V3065ALPMIA	NOT REPORTABLE
V3065ALPMRAS	NOT REPORTABLE
V3065BCELFCH	NOT REPORTABLE
V3065BRDFDEM	NOT REPORTABLE
V3065BRPMBL	NOT REPORTABLE
V3065BRPMDC	NOT REPORTABLE
V3065BSMCPOS	NOT REPORTABLE
V3065BSMCSTR	NOT REPORTABLE
V3065BTELBT	NOT REPORTABLE
V3065C4SWDRS	NOT REPORTABLE
V3065C5IFPMP	NOT REPORTABLE
V3065DCDFDCA	NOT REPORTABLE
V3065DIOTER	NOT REPORTABLE
V3065ERMCDSL	NOT REPORTABLE
V3065FLEL	NOT REPORTABLE
V3065GSDFDEM	NOT REPORTABLE
V3065GSDFIVS	NOT REPORTABLE
V3065GSELFLO	NOT REPORTABLE
V3065GSELPR	NOT REPORTABLE
V3065GSICCAI	NOT REPORTABLE
V3065GSPMAS	NOT REPORTABLE
V3065GSPMDAS	NOT REPORTABLE
V3065GSPMFSN	NOT REPORTABLE
V3065GSPMOSP	NOT REPORTABLE
V3065KPELDSN	NOT REPORTABLE
V3065LAIU	NOT REPORTABLE
V3065MEELDAT	NOT REPORTABLE
V3065OSELIVS	NOT REPORTABLE
V3065P1MSPKG	NOT REPORTABLE
V3065PZDFDSI	NOT REPORTABLE
V3065PZELPS	NOT REPORTABLE
V3065PZEPFP	NOT REPORTABLE
V3065PZEPFPO	NOT REPORTABLE
V3065V2CBFCB	NOT REPORTABLE
V3065V2CNCMT	NOT REPORTABLE
V3065V2CNLIC	NOT REPORTABLE
V3065V2DF	NOT REPORTABLE
V3065V2DFDAT	NOT REPORTABLE
V3065V2DFDEM	NOT REPORTABLE
V3065V2DFFM	NOT REPORTABLE
V3065V2DMMNM	NOT REPORTABLE
V3065V2ELFLO	NOT REPORTABLE
V3065V2FSEST	NOT REPORTABLE
V3065V2FSFDS	NOT REPORTABLE
V3065V2FSPST	NOT REPORTABLE
V3065V2FSSST	NOT REPORTABLE
V3065V2MCFCY	REPORTABLE
V3065V2MCNA	NOT REPORTABLE
V3065V2MSDFC	NOT REPORTABLE
V3065V2MSFOB	NOT REPORTABLE
V3065V2MSPDQ	NOT REPORTABLE
V3065V2PMRST	NOT REPORTABLE
V3065V2SWDAT	NOT REPORTABLE
V3065V2TPBRN	REPORTABLE
V3065VSPMFS	REPORTABLE
V3066ALDFDEM	NOT REPORTABLE
V3066ALPMAUD	NOT REPORTABLE
V3066ALPMAV	REPORTABLE
V3066ALPMCOA	NOT REPORTABLE
V3066ALPMIA	NOT REPORTABLE
V3066ALPMRAS	NOT REPORTABLE
V3066BCELFCH	NOT REPORTABLE
V3066BRDFDEM	NOT REPORTABLE
V3066BRPMBL	NOT REPORTABLE
V3066BRPMDC	NOT REPORTABLE
V3066BSMCPOS	NOT REPORTABLE
V3066BSMCSTR	NOT REPORTABLE
V3066BTELBT	NOT REPORTABLE
V3066C4SWDRS	NOT REPORTABLE
V3066C5IFPMP	NOT REPORTABLE
V3066DCDFDCA	NOT REPORTABLE
V3066DIOTER	NOT REPORTABLE
V3066ERMCDSL	NOT REPORTABLE
V3066FLEL	NOT REPORTABLE
V3066GSDFDEM	NOT REPORTABLE
V3066GSDFIVS	NOT REPORTABLE
V3066GSELFLO	NOT REPORTABLE
V3066GSELPR	NOT REPORTABLE
V3066GSICCAI	NOT REPORTABLE
V3066GSPMAS	NOT REPORTABLE
V3066GSPMDAS	NOT REPORTABLE
V3066GSPMFSN	NOT REPORTABLE
V3066GSPMOSP	NOT REPORTABLE
V3066KPELDSN	NOT REPORTABLE
V3066LAIU	NOT REPORTABLE
V3066MEELDAT	NOT REPORTABLE
V3066OSELIVS	NOT REPORTABLE
V3066P1MSPKG	NOT REPORTABLE
V3066PZDFDSI	NOT REPORTABLE
V3066PZELPS	NOT REPORTABLE
V3066PZEPFP	NOT REPORTABLE
V3066PZEPFPO	NOT REPORTABLE
V3066SNELPXS	NOT REPORTABLE
V3066TNELIVS	NOT REPORTABLE
V3066V2CBFCB	NOT REPORTABLE
V3066V2CNCMT	NOT REPORTABLE
V3066V2CNLIC	NOT REPORTABLE
V3066V2DF	NOT REPORTABLE
V3066V2DFDAT	NOT REPORTABLE
V3066VSPMFS	REPORTABLE
V3066V2TPBRN	REPORTABLE
V3067ALDFDEM	NOT REPORTABLE
V3067ALPMAUD	NOT REPORTABLE
V3067ALPMAV	REPORTABLE
V3066V2MSDFC	NOT REPORTABLE
V3066V2MSFOB	NOT REPORTABLE
V3066V2MSPDQ	NOT REPORTABLE
V3066V2SWDAT	NOT REPORTABLE
V3066V2PMRST	NOT REPORTABLE
V3066V2DFDEM	NOT REPORTABLE
V3066V2DFFM	NOT REPORTABLE
V3066V2DMMNM	NOT REPORTABLE
V3066V2ELFLO	NOT REPORTABLE
V3066V2FSEST	NOT REPORTABLE
V3066V2MCNA	NOT REPORTABLE
V3066V2MCFCY	REPORTABLE
V3066V2FSSST	NOT REPORTABLE
V3066V2FSFDS	NOT REPORTABLE
V3066V2FSPST	NOT REPORTABLE
V3067ALPMCOA	NOT REPORTABLE
V3067ALPMIA	NOT REPORTABLE
V3067ALPMRAS	NOT REPORTABLE
V3067BCELFCH	NOT REPORTABLE
V3067BRDFDEM	NOT REPORTABLE
V3067BRPMBL	NOT REPORTABLE
V3067BRPMDC	NOT REPORTABLE
V3067BSMCPOS	NOT REPORTABLE
V3067BSMCSTR	NOT REPORTABLE
V3067BTELBT	NOT REPORTABLE
V3067C2ELIVS	NOT REPORTABLE
V3067C4SWDRS	NOT REPORTABLE
V3067C5IFPMP	NOT REPORTABLE
V3067DCDFDCA	NOT REPORTABLE
V3067DIOTER	NOT REPORTABLE
V3067ERMCDSL	NOT REPORTABLE
V3067FLEL	NOT REPORTABLE
V3067GSDFDEM	NOT REPORTABLE
V3067GSDFIVS	NOT REPORTABLE
V3067GSELFLO	NOT REPORTABLE
V3067GSELPR	NOT REPORTABLE
V3067GSICCAI	NOT REPORTABLE
V3067GSPMAS	NOT REPORTABLE
V3067GSPMDAS	NOT REPORTABLE
V3067GSPMFSN	NOT REPORTABLE
V3067GSPMOSP	NOT REPORTABLE
V3067HFO2T	NOT REPORTABLE
V3067KPELDSN	NOT REPORTABLE
V3067LAIU	NOT REPORTABLE
V3067MEELDAT	NOT REPORTABLE
V3067OSELIVS	NOT REPORTABLE
V3067P1MSPKG	NOT REPORTABLE
V3067PZDFDSI	NOT REPORTABLE
V3067PZELPS	NOT REPORTABLE
V3067PZEPFP	NOT REPORTABLE
V3067PZEPFPO	NOT REPORTABLE
V3067SNELPXS	NOT REPORTABLE
V3067TNELIVS	NOT REPORTABLE
V3067V2CBFCB	NOT REPORTABLE
V3067V2CNCMT	NOT REPORTABLE
V3067V2CNLIC	NOT REPORTABLE
V3067V2DF	NOT REPORTABLE
V3067V2DFDAT	NOT REPORTABLE
V3067V2DFDEM	NOT REPORTABLE
V3067V2DFFM	NOT REPORTABLE
V3067V2DFLPV	REPORTABLE
V3067V2DMMNM	NOT REPORTABLE
V3067V2ELFLO	NOT REPORTABLE
V3067V2FSEST	NOT REPORTABLE
V3067V2FSFDS	NOT REPORTABLE
V3067V2FSPST	NOT REPORTABLE
V3067V2FSSST	NOT REPORTABLE
V3067V2MCFCY	REPORTABLE
V3067V2MCNA	NOT REPORTABLE
V3067V2MSDFC	NOT REPORTABLE
V3067V2MSFOB	NOT REPORTABLE
V3067V2MSPDQ	NOT REPORTABLE
V3067V2PMRST	NOT REPORTABLE
V3067V2SWDAT	NOT REPORTABLE
V3067V2TPBRN	REPORTABLE
V3067VSPMFS	REPORTABLE
V3125ALDFDEM	NOT REPORTABLE
V3125ALPMAUD	NOT REPORTABLE
V3125ALPMAV	REPORTABLE
V3125ALPMCOA	NOT REPORTABLE
V3125ALPMIA	NOT REPORTABLE
V3125ALPMRAS	NOT REPORTABLE
V3125BCELFCH	NOT REPORTABLE
V3125BRDFDEM	NOT REPORTABLE
V3125BRPMBL	NOT REPORTABLE
V3125BRPMDC	NOT REPORTABLE
V3125BSMCPOS	NOT REPORTABLE
V3125BSMCSTR	NOT REPORTABLE
V3125BTELBT	NOT REPORTABLE
V3125BTELBTE	NOT REPORTABLE
V3125C2ELIVS	NOT REPORTABLE
V3125C4SWDRS	NOT REPORTABLE
V3125C5IFPMP	NOT REPORTABLE
V3125DCDFDCA	NOT REPORTABLE
V3125DIOTER	NOT REPORTABLE
V3125ERMCDSL	NOT REPORTABLE
V3125FLEL	NOT REPORTABLE
V3125GSDFDEM	NOT REPORTABLE
V3125GSDFIVS	NOT REPORTABLE
V3125GSELFLO	NOT REPORTABLE
V3125GSELPR	NOT REPORTABLE
V3125GSICCAI	NOT REPORTABLE
V3125GSPMAS	NOT REPORTABLE
V3125GSPMDAS	NOT REPORTABLE
V3125GSPMFSN	NOT REPORTABLE
V3125GSPMOSP	NOT REPORTABLE
V3125KPELDSN	NOT REPORTABLE
V3125LAIU	NOT REPORTABLE
V3125MEELDAT	NOT REPORTABLE
V3125OSELIVS	NOT REPORTABLE
V3125P1MSPKG	NOT REPORTABLE
V3125PZDFDSI	NOT REPORTABLE
V3125PZELPS	NOT REPORTABLE
V3125PZEPFP	NOT REPORTABLE
V3125PZEPFPO	NOT REPORTABLE
V3125SNELPXS	NOT REPORTABLE
V3125TNELIVS	NOT REPORTABLE
V3125V2CBFCB	NOT REPORTABLE
V3125V2CNCMT	NOT REPORTABLE
V3125V2CNLIC	NOT REPORTABLE
V3125V2DF	NOT REPORTABLE
V3125V2DFDAT	NOT REPORTABLE
V3125V2DFDEM	NOT REPORTABLE
V3125V2DFFM	NOT REPORTABLE
V3125V2DMMNM	NOT REPORTABLE
V3125V2ELFLO	NOT REPORTABLE
V3125V2FSEST	NOT REPORTABLE
V3125V2FSFDS	NOT REPORTABLE
V3125V2FSPST	NOT REPORTABLE
V3125V2FSSST	NOT REPORTABLE
V3125V2MCFCY	REPORTABLE
V3125V2MCNA	NOT REPORTABLE
V3125V2MSDFC	NOT REPORTABLE
V3125V2MSFOB	NOT REPORTABLE
V3125V2MSPDQ	NOT REPORTABLE
V3125V2PMRST	NOT REPORTABLE
V3125V2SWDAT	NOT REPORTABLE
V3125V2TPBRN	REPORTABLE
V3125VSPMFS	REPORTABLE
V3126ALDFDEM	NOT REPORTABLE
V3126ALPMAUD	REPORTABLE
V3126ALPMAV	REPORTABLE
V3126ALPMCOA	NOT REPORTABLE
V3126ALPMIA	NOT REPORTABLE
V3126ALPMRAS	NOT REPORTABLE
V3126BCELFCH	NOT REPORTABLE
V3126BRDFDEM	NOT REPORTABLE
V3126BRPMBL	NOT REPORTABLE
V3126BRPMDC	NOT REPORTABLE
V3126BSMCPOS	NOT REPORTABLE
V3126BSMCSTR	NOT REPORTABLE
V3126BTELBT	NOT REPORTABLE
V3126BTELBTE	NOT REPORTABLE
V3126C4SWDRS	NOT REPORTABLE
V3126DCDFDCA	NOT REPORTABLE
V3126DCMCDCA	NOT REPORTABLE
V3126DIOTER	NOT REPORTABLE
V3126ERMCDSL	NOT REPORTABLE
V3126FLEL	NOT REPORTABLE
V3126GSDFDEM	NOT REPORTABLE
V3126GSDFIVS	NOT REPORTABLE
V3126GSELFLO	NOT REPORTABLE
V3126GSELPR	NOT REPORTABLE
V3126GSICCAI	NOT REPORTABLE
V3126GSMCAS	NOT REPORTABLE
V3126GSMCDCA	NOT REPORTABLE
V3126GSPMFSN	NOT REPORTABLE
V3126GSPMOSP	NOT REPORTABLE
V3126KPELDSN	NOT REPORTABLE
V3126LAIU	NOT REPORTABLE
V3126MEELDAT	NOT REPORTABLE
V3126OSELIVS	NOT REPORTABLE
V3126P1MSPKG	NOT REPORTABLE
V3126PZDFDSI	NOT REPORTABLE
V3126PZELPS	NOT REPORTABLE
V3126PZEPFP	NOT REPORTABLE
V3126PZEPFPO	NOT REPORTABLE
V3126SNELPXS	NOT REPORTABLE
V3126TNELIVS	NOT REPORTABLE
V3126V1MCDCA	NOT REPORTABLE
V3126V2CBFCB	NOT REPORTABLE
V3126V2CNCMT	NOT REPORTABLE
V3126V2CNLIC	NOT REPORTABLE
V3126V2DF	NOT REPORTABLE
V3126V2DFDAT	NOT REPORTABLE
V3126V2DFDEM	NOT REPORTABLE
V3126V2DFFM	NOT REPORTABLE
V3126V2DMMNM	NOT REPORTABLE
V3126V2ELFLO	NOT REPORTABLE
V3126V2FSFDS	NOT REPORTABLE
V3126V2FSPST	NOT REPORTABLE
V3126V2MCFCY	REPORTABLE
V3126V2MCNA	NOT REPORTABLE
V3126V2MSDFC	NOT REPORTABLE
V3126V2MSFOB	NOT REPORTABLE
V3126V2MSPDQ	NOT REPORTABLE
V3126V2PMRST	NOT REPORTABLE
V3126V2SWDAT	NOT REPORTABLE
V3126V2TPBRN	REPORTABLE
V3126VSPMFS	REPORTABLE
VITS58	NOT REPORTABLE
VITS64	NOT REPORTABLE
VITS81	NOT REPORTABLE
VITS80	NOT REPORTABLE
VITS82	NOT REPORTABLE
VITS85	NOT REPORTABLE
VITSBTCH	REPORTABLE
VITS75	NOT REPORTABLE
VITS76	NOT REPORTABLE
VITS77	NOT REPORTABLE
VITS79	NOT REPORTABLE
VITS78	NOT REPORTABLE
VITS65	NOT REPORTABLE
VITS66	NOT REPORTABLE
VITS67	NOT REPORTABLE
VITS68	NOT REPORTABLE
VITS69	NOT REPORTABLE
VITS74	NOT REPORTABLE
VITS73	NOT REPORTABLE
VITS72	NOT REPORTABLE
VITS70	NOT REPORTABLE
VITS71	NOT REPORTABLE
VITSDCDDC	NOT REPORTABLE
VITSDCECUNK	NOT REPORTABLE
VITSDCIIHP	NOT REPORTABLE
VITSDIDSI	NOT REPORTABLE
VITSDIOT	NOT REPORTABLE
VITSDURP	REPORTABLE
VITSGN45	NOT REPORTABLE
VITSMOOT	NOT REPORTABLE
VITSOM45	NOT REPORTABLE
VITSPWEL	NOT REPORTABLE
VITSS4CDAT	REPORTABLE
VITSS4DAT	NOT REPORTABLE
VITSS4HD	NOT REPORTABLE
VITSS4INF	NOT REPORTABLE
VITSS4IUI	NOT REPORTABLE
VITSS4LD	NOT REPORTABLE
VITSS4MF	NOT REPORTABLE
VITSSK33	NOT REPORTABLE
VMHALQUA	NOT REPORTABLE
VMHBATTIS	NOT REPORTABLE
VMHCOF	NOT REPORTABLE
VMHCOMM	NOT REPORTABLE
VMHCOND	NOT REPORTABLE
VMHCTFDBK	NOT REPORTABLE
VMHDIM	NOT REPORTABLE
VMHDRDM	NOT REPORTABLE
VMHDTIS	NOT REPORTABLE
VMHENCHS	NOT REPORTABLE
VMHERRMSG	NOT REPORTABLE
VMHFAAL	NOT REPORTABLE
VMHFACC	NOT REPORTABLE
VMHFALQUA	NOT REPORTABLE
VMHFCOF	NOT REPORTABLE
VMHFCOSD	NOT REPORTABLE
VMHFCTFDBK	NOT REPORTABLE
VMHFDRDM	NOT REPORTABLE
VMHFDTIS	NOT REPORTABLE
VMHFENCHS	NOT REPORTABLE
VMHFFAAL	NOT REPORTABLE
VMHFFLO	NOT REPORTABLE
VMHFFOOB	NOT REPORTABLE
VMHFFORMT	NOT REPORTABLE
VMHFFTDISP	NOT REPORTABLE
VMHFHOT	NOT REPORTABLE
VMHFHUMI	NOT REPORTABLE
VMHFIESH	NOT REPORTABLE
VMHFINT	NOT REPORTABLE
VMHFKPDF	NOT REPORTABLE
VMHFLABINC	NOT REPORTABLE
VMHFLEA	NOT REPORTABLE
VMHFLOOHW	NOT REPORTABLE
VMHFNOAL	NOT REPORTABLE
VMHFNOIS	NOT REPORTABLE
VMHFOOB	NOT REPORTABLE
VMHFOXCON	NOT REPORTABLE
VMHFPCKDM	NOT REPORTABLE
VMHFPOWIS	NOT REPORTABLE
VMHFPRSS	NOT REPORTABLE
VMHFPWRFAL	NOT REPORTABLE
VMHFSMBR	NOT REPORTABLE
VMHFSWER	NOT REPORTABLE
VMHFTDISP	NOT REPORTABLE
VMHFTEMP	NOT REPORTABLE
VMHHOT	NOT REPORTABLE
VMHHTPLI	NOT REPORTABLE
VMHHUMI	NOT REPORTABLE
VMHIMDS	NOT REPORTABLE
VMHKPDF	NOT REPORTABLE
VMHLABEL	NOT REPORTABLE
VMHLAINC	NOT REPORTABLE
VMHLEA	NOT REPORTABLE
VMHLOOHW	NOT REPORTABLE
VMHNOAL	NOT REPORTABLE
VMHNOIS	NOT REPORTABLE
VMHPCKDM	NOT REPORTABLE
VMHPOWIS	NOT REPORTABLE
VMHPWRFAL	NOT REPORTABLE
VMHSHISH	NOT REPORTABLE
VMHSMBR	NOT REPORTABLE
VMHSWER	NOT REPORTABLE
VMHUTS	NOT REPORTABLE
VNOGAS	NOT REPORTABLE
VSTDEG	NOT REPORTABLE
VV2CB1	NOT REPORTABLE
VV2CB10	REPORTABLE
VV2CB11	NOT REPORTABLE
VV2CB2	NOT REPORTABLE
VV2CB3	NOT REPORTABLE
VV2CB4	NOT REPORTABLE
VV2CB5	NOT REPORTABLE
VV2CB6	NOT REPORTABLE
VV2CB7	NOT REPORTABLE
VV2CB8	NOT REPORTABLE
VV2CB9	REPORTABLE
VV2NTSPEC	NOT REPORTABLE
WHLGEN	NOT REPORTABLE
WINROT	NOT REPORTABLE
WNGNBK	NOT REPORTABLE
WRGANG	REPORTABLE
WRGENR	REPORTABLE
WRGPDKT	NOT REPORTABLE
WRGPRD	NOT REPORTABLE
WRSTAR	REPORTABLE
ZSLDPP	REPORTABLE
